2024-04-16 20:04:53,798 - INFO - getting data for 50
2024-04-16 20:05:39,185 - INFO - anio_desde historico = 2016
2024-04-16 20:05:40,270 - INFO - anio_hasta historico = 2022
2024-04-16 20:05:41,335 - INFO - finishing geting data 2016 2022 and indice 1480
2024-04-16 20:05:42,950 - INFO -  years for fore cast    aniodesde  aniohasta
0       2024       2024
2024-04-16 20:05:53,975 - INFO - geting total obs
2024-04-16 20:05:53,985 - INFO - estimating seasonal order using cannova-hansen test
2024-04-16 20:05:53,986 - INFO - estimating arima no season 
2024-04-16 20:09:12,866 - INFO - getting data for 50
2024-04-16 20:09:19,763 - INFO - anio_desde historico = 2016
2024-04-16 20:09:19,763 - INFO - anio_hasta historico = 2022
2024-04-16 20:09:19,786 - INFO - finishing geting data 2016 2022 and indice 1480
2024-04-16 20:09:19,815 - INFO -  years for fore cast    aniodesde  aniohasta
0       2024       2024
2024-04-16 20:10:31,245 - INFO - getting data for 50
2024-04-16 20:10:31,276 - INFO - anio_desde historico = 2016
2024-04-16 20:10:31,277 - INFO - anio_hasta historico = 2022
2024-04-17 19:41:12,068 - INFO - getting data for 50
2024-04-17 19:41:12,142 - INFO - anio_desde historico = 2016
2024-04-17 19:41:12,142 - INFO - anio_hasta historico = 2022
2024-04-17 19:41:12,165 - INFO - finishing geting data 2016 2022 and indice 1480
2024-04-17 19:41:12,188 - INFO -  years for fore cast    aniodesde  aniohasta
0       2024       2024
2024-04-17 19:41:12,207 - INFO - geting total obs
2024-04-17 19:41:12,412 - INFO - estimating seasonal order using cannova-hansen test
2024-04-17 19:41:12,412 - INFO - estimating arima no season 
2024-04-17 19:41:18,406 - INFO - seasonal model was selected with aic819.8375818288146
2024-04-17 19:41:18,420 - INFO - updating with 
    update confarimaresultado set confarimaar=1,
    confarimai= 0, confarimama= 0
    where  confarimacabezalid= 50 and
    confarimaindice= 1480
     for 50
2024-04-17 19:41:18,436 - INFO - updated specs 50
2024-04-17 19:41:18,436 - INFO -  update query 
    update confarimaresultado set confarimaar=1,
    confarimai= 0, confarimama= 0
    where  confarimacabezalid= 50 and
    confarimaindice= 1480
    
2024-04-17 19:41:18,436 - INFO - finish load model info for 50
2024-04-17 19:41:18,437 - INFO - updating with  
        update confarimamodeloaplicado
        set procesado=TRUE,
        confarimamodeloaplicadoporc=92.435
        where confarimacabezalid=50 and
        confarimamodeloaplicadoindice= 1480
        and confarimamodeloaplicadoanio = 2024 and confarimamodeloaplicadomes = 1

     for 50
2024-04-17 19:41:18,450 - INFO - updated update_forecast 50
2024-04-17 19:41:18,450 - INFO -  update query  
        update confarimamodeloaplicado
        set procesado=TRUE,
        confarimamodeloaplicadoporc=92.435
        where confarimacabezalid=50 and
        confarimamodeloaplicadoindice= 1480
        and confarimamodeloaplicadoanio = 2024 and confarimamodeloaplicadomes = 1

    
2024-04-17 19:41:18,450 - INFO - updating with  
        update confarimamodeloaplicado
        set procesado=TRUE,
        confarimamodeloaplicadoporc=87.429
        where confarimacabezalid=50 and
        confarimamodeloaplicadoindice= 1480
        and confarimamodeloaplicadoanio = 2024 and confarimamodeloaplicadomes = 2

     for 50
2024-04-17 19:41:18,452 - INFO - updated update_forecast 50
2024-04-17 19:41:18,452 - INFO -  update query  
        update confarimamodeloaplicado
        set procesado=TRUE,
        confarimamodeloaplicadoporc=87.429
        where confarimacabezalid=50 and
        confarimamodeloaplicadoindice= 1480
        and confarimamodeloaplicadoanio = 2024 and confarimamodeloaplicadomes = 2

    
2024-04-17 19:41:18,452 - INFO - updating with  
        update confarimamodeloaplicado
        set procesado=TRUE,
        confarimamodeloaplicadoporc=84.116
        where confarimacabezalid=50 and
        confarimamodeloaplicadoindice= 1480
        and confarimamodeloaplicadoanio = 2024 and confarimamodeloaplicadomes = 3

     for 50
2024-04-17 19:41:18,454 - INFO - updated update_forecast 50
2024-04-17 19:41:18,455 - INFO -  update query  
        update confarimamodeloaplicado
        set procesado=TRUE,
        confarimamodeloaplicadoporc=84.116
        where confarimacabezalid=50 and
        confarimamodeloaplicadoindice= 1480
        and confarimamodeloaplicadoanio = 2024 and confarimamodeloaplicadomes = 3

    
2024-04-17 19:41:18,455 - INFO - updating with  
        update confarimamodeloaplicado
        set procesado=TRUE,
        confarimamodeloaplicadoporc=81.924
        where confarimacabezalid=50 and
        confarimamodeloaplicadoindice= 1480
        and confarimamodeloaplicadoanio = 2024 and confarimamodeloaplicadomes = 4

     for 50
2024-04-17 19:41:18,456 - INFO - updated update_forecast 50
2024-04-17 19:41:18,456 - INFO -  update query  
        update confarimamodeloaplicado
        set procesado=TRUE,
        confarimamodeloaplicadoporc=81.924
        where confarimacabezalid=50 and
        confarimamodeloaplicadoindice= 1480
        and confarimamodeloaplicadoanio = 2024 and confarimamodeloaplicadomes = 4

    
2024-04-17 19:41:18,457 - INFO - updating with  
        update confarimamodeloaplicado
        set procesado=TRUE,
        confarimamodeloaplicadoporc=80.474
        where confarimacabezalid=50 and
        confarimamodeloaplicadoindice= 1480
        and confarimamodeloaplicadoanio = 2024 and confarimamodeloaplicadomes = 5

     for 50
2024-04-17 19:41:18,457 - INFO - updated update_forecast 50
2024-04-17 19:41:18,459 - INFO -  update query  
        update confarimamodeloaplicado
        set procesado=TRUE,
        confarimamodeloaplicadoporc=80.474
        where confarimacabezalid=50 and
        confarimamodeloaplicadoindice= 1480
        and confarimamodeloaplicadoanio = 2024 and confarimamodeloaplicadomes = 5

    
2024-04-17 19:41:18,459 - INFO - updating with  
        update confarimamodeloaplicado
        set procesado=TRUE,
        confarimamodeloaplicadoporc=79.514
        where confarimacabezalid=50 and
        confarimamodeloaplicadoindice= 1480
        and confarimamodeloaplicadoanio = 2024 and confarimamodeloaplicadomes = 6

     for 50
2024-04-17 19:41:18,461 - INFO - updated update_forecast 50
2024-04-17 19:41:18,461 - INFO -  update query  
        update confarimamodeloaplicado
        set procesado=TRUE,
        confarimamodeloaplicadoporc=79.514
        where confarimacabezalid=50 and
        confarimamodeloaplicadoindice= 1480
        and confarimamodeloaplicadoanio = 2024 and confarimamodeloaplicadomes = 6

    
2024-04-17 19:41:18,462 - INFO - updating with  
        update confarimamodeloaplicado
        set procesado=TRUE,
        confarimamodeloaplicadoporc=78.879
        where confarimacabezalid=50 and
        confarimamodeloaplicadoindice= 1480
        and confarimamodeloaplicadoanio = 2024 and confarimamodeloaplicadomes = 7

     for 50
2024-04-17 19:41:18,463 - INFO - updated update_forecast 50
2024-04-17 19:41:18,464 - INFO -  update query  
        update confarimamodeloaplicado
        set procesado=TRUE,
        confarimamodeloaplicadoporc=78.879
        where confarimacabezalid=50 and
        confarimamodeloaplicadoindice= 1480
        and confarimamodeloaplicadoanio = 2024 and confarimamodeloaplicadomes = 7

    
2024-04-17 19:41:18,464 - INFO - updating with  
        update confarimamodeloaplicado
        set procesado=TRUE,
        confarimamodeloaplicadoporc=78.459
        where confarimacabezalid=50 and
        confarimamodeloaplicadoindice= 1480
        and confarimamodeloaplicadoanio = 2024 and confarimamodeloaplicadomes = 8

     for 50
2024-04-17 19:41:18,466 - INFO - updated update_forecast 50
2024-04-17 19:41:18,466 - INFO -  update query  
        update confarimamodeloaplicado
        set procesado=TRUE,
        confarimamodeloaplicadoporc=78.459
        where confarimacabezalid=50 and
        confarimamodeloaplicadoindice= 1480
        and confarimamodeloaplicadoanio = 2024 and confarimamodeloaplicadomes = 8

    
2024-04-17 19:41:18,466 - INFO - updating with  
        update confarimamodeloaplicado
        set procesado=TRUE,
        confarimamodeloaplicadoporc=78.181
        where confarimacabezalid=50 and
        confarimamodeloaplicadoindice= 1480
        and confarimamodeloaplicadoanio = 2024 and confarimamodeloaplicadomes = 9

     for 50
2024-04-17 19:41:18,468 - INFO - updated update_forecast 50
2024-04-17 19:41:18,468 - INFO -  update query  
        update confarimamodeloaplicado
        set procesado=TRUE,
        confarimamodeloaplicadoporc=78.181
        where confarimacabezalid=50 and
        confarimamodeloaplicadoindice= 1480
        and confarimamodeloaplicadoanio = 2024 and confarimamodeloaplicadomes = 9

    
2024-04-17 19:41:18,468 - INFO - updating with  
        update confarimamodeloaplicado
        set procesado=TRUE,
        confarimamodeloaplicadoporc=77.997
        where confarimacabezalid=50 and
        confarimamodeloaplicadoindice= 1480
        and confarimamodeloaplicadoanio = 2024 and confarimamodeloaplicadomes = 10

     for 50
2024-04-17 19:41:18,470 - INFO - updated update_forecast 50
2024-04-17 19:41:18,470 - INFO -  update query  
        update confarimamodeloaplicado
        set procesado=TRUE,
        confarimamodeloaplicadoporc=77.997
        where confarimacabezalid=50 and
        confarimamodeloaplicadoindice= 1480
        and confarimamodeloaplicadoanio = 2024 and confarimamodeloaplicadomes = 10

    
2024-04-17 19:41:18,470 - INFO - updating with  
        update confarimamodeloaplicado
        set procesado=TRUE,
        confarimamodeloaplicadoporc=77.875
        where confarimacabezalid=50 and
        confarimamodeloaplicadoindice= 1480
        and confarimamodeloaplicadoanio = 2024 and confarimamodeloaplicadomes = 11

     for 50
2024-04-17 19:41:18,471 - INFO - updated update_forecast 50
2024-04-17 19:41:18,471 - INFO -  update query  
        update confarimamodeloaplicado
        set procesado=TRUE,
        confarimamodeloaplicadoporc=77.875
        where confarimacabezalid=50 and
        confarimamodeloaplicadoindice= 1480
        and confarimamodeloaplicadoanio = 2024 and confarimamodeloaplicadomes = 11

    
2024-04-17 19:41:18,472 - INFO - updating with  
        update confarimamodeloaplicado
        set procesado=TRUE,
        confarimamodeloaplicadoporc=77.794
        where confarimacabezalid=50 and
        confarimamodeloaplicadoindice= 1480
        and confarimamodeloaplicadoanio = 2024 and confarimamodeloaplicadomes = 12

     for 50
2024-04-17 19:41:18,473 - INFO - updated update_forecast 50
2024-04-17 19:41:18,473 - INFO -  update query  
        update confarimamodeloaplicado
        set procesado=TRUE,
        confarimamodeloaplicadoporc=77.794
        where confarimacabezalid=50 and
        confarimamodeloaplicadoindice= 1480
        and confarimamodeloaplicadoanio = 2024 and confarimamodeloaplicadomes = 12

    
2024-04-17 19:41:18,473 - INFO - updating with  
        update confarimamodeloaplicado
        set procesado=TRUE,
        confarimamodeloaplicadoporc=77.741
        where confarimacabezalid=50 and
        confarimamodeloaplicadoindice= 1480
        and confarimamodeloaplicadoanio = 2024 and confarimamodeloaplicadomes = 13

     for 50
2024-04-17 19:41:18,474 - INFO - updated update_forecast 50
2024-04-17 19:41:18,475 - INFO -  update query  
        update confarimamodeloaplicado
        set procesado=TRUE,
        confarimamodeloaplicadoporc=77.741
        where confarimacabezalid=50 and
        confarimamodeloaplicadoindice= 1480
        and confarimamodeloaplicadoanio = 2024 and confarimamodeloaplicadomes = 13

    
2024-04-17 19:41:18,475 - INFO - updating with  
        update confarimamodeloaplicado
        set procesado=TRUE,
        confarimamodeloaplicadoporc=77.706
        where confarimacabezalid=50 and
        confarimamodeloaplicadoindice= 1480
        and confarimamodeloaplicadoanio = 2024 and confarimamodeloaplicadomes = 14

     for 50
2024-04-17 19:41:18,476 - INFO - updated update_forecast 50
2024-04-17 19:41:18,476 - INFO -  update query  
        update confarimamodeloaplicado
        set procesado=TRUE,
        confarimamodeloaplicadoporc=77.706
        where confarimacabezalid=50 and
        confarimamodeloaplicadoindice= 1480
        and confarimamodeloaplicadoanio = 2024 and confarimamodeloaplicadomes = 14

    
2024-04-17 19:41:18,477 - INFO - updating with  
        update confarimamodeloaplicado
        set procesado=TRUE,
        confarimamodeloaplicadoporc=77.682
        where confarimacabezalid=50 and
        confarimamodeloaplicadoindice= 1480
        and confarimamodeloaplicadoanio = 2024 and confarimamodeloaplicadomes = 15

     for 50
2024-04-17 19:41:18,478 - INFO - updated update_forecast 50
2024-04-17 19:41:18,479 - INFO -  update query  
        update confarimamodeloaplicado
        set procesado=TRUE,
        confarimamodeloaplicadoporc=77.682
        where confarimacabezalid=50 and
        confarimamodeloaplicadoindice= 1480
        and confarimamodeloaplicadoanio = 2024 and confarimamodeloaplicadomes = 15

    
2024-04-17 19:41:18,479 - INFO - updating with  
        update confarimamodeloaplicado
        set procesado=TRUE,
        confarimamodeloaplicadoporc=77.667
        where confarimacabezalid=50 and
        confarimamodeloaplicadoindice= 1480
        and confarimamodeloaplicadoanio = 2024 and confarimamodeloaplicadomes = 16

     for 50
2024-04-17 19:41:18,480 - INFO - updated update_forecast 50
2024-04-17 19:41:18,480 - INFO -  update query  
        update confarimamodeloaplicado
        set procesado=TRUE,
        confarimamodeloaplicadoporc=77.667
        where confarimacabezalid=50 and
        confarimamodeloaplicadoindice= 1480
        and confarimamodeloaplicadoanio = 2024 and confarimamodeloaplicadomes = 16

    
2024-04-17 19:41:18,481 - INFO - updating with  
        update confarimamodeloaplicado
        set procesado=TRUE,
        confarimamodeloaplicadoporc=77.657
        where confarimacabezalid=50 and
        confarimamodeloaplicadoindice= 1480
        and confarimamodeloaplicadoanio = 2024 and confarimamodeloaplicadomes = 17

     for 50
2024-04-17 19:41:18,482 - INFO - updated update_forecast 50
2024-04-17 19:41:18,482 - INFO -  update query  
        update confarimamodeloaplicado
        set procesado=TRUE,
        confarimamodeloaplicadoporc=77.657
        where confarimacabezalid=50 and
        confarimamodeloaplicadoindice= 1480
        and confarimamodeloaplicadoanio = 2024 and confarimamodeloaplicadomes = 17

    
2024-04-17 19:41:18,482 - INFO - updating with  
        update confarimamodeloaplicado
        set procesado=TRUE,
        confarimamodeloaplicadoporc=77.65
        where confarimacabezalid=50 and
        confarimamodeloaplicadoindice= 1480
        and confarimamodeloaplicadoanio = 2024 and confarimamodeloaplicadomes = 18

     for 50
2024-04-17 19:41:18,484 - INFO - updated update_forecast 50
2024-04-17 19:41:18,484 - INFO -  update query  
        update confarimamodeloaplicado
        set procesado=TRUE,
        confarimamodeloaplicadoporc=77.65
        where confarimacabezalid=50 and
        confarimamodeloaplicadoindice= 1480
        and confarimamodeloaplicadoanio = 2024 and confarimamodeloaplicadomes = 18

    
2024-04-17 23:07:32,604 - INFO - getting data for 50
2024-04-17 23:07:32,647 - INFO - anio_desde historico = 2016
2024-04-17 23:07:32,647 - INFO - anio_hasta historico = 2022
2024-04-17 23:07:32,658 - INFO - finishing geting data 2016 2022 and indice 1480
2024-04-17 23:07:32,667 - INFO -  years for fore cast    aniodesde  aniohasta
0       2024       2024
2024-04-17 23:07:32,675 - INFO - geting total obs
2024-04-17 23:07:32,797 - INFO - estimating seasonal order using cannova-hansen test
2024-04-17 23:07:32,797 - INFO - estimating arima no season 
2024-04-17 23:09:47,391 - INFO - getting data for 50
2024-04-17 23:09:47,419 - INFO - anio_desde historico = 2016
2024-04-17 23:09:47,419 - INFO - anio_hasta historico = 2022
2024-04-17 23:10:46,344 - INFO - finishing geting data 2016 2022 and indice 1480
2024-04-17 23:10:46,365 - INFO -  years for fore cast    aniodesde  aniohasta
0       2024       2024
2024-04-17 23:12:43,006 - INFO - getting data for 50
2024-04-17 23:12:43,035 - INFO - anio_desde historico = 2016
2024-04-17 23:12:43,036 - INFO - anio_hasta historico = 2022
2024-04-17 23:12:43,047 - INFO - finishing geting data 2016 2022 and indice 1480
2024-04-17 23:12:43,067 - INFO -  years for fore cast    aniodesde  aniohasta
0       2024       2024
2024-04-17 23:19:46,984 - INFO - getting data for 50
2024-04-17 23:19:47,010 - INFO - anio_desde historico = 2016
2024-04-17 23:19:47,011 - INFO - anio_hasta historico = 2022
2024-04-17 23:19:47,021 - INFO - finishing geting data 2016 2022 and indice 1480
2024-04-17 23:19:47,042 - INFO -  years for fore cast    aniodesde  aniohasta
0       2024       2024
2024-04-17 23:20:41,811 - INFO - getting data for 50
2024-04-17 23:20:41,836 - INFO - anio_desde historico = 2016
2024-04-17 23:20:41,836 - INFO - anio_hasta historico = 2022
2024-04-17 23:20:41,846 - INFO - finishing geting data 2016 2022 and indice 1480
2024-04-17 23:20:41,866 - INFO -  years for fore cast    aniodesde  aniohasta
0       2024       2024
2024-04-17 23:21:41,653 - INFO - getting data for 50
2024-04-17 23:21:41,681 - INFO - anio_desde historico = 2016
2024-04-17 23:21:41,681 - INFO - anio_hasta historico = 2022
2024-04-17 23:21:41,693 - INFO - finishing geting data 2016 2022 and indice 1480
2024-04-17 23:21:41,714 - INFO -  years for fore cast    aniodesde  aniohasta
0       2024       2024
2024-04-17 23:23:08,725 - INFO - getting data for 50
2024-04-17 23:23:08,751 - INFO - anio_desde historico = 2016
2024-04-17 23:23:08,752 - INFO - anio_hasta historico = 2022
2024-04-17 23:23:08,762 - INFO - finishing geting data 2016 2022 and indice 1480
2024-04-17 23:23:08,782 - INFO -  years for fore cast    aniodesde  aniohasta
0       2024       2024
2024-04-17 23:24:29,158 - INFO - getting data for 50
2024-04-17 23:24:29,187 - INFO - anio_desde historico = 2016
2024-04-17 23:24:29,187 - INFO - anio_hasta historico = 2022
2024-04-17 23:24:29,199 - INFO - finishing geting data 2016 2022 and indice 1480
2024-04-17 23:24:29,222 - INFO -  years for fore cast    aniodesde  aniohasta
0       2024       2024
2024-04-17 23:28:09,786 - INFO - getting data for 50
2024-04-17 23:28:09,813 - INFO - anio_desde historico = 2016
2024-04-17 23:28:09,813 - INFO - anio_hasta historico = 2022
2024-04-17 23:28:09,823 - INFO - finishing geting data 2016 2022 and indice 1480
2024-04-17 23:28:09,844 - INFO -  years for fore cast    aniodesde  aniohasta
0       2024       2024
2024-04-17 23:30:02,847 - INFO - getting data for 50
2024-04-17 23:30:02,873 - INFO - anio_desde historico = 2016
2024-04-17 23:30:02,874 - INFO - anio_hasta historico = 2022
2024-04-17 23:30:02,885 - INFO - finishing geting data 2016 2022 and indice 1480
2024-04-17 23:30:02,904 - INFO -  years for fore cast    aniodesde  aniohasta
0       2024       2024
2024-04-17 23:31:37,151 - INFO - getting data for 50
2024-04-17 23:31:37,177 - INFO - anio_desde historico = 2016
2024-04-17 23:31:37,178 - INFO - anio_hasta historico = 2022
2024-04-17 23:31:37,188 - INFO - finishing geting data 2016 2022 and indice 1480
2024-04-17 23:31:37,209 - INFO -  years for fore cast    aniodesde  aniohasta
0       2024       2024
2024-04-17 23:32:28,314 - INFO - getting data for 50
2024-04-17 23:32:28,340 - INFO - anio_desde historico = 2016
2024-04-17 23:32:28,340 - INFO - anio_hasta historico = 2022
2024-04-17 23:32:28,351 - INFO - finishing geting data 2016 2022 and indice 1480
2024-04-17 23:32:28,371 - INFO -  years for fore cast    aniodesde  aniohasta
0       2024       2024
2024-04-17 23:33:47,182 - INFO - getting data for 50
2024-04-17 23:33:47,210 - INFO - anio_desde historico = 2016
2024-04-17 23:33:47,210 - INFO - anio_hasta historico = 2022
2024-04-17 23:33:47,221 - INFO - finishing geting data 2016 2022 and indice 1480
2024-04-17 23:33:47,243 - INFO -  years for fore cast    aniodesde  aniohasta
0       2024       2024
2024-04-17 23:34:51,990 - INFO - getting data for 50
2024-04-17 23:34:52,018 - INFO - anio_desde historico = 2016
2024-04-17 23:34:52,018 - INFO - anio_hasta historico = 2022
2024-04-17 23:34:52,028 - INFO - finishing geting data 2016 2022 and indice 1480
2024-04-17 23:34:52,049 - INFO -  years for fore cast    aniodesde  aniohasta
0       2024       2024
2024-04-17 23:36:00,275 - INFO - getting data for 50
2024-04-17 23:36:00,303 - INFO - anio_desde historico = 2016
2024-04-17 23:36:00,303 - INFO - anio_hasta historico = 2022
2024-04-17 23:36:00,314 - INFO - finishing geting data 2016 2022 and indice 1480
2024-04-17 23:36:00,336 - INFO -  years for fore cast    aniodesde  aniohasta
0       2024       2024
2024-04-17 23:36:46,848 - INFO - getting data for 50
2024-04-17 23:36:46,874 - INFO - anio_desde historico = 2016
2024-04-17 23:36:46,874 - INFO - anio_hasta historico = 2022
2024-04-17 23:36:46,884 - INFO - finishing geting data 2016 2022 and indice 1480
2024-04-17 23:36:46,907 - INFO -  years for fore cast    aniodesde  aniohasta
0       2024       2024
2024-04-17 23:37:42,602 - INFO - getting data for 50
2024-04-17 23:37:42,629 - INFO - anio_desde historico = 2016
2024-04-17 23:37:42,629 - INFO - anio_hasta historico = 2022
2024-04-17 23:37:42,640 - INFO - finishing geting data 2016 2022 and indice 1480
2024-04-17 23:37:42,660 - INFO -  years for fore cast    aniodesde  aniohasta
0       2024       2024
2024-04-17 23:39:01,689 - INFO - geting total obs
2024-04-17 23:39:03,738 - INFO - estimating seasonal order using cannova-hansen test
2024-04-17 23:39:04,420 - INFO - estimating arima no season 
2024-04-17 23:39:44,305 - INFO - getting data for 50
2024-04-17 23:39:44,331 - INFO - anio_desde historico = 2016
2024-04-17 23:39:44,332 - INFO - anio_hasta historico = 2022
2024-04-17 23:39:44,343 - INFO - finishing geting data 2016 2022 and indice 1480
2024-04-17 23:39:44,364 - INFO -  years for fore cast    aniodesde  aniohasta
0       2024       2024
2024-04-17 23:39:47,718 - INFO - geting total obs
2024-04-17 23:39:47,758 - INFO - estimating seasonal order using cannova-hansen test
2024-04-17 23:39:47,759 - INFO - estimating arima no season 
2024-04-17 23:39:50,500 - INFO - seasonal model was selected with aic668.5935191410126
2024-04-17 23:40:54,500 - INFO - getting data for 50
2024-04-17 23:40:54,532 - INFO - anio_desde historico = 2016
2024-04-17 23:40:54,533 - INFO - anio_hasta historico = 2022
2024-04-17 23:40:54,546 - INFO - finishing geting data 2016 2022 and indice 1480
2024-04-17 23:40:54,569 - INFO -  years for fore cast    aniodesde  aniohasta
0       2024       2024
2024-04-17 23:40:59,296 - INFO - geting total obs
2024-04-17 23:40:59,335 - INFO - estimating seasonal order using cannova-hansen test
2024-04-17 23:40:59,335 - INFO - estimating arima no season 
2024-04-17 23:41:01,988 - INFO - seasonal model was selected with aic668.5935191410126
2024-04-18 00:07:46,847 - INFO - getting data for 50
2024-04-18 00:07:46,873 - INFO - anio_desde historico = 2016
2024-04-18 00:07:46,873 - INFO - anio_hasta historico = 2022
2024-04-18 00:07:46,882 - INFO - finishing geting data 2016 2022 and indice 1480
2024-04-18 00:07:46,899 - INFO -  years for fore cast    aniodesde  aniohasta
0       2024       2024
2024-04-18 00:07:55,430 - INFO - geting total obs
2024-04-18 00:07:55,467 - INFO - estimating seasonal order using cannova-hansen test
2024-04-18 00:07:55,467 - INFO - estimating arima no season 
2024-04-18 00:07:57,984 - INFO - seasonal model was selected with aic668.5935191410126
2024-04-18 00:08:40,860 - INFO - getting data for 50
2024-04-18 00:08:40,885 - INFO - anio_desde historico = 2016
2024-04-18 00:08:40,885 - INFO - anio_hasta historico = 2022
2024-04-18 00:08:40,895 - INFO - finishing geting data 2016 2022 and indice 1480
2024-04-18 00:08:40,915 - INFO -  years for fore cast    aniodesde  aniohasta
0       2024       2024
2024-04-18 00:08:45,585 - INFO - geting total obs
2024-04-18 00:08:45,622 - INFO - estimating seasonal order using cannova-hansen test
2024-04-18 00:08:45,622 - INFO - estimating arima no season 
2024-04-18 00:08:48,159 - INFO - seasonal model was selected with aic668.5935191410126
2024-04-18 00:09:23,906 - INFO - getting data for 50
2024-04-18 00:09:23,931 - INFO - anio_desde historico = 2016
2024-04-18 00:09:23,931 - INFO - anio_hasta historico = 2022
2024-04-18 00:09:23,941 - INFO - finishing geting data 2016 2022 and indice 1480
2024-04-18 00:09:23,962 - INFO -  years for fore cast    aniodesde  aniohasta
0       2024       2024
2024-04-18 00:09:31,787 - INFO - geting total obs
2024-04-18 00:09:31,821 - INFO - estimating seasonal order using cannova-hansen test
2024-04-18 00:09:31,821 - INFO - estimating arima no season 
2024-04-18 00:09:34,452 - INFO - seasonal model was selected with aic668.5935191410126
2024-04-18 00:10:16,081 - INFO - getting data for 50
2024-04-18 00:10:16,108 - INFO - anio_desde historico = 2016
2024-04-18 00:10:16,108 - INFO - anio_hasta historico = 2022
2024-04-18 00:10:16,119 - INFO - finishing geting data 2016 2022 and indice 1480
2024-04-18 00:10:16,140 - INFO -  years for fore cast    aniodesde  aniohasta
0       2024       2024
2024-04-18 00:10:20,908 - INFO - geting total obs
2024-04-18 00:10:21,030 - INFO - estimating seasonal order using cannova-hansen test
2024-04-18 00:10:21,030 - INFO - estimating arima no season 
2024-04-18 00:10:23,641 - INFO - seasonal model was selected with aic668.5935191410126
2024-04-18 00:11:16,341 - INFO - getting data for 50
2024-04-18 00:11:16,367 - INFO - anio_desde historico = 2016
2024-04-18 00:11:16,367 - INFO - anio_hasta historico = 2022
2024-04-18 00:11:16,377 - INFO - finishing geting data 2016 2022 and indice 1480
2024-04-18 00:11:16,397 - INFO -  years for fore cast    aniodesde  aniohasta
0       2024       2024
2024-04-18 00:11:21,832 - INFO - geting total obs
2024-04-18 00:11:21,871 - INFO - estimating seasonal order using cannova-hansen test
2024-04-18 00:11:21,871 - INFO - estimating arima no season 
2024-04-18 00:11:24,512 - INFO - seasonal model was selected with aic668.5935191410126
2024-04-18 00:15:08,139 - INFO - getting data for 50
2024-04-18 00:15:08,165 - INFO - anio_desde historico = 2016
2024-04-18 00:15:08,165 - INFO - anio_hasta historico = 2022
2024-04-18 00:15:08,175 - INFO - finishing geting data 2016 2022 and indice 1480
2024-04-18 00:15:08,196 - INFO -  years for fore cast    aniodesde  aniohasta
0       2024       2024
2024-04-18 00:15:22,057 - INFO - geting total obs
2024-04-18 00:15:22,098 - INFO - estimating seasonal order using cannova-hansen test
2024-04-18 00:15:22,098 - INFO - estimating arima no season 
2024-04-18 00:15:24,644 - INFO - seasonal model was selected with aic668.5935191410126
2024-04-18 00:18:46,505 - INFO - getting data for 50
2024-04-18 00:18:46,531 - INFO - anio_desde historico = 2016
2024-04-18 00:18:46,532 - INFO - anio_hasta historico = 2022
2024-04-18 00:18:46,542 - INFO - finishing geting data 2016 2022 and indice 1480
2024-04-18 00:18:46,562 - INFO -  years for fore cast    aniodesde  aniohasta
0       2024       2024
2024-04-18 00:19:11,564 - INFO - geting total obs
2024-04-18 00:19:11,601 - INFO - estimating seasonal order using cannova-hansen test
2024-04-18 00:19:11,601 - INFO - estimating arima no season 
2024-04-18 00:19:14,294 - INFO - seasonal model was selected with aic668.5935191410126
2024-04-18 00:20:05,521 - INFO - getting data for 50
2024-04-18 00:20:05,544 - INFO - anio_desde historico = 2016
2024-04-18 00:20:05,544 - INFO - anio_hasta historico = 2022
2024-04-18 00:20:05,555 - INFO - finishing geting data 2016 2022 and indice 1480
2024-04-18 00:20:05,574 - INFO -  years for fore cast    aniodesde  aniohasta
0       2024       2024
2024-04-18 00:21:38,694 - INFO - getting data for 50
2024-04-18 00:21:38,720 - INFO - anio_desde historico = 2016
2024-04-18 00:21:38,720 - INFO - anio_hasta historico = 2022
2024-04-18 00:21:38,730 - INFO - finishing geting data 2016 2022 and indice 1480
2024-04-18 00:21:38,751 - INFO -  years for fore cast    aniodesde  aniohasta
0       2024       2024
2024-04-18 00:21:42,710 - INFO - geting total obs
2024-04-18 00:21:42,746 - INFO - estimating seasonal order using cannova-hansen test
2024-04-18 00:21:42,746 - INFO - estimating arima no season 
2024-04-18 00:21:45,360 - INFO - seasonal model was selected with aic668.5935191410126
2024-04-18 00:22:14,103 - INFO - getting data for 50
2024-04-18 00:22:14,128 - INFO - anio_desde historico = 2016
2024-04-18 00:22:14,128 - INFO - anio_hasta historico = 2022
2024-04-18 00:22:14,139 - INFO - finishing geting data 2016 2022 and indice 1480
2024-04-18 00:22:14,159 - INFO -  years for fore cast    aniodesde  aniohasta
0       2024       2024
2024-04-18 00:22:20,104 - INFO - geting total obs
2024-04-18 00:22:20,138 - INFO - estimating seasonal order using cannova-hansen test
2024-04-18 00:22:20,138 - INFO - estimating arima no season 
2024-04-18 00:22:22,696 - INFO - seasonal model was selected with aic668.5935191410126
2024-04-18 00:23:01,092 - INFO - updating with 
    update confarimaresultado set confarimaar=1,
    confarimai= 0, confarimama= 0
    where  confarimacabezalid= 50 and
    confarimaindice= 1480
     for 50
2024-04-18 00:23:01,103 - INFO - updated specs 50
2024-04-18 00:23:01,104 - INFO -  update query 
    update confarimaresultado set confarimaar=1,
    confarimai= 0, confarimama= 0
    where  confarimacabezalid= 50 and
    confarimaindice= 1480
    
2024-04-18 00:23:01,104 - INFO - finish load model info for 50
2024-04-18 00:23:03,100 - INFO - updating with  
        update confarimamodeloaplicado
        set procesado=TRUE,
        confarimamodeloaplicadoporc=0.0
        where confarimacabezalid=50 and
        confarimamodeloaplicadoindice= 1480
        and confarimamodeloaplicadoanio = 2024 and confarimamodeloaplicadomes = 1

     for 50
2024-04-18 00:23:03,108 - INFO - updated update_forecast 50
2024-04-18 00:23:03,108 - INFO -  update query  
        update confarimamodeloaplicado
        set procesado=TRUE,
        confarimamodeloaplicadoporc=0.0
        where confarimacabezalid=50 and
        confarimamodeloaplicadoindice= 1480
        and confarimamodeloaplicadoanio = 2024 and confarimamodeloaplicadomes = 1

    
2024-04-18 00:23:03,945 - INFO - updating with  
        update confarimamodeloaplicado
        set procesado=TRUE,
        confarimamodeloaplicadoporc=5.115
        where confarimacabezalid=50 and
        confarimamodeloaplicadoindice= 1480
        and confarimamodeloaplicadoanio = 2024 and confarimamodeloaplicadomes = 2

     for 50
2024-04-18 00:23:03,953 - INFO - updated update_forecast 50
2024-04-18 00:23:03,954 - INFO -  update query  
        update confarimamodeloaplicado
        set procesado=TRUE,
        confarimamodeloaplicadoporc=5.115
        where confarimacabezalid=50 and
        confarimamodeloaplicadoindice= 1480
        and confarimamodeloaplicadoanio = 2024 and confarimamodeloaplicadomes = 2

    
2024-04-18 00:23:05,022 - INFO - updating with  
        update confarimamodeloaplicado
        set procesado=TRUE,
        confarimamodeloaplicadoporc=10.519
        where confarimacabezalid=50 and
        confarimamodeloaplicadoindice= 1480
        and confarimamodeloaplicadoanio = 2024 and confarimamodeloaplicadomes = 3

     for 50
2024-04-18 00:23:05,023 - INFO - updated update_forecast 50
2024-04-18 00:23:05,023 - INFO -  update query  
        update confarimamodeloaplicado
        set procesado=TRUE,
        confarimamodeloaplicadoporc=10.519
        where confarimacabezalid=50 and
        confarimamodeloaplicadoindice= 1480
        and confarimamodeloaplicadoanio = 2024 and confarimamodeloaplicadomes = 3

    
2024-04-18 00:23:05,746 - INFO - updating with  
        update confarimamodeloaplicado
        set procesado=TRUE,
        confarimamodeloaplicadoporc=16.001
        where confarimacabezalid=50 and
        confarimamodeloaplicadoindice= 1480
        and confarimamodeloaplicadoanio = 2024 and confarimamodeloaplicadomes = 4

     for 50
2024-04-18 00:23:05,748 - INFO - updated update_forecast 50
2024-04-18 00:23:05,748 - INFO -  update query  
        update confarimamodeloaplicado
        set procesado=TRUE,
        confarimamodeloaplicadoporc=16.001
        where confarimacabezalid=50 and
        confarimamodeloaplicadoindice= 1480
        and confarimamodeloaplicadoanio = 2024 and confarimamodeloaplicadomes = 4

    
2024-04-18 00:23:06,439 - INFO - updating with  
        update confarimamodeloaplicado
        set procesado=TRUE,
        confarimamodeloaplicadoporc=21.504
        where confarimacabezalid=50 and
        confarimamodeloaplicadoindice= 1480
        and confarimamodeloaplicadoanio = 2024 and confarimamodeloaplicadomes = 5

     for 50
2024-04-18 00:23:06,440 - INFO - updated update_forecast 50
2024-04-18 00:23:06,441 - INFO -  update query  
        update confarimamodeloaplicado
        set procesado=TRUE,
        confarimamodeloaplicadoporc=21.504
        where confarimacabezalid=50 and
        confarimamodeloaplicadoindice= 1480
        and confarimamodeloaplicadoanio = 2024 and confarimamodeloaplicadomes = 5

    
2024-04-18 00:23:07,185 - INFO - updating with  
        update confarimamodeloaplicado
        set procesado=TRUE,
        confarimamodeloaplicadoporc=27.013
        where confarimacabezalid=50 and
        confarimamodeloaplicadoindice= 1480
        and confarimamodeloaplicadoanio = 2024 and confarimamodeloaplicadomes = 6

     for 50
2024-04-18 00:23:07,186 - INFO - updated update_forecast 50
2024-04-18 00:23:07,187 - INFO -  update query  
        update confarimamodeloaplicado
        set procesado=TRUE,
        confarimamodeloaplicadoporc=27.013
        where confarimacabezalid=50 and
        confarimamodeloaplicadoindice= 1480
        and confarimamodeloaplicadoanio = 2024 and confarimamodeloaplicadomes = 6

    
2024-04-18 00:23:07,860 - INFO - updating with  
        update confarimamodeloaplicado
        set procesado=TRUE,
        confarimamodeloaplicadoporc=32.523
        where confarimacabezalid=50 and
        confarimamodeloaplicadoindice= 1480
        and confarimamodeloaplicadoanio = 2024 and confarimamodeloaplicadomes = 7

     for 50
2024-04-18 00:23:07,862 - INFO - updated update_forecast 50
2024-04-18 00:23:07,862 - INFO -  update query  
        update confarimamodeloaplicado
        set procesado=TRUE,
        confarimamodeloaplicadoporc=32.523
        where confarimacabezalid=50 and
        confarimamodeloaplicadoindice= 1480
        and confarimamodeloaplicadoanio = 2024 and confarimamodeloaplicadomes = 7

    
2024-04-18 00:23:08,545 - INFO - updating with  
        update confarimamodeloaplicado
        set procesado=TRUE,
        confarimamodeloaplicadoporc=38.034
        where confarimacabezalid=50 and
        confarimamodeloaplicadoindice= 1480
        and confarimamodeloaplicadoanio = 2024 and confarimamodeloaplicadomes = 8

     for 50
2024-04-18 00:23:08,553 - INFO - updated update_forecast 50
2024-04-18 00:23:08,553 - INFO -  update query  
        update confarimamodeloaplicado
        set procesado=TRUE,
        confarimamodeloaplicadoporc=38.034
        where confarimacabezalid=50 and
        confarimamodeloaplicadoindice= 1480
        and confarimamodeloaplicadoanio = 2024 and confarimamodeloaplicadomes = 8

    
2024-04-18 00:23:09,136 - INFO - updating with  
        update confarimamodeloaplicado
        set procesado=TRUE,
        confarimamodeloaplicadoporc=43.544
        where confarimacabezalid=50 and
        confarimamodeloaplicadoindice= 1480
        and confarimamodeloaplicadoanio = 2024 and confarimamodeloaplicadomes = 9

     for 50
2024-04-18 00:23:09,138 - INFO - updated update_forecast 50
2024-04-18 00:23:09,138 - INFO -  update query  
        update confarimamodeloaplicado
        set procesado=TRUE,
        confarimamodeloaplicadoporc=43.544
        where confarimacabezalid=50 and
        confarimamodeloaplicadoindice= 1480
        and confarimamodeloaplicadoanio = 2024 and confarimamodeloaplicadomes = 9

    
2024-04-18 00:23:09,646 - INFO - updating with  
        update confarimamodeloaplicado
        set procesado=TRUE,
        confarimamodeloaplicadoporc=49.055
        where confarimacabezalid=50 and
        confarimamodeloaplicadoindice= 1480
        and confarimamodeloaplicadoanio = 2024 and confarimamodeloaplicadomes = 10

     for 50
2024-04-18 00:23:09,647 - INFO - updated update_forecast 50
2024-04-18 00:23:09,647 - INFO -  update query  
        update confarimamodeloaplicado
        set procesado=TRUE,
        confarimamodeloaplicadoporc=49.055
        where confarimacabezalid=50 and
        confarimamodeloaplicadoindice= 1480
        and confarimamodeloaplicadoanio = 2024 and confarimamodeloaplicadomes = 10

    
2024-04-18 00:23:10,062 - INFO - updating with  
        update confarimamodeloaplicado
        set procesado=TRUE,
        confarimamodeloaplicadoporc=54.566
        where confarimacabezalid=50 and
        confarimamodeloaplicadoindice= 1480
        and confarimamodeloaplicadoanio = 2024 and confarimamodeloaplicadomes = 11

     for 50
2024-04-18 00:23:10,071 - INFO - updated update_forecast 50
2024-04-18 00:23:10,071 - INFO -  update query  
        update confarimamodeloaplicado
        set procesado=TRUE,
        confarimamodeloaplicadoporc=54.566
        where confarimacabezalid=50 and
        confarimamodeloaplicadoindice= 1480
        and confarimamodeloaplicadoanio = 2024 and confarimamodeloaplicadomes = 11

    
2024-04-18 00:23:10,465 - INFO - updating with  
        update confarimamodeloaplicado
        set procesado=TRUE,
        confarimamodeloaplicadoporc=60.076
        where confarimacabezalid=50 and
        confarimamodeloaplicadoindice= 1480
        and confarimamodeloaplicadoanio = 2024 and confarimamodeloaplicadomes = 12

     for 50
2024-04-18 00:23:10,466 - INFO - updated update_forecast 50
2024-04-18 00:23:10,466 - INFO -  update query  
        update confarimamodeloaplicado
        set procesado=TRUE,
        confarimamodeloaplicadoporc=60.076
        where confarimacabezalid=50 and
        confarimamodeloaplicadoindice= 1480
        and confarimamodeloaplicadoanio = 2024 and confarimamodeloaplicadomes = 12

    
2024-04-18 00:23:10,798 - INFO - updating with  
        update confarimamodeloaplicado
        set procesado=TRUE,
        confarimamodeloaplicadoporc=65.587
        where confarimacabezalid=50 and
        confarimamodeloaplicadoindice= 1480
        and confarimamodeloaplicadoanio = 2024 and confarimamodeloaplicadomes = 13

     for 50
2024-04-18 00:23:10,806 - INFO - updated update_forecast 50
2024-04-18 00:23:10,806 - INFO -  update query  
        update confarimamodeloaplicado
        set procesado=TRUE,
        confarimamodeloaplicadoporc=65.587
        where confarimacabezalid=50 and
        confarimamodeloaplicadoindice= 1480
        and confarimamodeloaplicadoanio = 2024 and confarimamodeloaplicadomes = 13

    
2024-04-18 00:23:10,985 - INFO - updating with  
        update confarimamodeloaplicado
        set procesado=TRUE,
        confarimamodeloaplicadoporc=71.098
        where confarimacabezalid=50 and
        confarimamodeloaplicadoindice= 1480
        and confarimamodeloaplicadoanio = 2024 and confarimamodeloaplicadomes = 14

     for 50
2024-04-18 00:23:10,987 - INFO - updated update_forecast 50
2024-04-18 00:23:10,987 - INFO -  update query  
        update confarimamodeloaplicado
        set procesado=TRUE,
        confarimamodeloaplicadoporc=71.098
        where confarimacabezalid=50 and
        confarimamodeloaplicadoindice= 1480
        and confarimamodeloaplicadoanio = 2024 and confarimamodeloaplicadomes = 14

    
2024-04-18 00:23:11,536 - INFO - updating with  
        update confarimamodeloaplicado
        set procesado=TRUE,
        confarimamodeloaplicadoporc=76.608
        where confarimacabezalid=50 and
        confarimamodeloaplicadoindice= 1480
        and confarimamodeloaplicadoanio = 2024 and confarimamodeloaplicadomes = 15

     for 50
2024-04-18 00:23:11,537 - INFO - updated update_forecast 50
2024-04-18 00:23:11,537 - INFO -  update query  
        update confarimamodeloaplicado
        set procesado=TRUE,
        confarimamodeloaplicadoporc=76.608
        where confarimacabezalid=50 and
        confarimamodeloaplicadoindice= 1480
        and confarimamodeloaplicadoanio = 2024 and confarimamodeloaplicadomes = 15

    
2024-04-18 00:23:11,726 - INFO - updating with  
        update confarimamodeloaplicado
        set procesado=TRUE,
        confarimamodeloaplicadoporc=82.119
        where confarimacabezalid=50 and
        confarimamodeloaplicadoindice= 1480
        and confarimamodeloaplicadoanio = 2024 and confarimamodeloaplicadomes = 16

     for 50
2024-04-18 00:23:11,728 - INFO - updated update_forecast 50
2024-04-18 00:23:11,728 - INFO -  update query  
        update confarimamodeloaplicado
        set procesado=TRUE,
        confarimamodeloaplicadoporc=82.119
        where confarimacabezalid=50 and
        confarimamodeloaplicadoindice= 1480
        and confarimamodeloaplicadoanio = 2024 and confarimamodeloaplicadomes = 16

    
2024-04-18 00:23:12,709 - INFO - updating with  
        update confarimamodeloaplicado
        set procesado=TRUE,
        confarimamodeloaplicadoporc=87.63
        where confarimacabezalid=50 and
        confarimamodeloaplicadoindice= 1480
        and confarimamodeloaplicadoanio = 2024 and confarimamodeloaplicadomes = 17

     for 50
2024-04-18 00:23:12,718 - INFO - updated update_forecast 50
2024-04-18 00:23:12,719 - INFO -  update query  
        update confarimamodeloaplicado
        set procesado=TRUE,
        confarimamodeloaplicadoporc=87.63
        where confarimacabezalid=50 and
        confarimamodeloaplicadoindice= 1480
        and confarimamodeloaplicadoanio = 2024 and confarimamodeloaplicadomes = 17

    
2024-04-18 00:23:13,000 - INFO - updating with  
        update confarimamodeloaplicado
        set procesado=TRUE,
        confarimamodeloaplicadoporc=93.141
        where confarimacabezalid=50 and
        confarimamodeloaplicadoindice= 1480
        and confarimamodeloaplicadoanio = 2024 and confarimamodeloaplicadomes = 18

     for 50
2024-04-18 00:23:13,009 - INFO - updated update_forecast 50
2024-04-18 00:23:13,010 - INFO -  update query  
        update confarimamodeloaplicado
        set procesado=TRUE,
        confarimamodeloaplicadoporc=93.141
        where confarimacabezalid=50 and
        confarimamodeloaplicadoindice= 1480
        and confarimamodeloaplicadoanio = 2024 and confarimamodeloaplicadomes = 18

    
2024-04-18 00:25:15,261 - INFO - getting data for 50
2024-04-18 00:25:15,287 - INFO - anio_desde historico = 2016
2024-04-18 00:25:15,288 - INFO - anio_hasta historico = 2022
2024-04-18 00:25:15,299 - INFO - finishing geting data 2016 2022 and indice 1480
2024-04-18 00:25:15,318 - INFO -  years for fore cast    aniodesde  aniohasta
0       2024       2024
2024-04-18 00:25:20,469 - INFO - geting total obs
2024-04-18 00:25:20,503 - INFO - estimating seasonal order using cannova-hansen test
2024-04-18 00:25:20,503 - INFO - estimating arima no season 
2024-04-18 00:25:23,108 - INFO - seasonal model was selected with aic668.5935191410126
2024-04-18 00:25:28,290 - INFO - updating with 
    update confarimaresultado set confarimaar=1,
    confarimai= 0, confarimama= 0
    where  confarimacabezalid= 50 and
    confarimaindice= 1480
     for 50
2024-04-18 00:25:28,300 - INFO - updated specs 50
2024-04-18 00:25:28,300 - INFO -  update query 
    update confarimaresultado set confarimaar=1,
    confarimai= 0, confarimama= 0
    where  confarimacabezalid= 50 and
    confarimaindice= 1480
    
2024-04-18 00:25:28,301 - INFO - finish load model info for 50
2024-04-18 00:25:32,167 - INFO - updating with  
        update confarimamodeloaplicado
        set procesado=TRUE,
        confarimamodeloaplicadoporc=0.0
        where confarimacabezalid=50 and
        confarimamodeloaplicadoindice= 1480
        and confarimamodeloaplicadoanio = 2024 and confarimamodeloaplicadomes = 1

     for 50
2024-04-18 00:25:32,180 - INFO - updated update_forecast 50
2024-04-18 00:25:32,180 - INFO -  update query  
        update confarimamodeloaplicado
        set procesado=TRUE,
        confarimamodeloaplicadoporc=0.0
        where confarimacabezalid=50 and
        confarimamodeloaplicadoindice= 1480
        and confarimamodeloaplicadoanio = 2024 and confarimamodeloaplicadomes = 1

    
2024-04-18 00:25:32,180 - INFO - updating with  
        update confarimamodeloaplicado
        set procesado=TRUE,
        confarimamodeloaplicadoporc=5.115
        where confarimacabezalid=50 and
        confarimamodeloaplicadoindice= 1480
        and confarimamodeloaplicadoanio = 2024 and confarimamodeloaplicadomes = 2

     for 50
2024-04-18 00:25:32,187 - INFO - updated update_forecast 50
2024-04-18 00:25:32,187 - INFO -  update query  
        update confarimamodeloaplicado
        set procesado=TRUE,
        confarimamodeloaplicadoporc=5.115
        where confarimacabezalid=50 and
        confarimamodeloaplicadoindice= 1480
        and confarimamodeloaplicadoanio = 2024 and confarimamodeloaplicadomes = 2

    
2024-04-18 00:25:32,188 - INFO - updating with  
        update confarimamodeloaplicado
        set procesado=TRUE,
        confarimamodeloaplicadoporc=10.519
        where confarimacabezalid=50 and
        confarimamodeloaplicadoindice= 1480
        and confarimamodeloaplicadoanio = 2024 and confarimamodeloaplicadomes = 3

     for 50
2024-04-18 00:25:32,197 - INFO - updated update_forecast 50
2024-04-18 00:25:32,197 - INFO -  update query  
        update confarimamodeloaplicado
        set procesado=TRUE,
        confarimamodeloaplicadoporc=10.519
        where confarimacabezalid=50 and
        confarimamodeloaplicadoindice= 1480
        and confarimamodeloaplicadoanio = 2024 and confarimamodeloaplicadomes = 3

    
2024-04-18 00:25:32,198 - INFO - updating with  
        update confarimamodeloaplicado
        set procesado=TRUE,
        confarimamodeloaplicadoporc=16.001
        where confarimacabezalid=50 and
        confarimamodeloaplicadoindice= 1480
        and confarimamodeloaplicadoanio = 2024 and confarimamodeloaplicadomes = 4

     for 50
2024-04-18 00:25:32,202 - INFO - updated update_forecast 50
2024-04-18 00:25:32,203 - INFO -  update query  
        update confarimamodeloaplicado
        set procesado=TRUE,
        confarimamodeloaplicadoporc=16.001
        where confarimacabezalid=50 and
        confarimamodeloaplicadoindice= 1480
        and confarimamodeloaplicadoanio = 2024 and confarimamodeloaplicadomes = 4

    
2024-04-18 00:25:32,203 - INFO - updating with  
        update confarimamodeloaplicado
        set procesado=TRUE,
        confarimamodeloaplicadoporc=21.504
        where confarimacabezalid=50 and
        confarimamodeloaplicadoindice= 1480
        and confarimamodeloaplicadoanio = 2024 and confarimamodeloaplicadomes = 5

     for 50
2024-04-18 00:25:32,206 - INFO - updated update_forecast 50
2024-04-18 00:25:32,206 - INFO -  update query  
        update confarimamodeloaplicado
        set procesado=TRUE,
        confarimamodeloaplicadoporc=21.504
        where confarimacabezalid=50 and
        confarimamodeloaplicadoindice= 1480
        and confarimamodeloaplicadoanio = 2024 and confarimamodeloaplicadomes = 5

    
2024-04-18 00:25:32,206 - INFO - updating with  
        update confarimamodeloaplicado
        set procesado=TRUE,
        confarimamodeloaplicadoporc=27.013
        where confarimacabezalid=50 and
        confarimamodeloaplicadoindice= 1480
        and confarimamodeloaplicadoanio = 2024 and confarimamodeloaplicadomes = 6

     for 50
2024-04-18 00:25:32,208 - INFO - updated update_forecast 50
2024-04-18 00:25:32,209 - INFO -  update query  
        update confarimamodeloaplicado
        set procesado=TRUE,
        confarimamodeloaplicadoporc=27.013
        where confarimacabezalid=50 and
        confarimamodeloaplicadoindice= 1480
        and confarimamodeloaplicadoanio = 2024 and confarimamodeloaplicadomes = 6

    
2024-04-18 00:25:32,209 - INFO - updating with  
        update confarimamodeloaplicado
        set procesado=TRUE,
        confarimamodeloaplicadoporc=32.523
        where confarimacabezalid=50 and
        confarimamodeloaplicadoindice= 1480
        and confarimamodeloaplicadoanio = 2024 and confarimamodeloaplicadomes = 7

     for 50
2024-04-18 00:25:32,210 - INFO - updated update_forecast 50
2024-04-18 00:25:32,211 - INFO -  update query  
        update confarimamodeloaplicado
        set procesado=TRUE,
        confarimamodeloaplicadoporc=32.523
        where confarimacabezalid=50 and
        confarimamodeloaplicadoindice= 1480
        and confarimamodeloaplicadoanio = 2024 and confarimamodeloaplicadomes = 7

    
2024-04-18 00:25:32,211 - INFO - updating with  
        update confarimamodeloaplicado
        set procesado=TRUE,
        confarimamodeloaplicadoporc=38.034
        where confarimacabezalid=50 and
        confarimamodeloaplicadoindice= 1480
        and confarimamodeloaplicadoanio = 2024 and confarimamodeloaplicadomes = 8

     for 50
2024-04-18 00:25:32,212 - INFO - updated update_forecast 50
2024-04-18 00:25:32,212 - INFO -  update query  
        update confarimamodeloaplicado
        set procesado=TRUE,
        confarimamodeloaplicadoporc=38.034
        where confarimacabezalid=50 and
        confarimamodeloaplicadoindice= 1480
        and confarimamodeloaplicadoanio = 2024 and confarimamodeloaplicadomes = 8

    
2024-04-18 00:25:32,213 - INFO - updating with  
        update confarimamodeloaplicado
        set procesado=TRUE,
        confarimamodeloaplicadoporc=43.544
        where confarimacabezalid=50 and
        confarimamodeloaplicadoindice= 1480
        and confarimamodeloaplicadoanio = 2024 and confarimamodeloaplicadomes = 9

     for 50
2024-04-18 00:25:32,214 - INFO - updated update_forecast 50
2024-04-18 00:25:32,214 - INFO -  update query  
        update confarimamodeloaplicado
        set procesado=TRUE,
        confarimamodeloaplicadoporc=43.544
        where confarimacabezalid=50 and
        confarimamodeloaplicadoindice= 1480
        and confarimamodeloaplicadoanio = 2024 and confarimamodeloaplicadomes = 9

    
2024-04-18 00:25:32,214 - INFO - updating with  
        update confarimamodeloaplicado
        set procesado=TRUE,
        confarimamodeloaplicadoporc=49.055
        where confarimacabezalid=50 and
        confarimamodeloaplicadoindice= 1480
        and confarimamodeloaplicadoanio = 2024 and confarimamodeloaplicadomes = 10

     for 50
2024-04-18 00:25:32,215 - INFO - updated update_forecast 50
2024-04-18 00:25:32,215 - INFO -  update query  
        update confarimamodeloaplicado
        set procesado=TRUE,
        confarimamodeloaplicadoporc=49.055
        where confarimacabezalid=50 and
        confarimamodeloaplicadoindice= 1480
        and confarimamodeloaplicadoanio = 2024 and confarimamodeloaplicadomes = 10

    
2024-04-18 00:25:32,216 - INFO - updating with  
        update confarimamodeloaplicado
        set procesado=TRUE,
        confarimamodeloaplicadoporc=54.566
        where confarimacabezalid=50 and
        confarimamodeloaplicadoindice= 1480
        and confarimamodeloaplicadoanio = 2024 and confarimamodeloaplicadomes = 11

     for 50
2024-04-18 00:25:32,217 - INFO - updated update_forecast 50
2024-04-18 00:25:32,217 - INFO -  update query  
        update confarimamodeloaplicado
        set procesado=TRUE,
        confarimamodeloaplicadoporc=54.566
        where confarimacabezalid=50 and
        confarimamodeloaplicadoindice= 1480
        and confarimamodeloaplicadoanio = 2024 and confarimamodeloaplicadomes = 11

    
2024-04-18 00:25:32,217 - INFO - updating with  
        update confarimamodeloaplicado
        set procesado=TRUE,
        confarimamodeloaplicadoporc=60.076
        where confarimacabezalid=50 and
        confarimamodeloaplicadoindice= 1480
        and confarimamodeloaplicadoanio = 2024 and confarimamodeloaplicadomes = 12

     for 50
2024-04-18 00:25:32,218 - INFO - updated update_forecast 50
2024-04-18 00:25:32,219 - INFO -  update query  
        update confarimamodeloaplicado
        set procesado=TRUE,
        confarimamodeloaplicadoporc=60.076
        where confarimacabezalid=50 and
        confarimamodeloaplicadoindice= 1480
        and confarimamodeloaplicadoanio = 2024 and confarimamodeloaplicadomes = 12

    
2024-04-18 00:25:32,219 - INFO - updating with  
        update confarimamodeloaplicado
        set procesado=TRUE,
        confarimamodeloaplicadoporc=65.587
        where confarimacabezalid=50 and
        confarimamodeloaplicadoindice= 1480
        and confarimamodeloaplicadoanio = 2024 and confarimamodeloaplicadomes = 13

     for 50
2024-04-18 00:25:32,220 - INFO - updated update_forecast 50
2024-04-18 00:25:32,220 - INFO -  update query  
        update confarimamodeloaplicado
        set procesado=TRUE,
        confarimamodeloaplicadoporc=65.587
        where confarimacabezalid=50 and
        confarimamodeloaplicadoindice= 1480
        and confarimamodeloaplicadoanio = 2024 and confarimamodeloaplicadomes = 13

    
2024-04-18 00:25:32,220 - INFO - updating with  
        update confarimamodeloaplicado
        set procesado=TRUE,
        confarimamodeloaplicadoporc=71.098
        where confarimacabezalid=50 and
        confarimamodeloaplicadoindice= 1480
        and confarimamodeloaplicadoanio = 2024 and confarimamodeloaplicadomes = 14

     for 50
2024-04-18 00:25:32,221 - INFO - updated update_forecast 50
2024-04-18 00:25:32,221 - INFO -  update query  
        update confarimamodeloaplicado
        set procesado=TRUE,
        confarimamodeloaplicadoporc=71.098
        where confarimacabezalid=50 and
        confarimamodeloaplicadoindice= 1480
        and confarimamodeloaplicadoanio = 2024 and confarimamodeloaplicadomes = 14

    
2024-04-18 00:25:32,222 - INFO - updating with  
        update confarimamodeloaplicado
        set procesado=TRUE,
        confarimamodeloaplicadoporc=76.608
        where confarimacabezalid=50 and
        confarimamodeloaplicadoindice= 1480
        and confarimamodeloaplicadoanio = 2024 and confarimamodeloaplicadomes = 15

     for 50
2024-04-18 00:25:32,222 - INFO - updated update_forecast 50
2024-04-18 00:25:32,223 - INFO -  update query  
        update confarimamodeloaplicado
        set procesado=TRUE,
        confarimamodeloaplicadoporc=76.608
        where confarimacabezalid=50 and
        confarimamodeloaplicadoindice= 1480
        and confarimamodeloaplicadoanio = 2024 and confarimamodeloaplicadomes = 15

    
2024-04-18 00:25:32,223 - INFO - updating with  
        update confarimamodeloaplicado
        set procesado=TRUE,
        confarimamodeloaplicadoporc=82.119
        where confarimacabezalid=50 and
        confarimamodeloaplicadoindice= 1480
        and confarimamodeloaplicadoanio = 2024 and confarimamodeloaplicadomes = 16

     for 50
2024-04-18 00:25:32,224 - INFO - updated update_forecast 50
2024-04-18 00:25:32,224 - INFO -  update query  
        update confarimamodeloaplicado
        set procesado=TRUE,
        confarimamodeloaplicadoporc=82.119
        where confarimacabezalid=50 and
        confarimamodeloaplicadoindice= 1480
        and confarimamodeloaplicadoanio = 2024 and confarimamodeloaplicadomes = 16

    
2024-04-18 00:25:32,224 - INFO - updating with  
        update confarimamodeloaplicado
        set procesado=TRUE,
        confarimamodeloaplicadoporc=87.63
        where confarimacabezalid=50 and
        confarimamodeloaplicadoindice= 1480
        and confarimamodeloaplicadoanio = 2024 and confarimamodeloaplicadomes = 17

     for 50
2024-04-18 00:25:32,225 - INFO - updated update_forecast 50
2024-04-18 00:25:32,226 - INFO -  update query  
        update confarimamodeloaplicado
        set procesado=TRUE,
        confarimamodeloaplicadoporc=87.63
        where confarimacabezalid=50 and
        confarimamodeloaplicadoindice= 1480
        and confarimamodeloaplicadoanio = 2024 and confarimamodeloaplicadomes = 17

    
2024-04-18 00:25:32,226 - INFO - updating with  
        update confarimamodeloaplicado
        set procesado=TRUE,
        confarimamodeloaplicadoporc=93.141
        where confarimacabezalid=50 and
        confarimamodeloaplicadoindice= 1480
        and confarimamodeloaplicadoanio = 2024 and confarimamodeloaplicadomes = 18

     for 50
2024-04-18 00:25:32,227 - INFO - updated update_forecast 50
2024-04-18 00:25:32,227 - INFO -  update query  
        update confarimamodeloaplicado
        set procesado=TRUE,
        confarimamodeloaplicadoporc=93.141
        where confarimacabezalid=50 and
        confarimamodeloaplicadoindice= 1480
        and confarimamodeloaplicadoanio = 2024 and confarimamodeloaplicadomes = 18

    
2024-04-18 00:30:08,005 - INFO - getting data for 50
2024-04-18 00:30:08,099 - INFO - anio_desde historico = 2016
2024-04-18 00:30:08,100 - INFO - anio_hasta historico = 2022
2024-04-18 00:30:08,108 - INFO - finishing geting data 2016 2022 and indice 1480
2024-04-18 00:30:08,117 - INFO -  years for fore cast    aniodesde  aniohasta
0       2024       2024
2024-04-18 00:30:08,124 - INFO - geting total obs
2024-04-18 00:30:08,150 - INFO - estimating seasonal order using cannova-hansen test
2024-04-18 00:30:08,150 - INFO - estimating arima no season 
2024-04-18 00:30:09,957 - INFO - seasonal model was selected with aic668.5935191410126
2024-04-18 00:30:09,973 - INFO - updating with 
    update confarimaresultado set confarimaar=1,
    confarimai= 0, confarimama= 0
    where  confarimacabezalid= 50 and
    confarimaindice= 1480
     for 50
2024-04-18 00:30:09,988 - INFO - updated specs 50
2024-04-18 00:30:09,988 - INFO -  update query 
    update confarimaresultado set confarimaar=1,
    confarimai= 0, confarimama= 0
    where  confarimacabezalid= 50 and
    confarimaindice= 1480
    
2024-04-18 00:30:09,988 - INFO - finish load model info for 50
2024-04-18 00:30:09,989 - INFO - updating with  
        update confarimamodeloaplicado
        set procesado=TRUE,
        confarimamodeloaplicadoporc=0.0
        where confarimacabezalid=50 and
        confarimamodeloaplicadoindice= 1480
        and confarimamodeloaplicadoanio = 2024 and confarimamodeloaplicadomes = 1

     for 50
2024-04-18 00:30:09,995 - INFO - updated update_forecast 50
2024-04-18 00:30:09,995 - INFO -  update query  
        update confarimamodeloaplicado
        set procesado=TRUE,
        confarimamodeloaplicadoporc=0.0
        where confarimacabezalid=50 and
        confarimamodeloaplicadoindice= 1480
        and confarimamodeloaplicadoanio = 2024 and confarimamodeloaplicadomes = 1

    
2024-04-18 00:30:09,996 - INFO - updating with  
        update confarimamodeloaplicado
        set procesado=TRUE,
        confarimamodeloaplicadoporc=5.115
        where confarimacabezalid=50 and
        confarimamodeloaplicadoindice= 1480
        and confarimamodeloaplicadoanio = 2024 and confarimamodeloaplicadomes = 2

     for 50
2024-04-18 00:30:09,996 - INFO - updated update_forecast 50
2024-04-18 00:30:09,996 - INFO -  update query  
        update confarimamodeloaplicado
        set procesado=TRUE,
        confarimamodeloaplicadoporc=5.115
        where confarimacabezalid=50 and
        confarimamodeloaplicadoindice= 1480
        and confarimamodeloaplicadoanio = 2024 and confarimamodeloaplicadomes = 2

    
2024-04-18 00:30:09,997 - INFO - updating with  
        update confarimamodeloaplicado
        set procesado=TRUE,
        confarimamodeloaplicadoporc=10.519
        where confarimacabezalid=50 and
        confarimamodeloaplicadoindice= 1480
        and confarimamodeloaplicadoanio = 2024 and confarimamodeloaplicadomes = 3

     for 50
2024-04-18 00:30:09,998 - INFO - updated update_forecast 50
2024-04-18 00:30:09,998 - INFO -  update query  
        update confarimamodeloaplicado
        set procesado=TRUE,
        confarimamodeloaplicadoporc=10.519
        where confarimacabezalid=50 and
        confarimamodeloaplicadoindice= 1480
        and confarimamodeloaplicadoanio = 2024 and confarimamodeloaplicadomes = 3

    
2024-04-18 00:30:09,998 - INFO - updating with  
        update confarimamodeloaplicado
        set procesado=TRUE,
        confarimamodeloaplicadoporc=16.001
        where confarimacabezalid=50 and
        confarimamodeloaplicadoindice= 1480
        and confarimamodeloaplicadoanio = 2024 and confarimamodeloaplicadomes = 4

     for 50
2024-04-18 00:30:09,999 - INFO - updated update_forecast 50
2024-04-18 00:30:10,000 - INFO -  update query  
        update confarimamodeloaplicado
        set procesado=TRUE,
        confarimamodeloaplicadoporc=16.001
        where confarimacabezalid=50 and
        confarimamodeloaplicadoindice= 1480
        and confarimamodeloaplicadoanio = 2024 and confarimamodeloaplicadomes = 4

    
2024-04-18 00:30:10,000 - INFO - updating with  
        update confarimamodeloaplicado
        set procesado=TRUE,
        confarimamodeloaplicadoporc=21.504
        where confarimacabezalid=50 and
        confarimamodeloaplicadoindice= 1480
        and confarimamodeloaplicadoanio = 2024 and confarimamodeloaplicadomes = 5

     for 50
2024-04-18 00:30:10,001 - INFO - updated update_forecast 50
2024-04-18 00:30:10,001 - INFO -  update query  
        update confarimamodeloaplicado
        set procesado=TRUE,
        confarimamodeloaplicadoporc=21.504
        where confarimacabezalid=50 and
        confarimamodeloaplicadoindice= 1480
        and confarimamodeloaplicadoanio = 2024 and confarimamodeloaplicadomes = 5

    
2024-04-18 00:30:10,001 - INFO - updating with  
        update confarimamodeloaplicado
        set procesado=TRUE,
        confarimamodeloaplicadoporc=27.013
        where confarimacabezalid=50 and
        confarimamodeloaplicadoindice= 1480
        and confarimamodeloaplicadoanio = 2024 and confarimamodeloaplicadomes = 6

     for 50
2024-04-18 00:30:10,002 - INFO - updated update_forecast 50
2024-04-18 00:30:10,002 - INFO -  update query  
        update confarimamodeloaplicado
        set procesado=TRUE,
        confarimamodeloaplicadoporc=27.013
        where confarimacabezalid=50 and
        confarimamodeloaplicadoindice= 1480
        and confarimamodeloaplicadoanio = 2024 and confarimamodeloaplicadomes = 6

    
2024-04-18 00:30:10,002 - INFO - updating with  
        update confarimamodeloaplicado
        set procesado=TRUE,
        confarimamodeloaplicadoporc=32.523
        where confarimacabezalid=50 and
        confarimamodeloaplicadoindice= 1480
        and confarimamodeloaplicadoanio = 2024 and confarimamodeloaplicadomes = 7

     for 50
2024-04-18 00:30:10,003 - INFO - updated update_forecast 50
2024-04-18 00:30:10,003 - INFO -  update query  
        update confarimamodeloaplicado
        set procesado=TRUE,
        confarimamodeloaplicadoporc=32.523
        where confarimacabezalid=50 and
        confarimamodeloaplicadoindice= 1480
        and confarimamodeloaplicadoanio = 2024 and confarimamodeloaplicadomes = 7

    
2024-04-18 00:30:10,003 - INFO - updating with  
        update confarimamodeloaplicado
        set procesado=TRUE,
        confarimamodeloaplicadoporc=38.034
        where confarimacabezalid=50 and
        confarimamodeloaplicadoindice= 1480
        and confarimamodeloaplicadoanio = 2024 and confarimamodeloaplicadomes = 8

     for 50
2024-04-18 00:30:10,004 - INFO - updated update_forecast 50
2024-04-18 00:30:10,004 - INFO -  update query  
        update confarimamodeloaplicado
        set procesado=TRUE,
        confarimamodeloaplicadoporc=38.034
        where confarimacabezalid=50 and
        confarimamodeloaplicadoindice= 1480
        and confarimamodeloaplicadoanio = 2024 and confarimamodeloaplicadomes = 8

    
2024-04-18 00:30:10,004 - INFO - updating with  
        update confarimamodeloaplicado
        set procesado=TRUE,
        confarimamodeloaplicadoporc=43.544
        where confarimacabezalid=50 and
        confarimamodeloaplicadoindice= 1480
        and confarimamodeloaplicadoanio = 2024 and confarimamodeloaplicadomes = 9

     for 50
2024-04-18 00:30:10,005 - INFO - updated update_forecast 50
2024-04-18 00:30:10,005 - INFO -  update query  
        update confarimamodeloaplicado
        set procesado=TRUE,
        confarimamodeloaplicadoporc=43.544
        where confarimacabezalid=50 and
        confarimamodeloaplicadoindice= 1480
        and confarimamodeloaplicadoanio = 2024 and confarimamodeloaplicadomes = 9

    
2024-04-18 00:30:10,005 - INFO - updating with  
        update confarimamodeloaplicado
        set procesado=TRUE,
        confarimamodeloaplicadoporc=49.055
        where confarimacabezalid=50 and
        confarimamodeloaplicadoindice= 1480
        and confarimamodeloaplicadoanio = 2024 and confarimamodeloaplicadomes = 10

     for 50
2024-04-18 00:30:10,006 - INFO - updated update_forecast 50
2024-04-18 00:30:10,006 - INFO -  update query  
        update confarimamodeloaplicado
        set procesado=TRUE,
        confarimamodeloaplicadoporc=49.055
        where confarimacabezalid=50 and
        confarimamodeloaplicadoindice= 1480
        and confarimamodeloaplicadoanio = 2024 and confarimamodeloaplicadomes = 10

    
2024-04-18 00:30:10,006 - INFO - updating with  
        update confarimamodeloaplicado
        set procesado=TRUE,
        confarimamodeloaplicadoporc=54.566
        where confarimacabezalid=50 and
        confarimamodeloaplicadoindice= 1480
        and confarimamodeloaplicadoanio = 2024 and confarimamodeloaplicadomes = 11

     for 50
2024-04-18 00:30:10,008 - INFO - updated update_forecast 50
2024-04-18 00:30:10,008 - INFO -  update query  
        update confarimamodeloaplicado
        set procesado=TRUE,
        confarimamodeloaplicadoporc=54.566
        where confarimacabezalid=50 and
        confarimamodeloaplicadoindice= 1480
        and confarimamodeloaplicadoanio = 2024 and confarimamodeloaplicadomes = 11

    
2024-04-18 00:30:10,008 - INFO - updating with  
        update confarimamodeloaplicado
        set procesado=TRUE,
        confarimamodeloaplicadoporc=60.076
        where confarimacabezalid=50 and
        confarimamodeloaplicadoindice= 1480
        and confarimamodeloaplicadoanio = 2024 and confarimamodeloaplicadomes = 12

     for 50
2024-04-18 00:30:10,009 - INFO - updated update_forecast 50
2024-04-18 00:30:10,010 - INFO -  update query  
        update confarimamodeloaplicado
        set procesado=TRUE,
        confarimamodeloaplicadoporc=60.076
        where confarimacabezalid=50 and
        confarimamodeloaplicadoindice= 1480
        and confarimamodeloaplicadoanio = 2024 and confarimamodeloaplicadomes = 12

    
2024-04-18 00:30:10,010 - INFO - updating with  
        update confarimamodeloaplicado
        set procesado=TRUE,
        confarimamodeloaplicadoporc=65.587
        where confarimacabezalid=50 and
        confarimamodeloaplicadoindice= 1480
        and confarimamodeloaplicadoanio = 2024 and confarimamodeloaplicadomes = 13

     for 50
2024-04-18 00:30:10,011 - INFO - updated update_forecast 50
2024-04-18 00:30:10,011 - INFO -  update query  
        update confarimamodeloaplicado
        set procesado=TRUE,
        confarimamodeloaplicadoporc=65.587
        where confarimacabezalid=50 and
        confarimamodeloaplicadoindice= 1480
        and confarimamodeloaplicadoanio = 2024 and confarimamodeloaplicadomes = 13

    
2024-04-18 00:30:10,011 - INFO - updating with  
        update confarimamodeloaplicado
        set procesado=TRUE,
        confarimamodeloaplicadoporc=71.098
        where confarimacabezalid=50 and
        confarimamodeloaplicadoindice= 1480
        and confarimamodeloaplicadoanio = 2024 and confarimamodeloaplicadomes = 14

     for 50
2024-04-18 00:30:10,012 - INFO - updated update_forecast 50
2024-04-18 00:30:10,012 - INFO -  update query  
        update confarimamodeloaplicado
        set procesado=TRUE,
        confarimamodeloaplicadoporc=71.098
        where confarimacabezalid=50 and
        confarimamodeloaplicadoindice= 1480
        and confarimamodeloaplicadoanio = 2024 and confarimamodeloaplicadomes = 14

    
2024-04-18 00:30:10,012 - INFO - updating with  
        update confarimamodeloaplicado
        set procesado=TRUE,
        confarimamodeloaplicadoporc=76.608
        where confarimacabezalid=50 and
        confarimamodeloaplicadoindice= 1480
        and confarimamodeloaplicadoanio = 2024 and confarimamodeloaplicadomes = 15

     for 50
2024-04-18 00:30:10,013 - INFO - updated update_forecast 50
2024-04-18 00:30:10,013 - INFO -  update query  
        update confarimamodeloaplicado
        set procesado=TRUE,
        confarimamodeloaplicadoporc=76.608
        where confarimacabezalid=50 and
        confarimamodeloaplicadoindice= 1480
        and confarimamodeloaplicadoanio = 2024 and confarimamodeloaplicadomes = 15

    
2024-04-18 00:30:10,013 - INFO - updating with  
        update confarimamodeloaplicado
        set procesado=TRUE,
        confarimamodeloaplicadoporc=82.119
        where confarimacabezalid=50 and
        confarimamodeloaplicadoindice= 1480
        and confarimamodeloaplicadoanio = 2024 and confarimamodeloaplicadomes = 16

     for 50
2024-04-18 00:30:10,014 - INFO - updated update_forecast 50
2024-04-18 00:30:10,014 - INFO -  update query  
        update confarimamodeloaplicado
        set procesado=TRUE,
        confarimamodeloaplicadoporc=82.119
        where confarimacabezalid=50 and
        confarimamodeloaplicadoindice= 1480
        and confarimamodeloaplicadoanio = 2024 and confarimamodeloaplicadomes = 16

    
2024-04-18 00:30:10,014 - INFO - updating with  
        update confarimamodeloaplicado
        set procesado=TRUE,
        confarimamodeloaplicadoporc=87.63
        where confarimacabezalid=50 and
        confarimamodeloaplicadoindice= 1480
        and confarimamodeloaplicadoanio = 2024 and confarimamodeloaplicadomes = 17

     for 50
2024-04-18 00:30:10,015 - INFO - updated update_forecast 50
2024-04-18 00:30:10,015 - INFO -  update query  
        update confarimamodeloaplicado
        set procesado=TRUE,
        confarimamodeloaplicadoporc=87.63
        where confarimacabezalid=50 and
        confarimamodeloaplicadoindice= 1480
        and confarimamodeloaplicadoanio = 2024 and confarimamodeloaplicadomes = 17

    
2024-04-18 00:30:10,015 - INFO - updating with  
        update confarimamodeloaplicado
        set procesado=TRUE,
        confarimamodeloaplicadoporc=93.141
        where confarimacabezalid=50 and
        confarimamodeloaplicadoindice= 1480
        and confarimamodeloaplicadoanio = 2024 and confarimamodeloaplicadomes = 18

     for 50
2024-04-18 00:30:10,016 - INFO - updated update_forecast 50
2024-04-18 00:30:10,016 - INFO -  update query  
        update confarimamodeloaplicado
        set procesado=TRUE,
        confarimamodeloaplicadoporc=93.141
        where confarimacabezalid=50 and
        confarimamodeloaplicadoindice= 1480
        and confarimamodeloaplicadoanio = 2024 and confarimamodeloaplicadomes = 18

    
2024-04-18 21:14:04,532 - INFO - getting data for 50
2024-04-18 21:14:04,614 - INFO - anio_desde historico = 2016
2024-04-18 21:14:04,615 - INFO - anio_hasta historico = 2022
2024-04-18 21:14:04,640 - INFO - finishing geting data 2016 2022 and indice 1480
2024-04-18 21:14:04,668 - INFO -  years for fore cast    aniodesde  aniohasta
0       2024       2024
2024-04-18 21:14:04,699 - INFO - geting total obs
2024-04-18 21:14:04,833 - INFO - estimating seasonal order using cannova-hansen test
2024-04-18 21:14:04,833 - INFO - estimating arima no season 
2024-04-18 21:14:08,001 - INFO - seasonal model was selected with aic668.5935191410126
2024-04-18 21:16:26,684 - INFO - getting data for 50
2024-04-18 21:16:26,713 - INFO - anio_desde historico = 2016
2024-04-18 21:16:26,713 - INFO - anio_hasta historico = 2022
2024-04-18 21:16:26,726 - INFO - finishing geting data 2016 2022 and indice 1480
2024-04-18 21:16:26,750 - INFO -  years for fore cast    aniodesde  aniohasta
0       2024       2024
2024-04-18 21:16:26,776 - INFO - geting total obs
2024-04-18 21:16:26,813 - INFO - estimating seasonal order using cannova-hansen test
2024-04-18 21:16:26,813 - INFO - estimating arima no season 
2024-04-18 21:16:29,674 - INFO - seasonal model was selected with aic668.5935191410126
2024-04-18 21:18:13,036 - INFO - getting data for 50
2024-04-18 21:18:13,062 - INFO - anio_desde historico = 2016
2024-04-18 21:18:13,062 - INFO - anio_hasta historico = 2022
2024-04-18 21:18:13,075 - INFO - finishing geting data 2016 2022 and indice 1480
2024-04-18 21:18:13,096 - INFO -  years for fore cast    aniodesde  aniohasta
0       2024       2024
2024-04-18 21:18:13,115 - INFO - geting total obs
2024-04-18 21:18:13,189 - INFO - estimating seasonal order using cannova-hansen test
2024-04-18 21:18:13,189 - INFO - estimating arima no season 
2024-04-18 21:18:15,831 - INFO - seasonal model was selected with aic668.5935191410126
2024-04-18 21:19:08,949 - INFO - getting data for 50
2024-04-18 21:19:08,971 - INFO - anio_desde historico = 2016
2024-04-18 21:19:08,971 - INFO - anio_hasta historico = 2022
2024-04-18 21:19:08,981 - INFO - finishing geting data 2016 2022 and indice 1480
2024-04-18 21:19:08,997 - INFO -  years for fore cast    aniodesde  aniohasta
0       2024       2024
2024-04-18 21:19:09,019 - INFO - geting total obs
2024-04-18 21:19:09,056 - INFO - estimating seasonal order using cannova-hansen test
2024-04-18 21:19:09,056 - INFO - estimating arima no season 
2024-04-18 21:19:11,702 - INFO - seasonal model was selected with aic668.5935191410126
2024-04-18 21:24:30,316 - INFO - updating with 
    update confarimaresultado set confarimaar=1,
    confarimai= 0, confarimama= 0
    where  confarimacabezalid= 50 and
    confarimaindice= 1480
     for 50
2024-04-18 21:24:30,343 - INFO - updated specs 50
2024-04-18 21:24:30,343 - INFO -  update query 
    update confarimaresultado set confarimaar=1,
    confarimai= 0, confarimama= 0
    where  confarimacabezalid= 50 and
    confarimaindice= 1480
    
2024-04-18 21:24:30,344 - INFO - finish load model info for 50
2024-04-18 21:26:35,590 - INFO - updating with  
        update confarimamodeloaplicado
        set procesado=TRUE,
        confarimamodeloaplicadoporc=0.0
        where confarimacabezalid=50 and
        confarimamodeloaplicadoindice= 1480
        and confarimamodeloaplicadoanio = 2024 and confarimamodeloaplicadomes = 1

     for 50
2024-04-18 21:26:35,607 - INFO - updated update_forecast 50
2024-04-18 21:26:35,607 - INFO -  update query  
        update confarimamodeloaplicado
        set procesado=TRUE,
        confarimamodeloaplicadoporc=0.0
        where confarimacabezalid=50 and
        confarimamodeloaplicadoindice= 1480
        and confarimamodeloaplicadoanio = 2024 and confarimamodeloaplicadomes = 1

    
2024-04-18 21:26:35,608 - INFO - updating with  
        update confarimamodeloaplicado
        set procesado=TRUE,
        confarimamodeloaplicadoporc=5.115
        where confarimacabezalid=50 and
        confarimamodeloaplicadoindice= 1480
        and confarimamodeloaplicadoanio = 2024 and confarimamodeloaplicadomes = 2

     for 50
2024-04-18 21:26:35,609 - INFO - updated update_forecast 50
2024-04-18 21:26:35,610 - INFO -  update query  
        update confarimamodeloaplicado
        set procesado=TRUE,
        confarimamodeloaplicadoporc=5.115
        where confarimacabezalid=50 and
        confarimamodeloaplicadoindice= 1480
        and confarimamodeloaplicadoanio = 2024 and confarimamodeloaplicadomes = 2

    
2024-04-18 21:26:35,610 - INFO - updating with  
        update confarimamodeloaplicado
        set procesado=TRUE,
        confarimamodeloaplicadoporc=10.519
        where confarimacabezalid=50 and
        confarimamodeloaplicadoindice= 1480
        and confarimamodeloaplicadoanio = 2024 and confarimamodeloaplicadomes = 3

     for 50
2024-04-18 21:26:35,612 - INFO - updated update_forecast 50
2024-04-18 21:26:35,612 - INFO -  update query  
        update confarimamodeloaplicado
        set procesado=TRUE,
        confarimamodeloaplicadoporc=10.519
        where confarimacabezalid=50 and
        confarimamodeloaplicadoindice= 1480
        and confarimamodeloaplicadoanio = 2024 and confarimamodeloaplicadomes = 3

    
2024-04-18 21:26:35,613 - INFO - updating with  
        update confarimamodeloaplicado
        set procesado=TRUE,
        confarimamodeloaplicadoporc=16.001
        where confarimacabezalid=50 and
        confarimamodeloaplicadoindice= 1480
        and confarimamodeloaplicadoanio = 2024 and confarimamodeloaplicadomes = 4

     for 50
2024-04-18 21:26:35,614 - INFO - updated update_forecast 50
2024-04-18 21:26:35,614 - INFO -  update query  
        update confarimamodeloaplicado
        set procesado=TRUE,
        confarimamodeloaplicadoporc=16.001
        where confarimacabezalid=50 and
        confarimamodeloaplicadoindice= 1480
        and confarimamodeloaplicadoanio = 2024 and confarimamodeloaplicadomes = 4

    
2024-04-18 21:26:35,615 - INFO - updating with  
        update confarimamodeloaplicado
        set procesado=TRUE,
        confarimamodeloaplicadoporc=21.504
        where confarimacabezalid=50 and
        confarimamodeloaplicadoindice= 1480
        and confarimamodeloaplicadoanio = 2024 and confarimamodeloaplicadomes = 5

     for 50
2024-04-18 21:26:35,616 - INFO - updated update_forecast 50
2024-04-18 21:26:35,616 - INFO -  update query  
        update confarimamodeloaplicado
        set procesado=TRUE,
        confarimamodeloaplicadoporc=21.504
        where confarimacabezalid=50 and
        confarimamodeloaplicadoindice= 1480
        and confarimamodeloaplicadoanio = 2024 and confarimamodeloaplicadomes = 5

    
2024-04-18 21:26:35,617 - INFO - updating with  
        update confarimamodeloaplicado
        set procesado=TRUE,
        confarimamodeloaplicadoporc=27.013
        where confarimacabezalid=50 and
        confarimamodeloaplicadoindice= 1480
        and confarimamodeloaplicadoanio = 2024 and confarimamodeloaplicadomes = 6

     for 50
2024-04-18 21:26:35,618 - INFO - updated update_forecast 50
2024-04-18 21:26:35,619 - INFO -  update query  
        update confarimamodeloaplicado
        set procesado=TRUE,
        confarimamodeloaplicadoporc=27.013
        where confarimacabezalid=50 and
        confarimamodeloaplicadoindice= 1480
        and confarimamodeloaplicadoanio = 2024 and confarimamodeloaplicadomes = 6

    
2024-04-18 21:26:35,619 - INFO - updating with  
        update confarimamodeloaplicado
        set procesado=TRUE,
        confarimamodeloaplicadoporc=32.523
        where confarimacabezalid=50 and
        confarimamodeloaplicadoindice= 1480
        and confarimamodeloaplicadoanio = 2024 and confarimamodeloaplicadomes = 7

     for 50
2024-04-18 21:26:35,621 - INFO - updated update_forecast 50
2024-04-18 21:26:35,621 - INFO -  update query  
        update confarimamodeloaplicado
        set procesado=TRUE,
        confarimamodeloaplicadoporc=32.523
        where confarimacabezalid=50 and
        confarimamodeloaplicadoindice= 1480
        and confarimamodeloaplicadoanio = 2024 and confarimamodeloaplicadomes = 7

    
2024-04-18 21:26:35,622 - INFO - updating with  
        update confarimamodeloaplicado
        set procesado=TRUE,
        confarimamodeloaplicadoporc=38.034
        where confarimacabezalid=50 and
        confarimamodeloaplicadoindice= 1480
        and confarimamodeloaplicadoanio = 2024 and confarimamodeloaplicadomes = 8

     for 50
2024-04-18 21:26:35,623 - INFO - updated update_forecast 50
2024-04-18 21:26:35,623 - INFO -  update query  
        update confarimamodeloaplicado
        set procesado=TRUE,
        confarimamodeloaplicadoporc=38.034
        where confarimacabezalid=50 and
        confarimamodeloaplicadoindice= 1480
        and confarimamodeloaplicadoanio = 2024 and confarimamodeloaplicadomes = 8

    
2024-04-18 21:26:35,624 - INFO - updating with  
        update confarimamodeloaplicado
        set procesado=TRUE,
        confarimamodeloaplicadoporc=43.544
        where confarimacabezalid=50 and
        confarimamodeloaplicadoindice= 1480
        and confarimamodeloaplicadoanio = 2024 and confarimamodeloaplicadomes = 9

     for 50
2024-04-18 21:26:35,625 - INFO - updated update_forecast 50
2024-04-18 21:26:35,626 - INFO -  update query  
        update confarimamodeloaplicado
        set procesado=TRUE,
        confarimamodeloaplicadoporc=43.544
        where confarimacabezalid=50 and
        confarimamodeloaplicadoindice= 1480
        and confarimamodeloaplicadoanio = 2024 and confarimamodeloaplicadomes = 9

    
2024-04-18 21:26:35,626 - INFO - updating with  
        update confarimamodeloaplicado
        set procesado=TRUE,
        confarimamodeloaplicadoporc=49.055
        where confarimacabezalid=50 and
        confarimamodeloaplicadoindice= 1480
        and confarimamodeloaplicadoanio = 2024 and confarimamodeloaplicadomes = 10

     for 50
2024-04-18 21:26:35,627 - INFO - updated update_forecast 50
2024-04-18 21:26:35,628 - INFO -  update query  
        update confarimamodeloaplicado
        set procesado=TRUE,
        confarimamodeloaplicadoporc=49.055
        where confarimacabezalid=50 and
        confarimamodeloaplicadoindice= 1480
        and confarimamodeloaplicadoanio = 2024 and confarimamodeloaplicadomes = 10

    
2024-04-18 21:26:35,628 - INFO - updating with  
        update confarimamodeloaplicado
        set procesado=TRUE,
        confarimamodeloaplicadoporc=54.566
        where confarimacabezalid=50 and
        confarimamodeloaplicadoindice= 1480
        and confarimamodeloaplicadoanio = 2024 and confarimamodeloaplicadomes = 11

     for 50
2024-04-18 21:26:35,629 - INFO - updated update_forecast 50
2024-04-18 21:26:35,630 - INFO -  update query  
        update confarimamodeloaplicado
        set procesado=TRUE,
        confarimamodeloaplicadoporc=54.566
        where confarimacabezalid=50 and
        confarimamodeloaplicadoindice= 1480
        and confarimamodeloaplicadoanio = 2024 and confarimamodeloaplicadomes = 11

    
2024-04-18 21:26:35,630 - INFO - updating with  
        update confarimamodeloaplicado
        set procesado=TRUE,
        confarimamodeloaplicadoporc=60.076
        where confarimacabezalid=50 and
        confarimamodeloaplicadoindice= 1480
        and confarimamodeloaplicadoanio = 2024 and confarimamodeloaplicadomes = 12

     for 50
2024-04-18 21:26:35,631 - INFO - updated update_forecast 50
2024-04-18 21:26:35,631 - INFO -  update query  
        update confarimamodeloaplicado
        set procesado=TRUE,
        confarimamodeloaplicadoporc=60.076
        where confarimacabezalid=50 and
        confarimamodeloaplicadoindice= 1480
        and confarimamodeloaplicadoanio = 2024 and confarimamodeloaplicadomes = 12

    
2024-04-18 21:26:35,632 - INFO - updating with  
        update confarimamodeloaplicado
        set procesado=TRUE,
        confarimamodeloaplicadoporc=65.587
        where confarimacabezalid=50 and
        confarimamodeloaplicadoindice= 1480
        and confarimamodeloaplicadoanio = 2024 and confarimamodeloaplicadomes = 13

     for 50
2024-04-18 21:26:35,633 - INFO - updated update_forecast 50
2024-04-18 21:26:35,634 - INFO -  update query  
        update confarimamodeloaplicado
        set procesado=TRUE,
        confarimamodeloaplicadoporc=65.587
        where confarimacabezalid=50 and
        confarimamodeloaplicadoindice= 1480
        and confarimamodeloaplicadoanio = 2024 and confarimamodeloaplicadomes = 13

    
2024-04-18 21:26:35,634 - INFO - updating with  
        update confarimamodeloaplicado
        set procesado=TRUE,
        confarimamodeloaplicadoporc=71.098
        where confarimacabezalid=50 and
        confarimamodeloaplicadoindice= 1480
        and confarimamodeloaplicadoanio = 2024 and confarimamodeloaplicadomes = 14

     for 50
2024-04-18 21:26:35,635 - INFO - updated update_forecast 50
2024-04-18 21:26:35,636 - INFO -  update query  
        update confarimamodeloaplicado
        set procesado=TRUE,
        confarimamodeloaplicadoporc=71.098
        where confarimacabezalid=50 and
        confarimamodeloaplicadoindice= 1480
        and confarimamodeloaplicadoanio = 2024 and confarimamodeloaplicadomes = 14

    
2024-04-18 21:26:35,636 - INFO - updating with  
        update confarimamodeloaplicado
        set procesado=TRUE,
        confarimamodeloaplicadoporc=76.608
        where confarimacabezalid=50 and
        confarimamodeloaplicadoindice= 1480
        and confarimamodeloaplicadoanio = 2024 and confarimamodeloaplicadomes = 15

     for 50
2024-04-18 21:26:35,637 - INFO - updated update_forecast 50
2024-04-18 21:26:35,638 - INFO -  update query  
        update confarimamodeloaplicado
        set procesado=TRUE,
        confarimamodeloaplicadoporc=76.608
        where confarimacabezalid=50 and
        confarimamodeloaplicadoindice= 1480
        and confarimamodeloaplicadoanio = 2024 and confarimamodeloaplicadomes = 15

    
2024-04-18 21:26:35,638 - INFO - updating with  
        update confarimamodeloaplicado
        set procesado=TRUE,
        confarimamodeloaplicadoporc=82.119
        where confarimacabezalid=50 and
        confarimamodeloaplicadoindice= 1480
        and confarimamodeloaplicadoanio = 2024 and confarimamodeloaplicadomes = 16

     for 50
2024-04-18 21:26:35,640 - INFO - updated update_forecast 50
2024-04-18 21:26:35,640 - INFO -  update query  
        update confarimamodeloaplicado
        set procesado=TRUE,
        confarimamodeloaplicadoporc=82.119
        where confarimacabezalid=50 and
        confarimamodeloaplicadoindice= 1480
        and confarimamodeloaplicadoanio = 2024 and confarimamodeloaplicadomes = 16

    
2024-04-18 21:26:35,640 - INFO - updating with  
        update confarimamodeloaplicado
        set procesado=TRUE,
        confarimamodeloaplicadoporc=87.63
        where confarimacabezalid=50 and
        confarimamodeloaplicadoindice= 1480
        and confarimamodeloaplicadoanio = 2024 and confarimamodeloaplicadomes = 17

     for 50
2024-04-18 21:26:35,642 - INFO - updated update_forecast 50
2024-04-18 21:26:35,642 - INFO -  update query  
        update confarimamodeloaplicado
        set procesado=TRUE,
        confarimamodeloaplicadoporc=87.63
        where confarimacabezalid=50 and
        confarimamodeloaplicadoindice= 1480
        and confarimamodeloaplicadoanio = 2024 and confarimamodeloaplicadomes = 17

    
2024-04-18 21:26:35,643 - INFO - updating with  
        update confarimamodeloaplicado
        set procesado=TRUE,
        confarimamodeloaplicadoporc=93.141
        where confarimacabezalid=50 and
        confarimamodeloaplicadoindice= 1480
        and confarimamodeloaplicadoanio = 2024 and confarimamodeloaplicadomes = 18

     for 50
2024-04-18 21:26:35,644 - INFO - updated update_forecast 50
2024-04-18 21:26:35,644 - INFO -  update query  
        update confarimamodeloaplicado
        set procesado=TRUE,
        confarimamodeloaplicadoporc=93.141
        where confarimacabezalid=50 and
        confarimamodeloaplicadoindice= 1480
        and confarimamodeloaplicadoanio = 2024 and confarimamodeloaplicadomes = 18

    
2024-04-18 21:26:35,645 - INFO - updating with  
        update confarimamodeloaplicado
        set procesado=TRUE,
        confarimamodeloaplicadoporc=0.0
        where confarimacabezalid=50 and
        confarimamodeloaplicadoindice= 1480
        and confarimamodeloaplicadoanio = 2025 and confarimamodeloaplicadomes = 1

     for 50
2024-04-18 21:26:35,647 - INFO - updated update_forecast 50
2024-04-18 21:26:35,647 - INFO -  update query  
        update confarimamodeloaplicado
        set procesado=TRUE,
        confarimamodeloaplicadoporc=0.0
        where confarimacabezalid=50 and
        confarimamodeloaplicadoindice= 1480
        and confarimamodeloaplicadoanio = 2025 and confarimamodeloaplicadomes = 1

    
2024-04-18 21:26:35,647 - INFO - updating with  
        update confarimamodeloaplicado
        set procesado=TRUE,
        confarimamodeloaplicadoporc=5.511
        where confarimacabezalid=50 and
        confarimamodeloaplicadoindice= 1480
        and confarimamodeloaplicadoanio = 2025 and confarimamodeloaplicadomes = 2

     for 50
2024-04-18 21:26:35,648 - INFO - updated update_forecast 50
2024-04-18 21:26:35,649 - INFO -  update query  
        update confarimamodeloaplicado
        set procesado=TRUE,
        confarimamodeloaplicadoporc=5.511
        where confarimacabezalid=50 and
        confarimamodeloaplicadoindice= 1480
        and confarimamodeloaplicadoanio = 2025 and confarimamodeloaplicadomes = 2

    
2024-04-18 21:26:35,649 - INFO - updating with  
        update confarimamodeloaplicado
        set procesado=TRUE,
        confarimamodeloaplicadoporc=11.021
        where confarimacabezalid=50 and
        confarimamodeloaplicadoindice= 1480
        and confarimamodeloaplicadoanio = 2025 and confarimamodeloaplicadomes = 3

     for 50
2024-04-18 21:26:35,650 - INFO - updated update_forecast 50
2024-04-18 21:26:35,651 - INFO -  update query  
        update confarimamodeloaplicado
        set procesado=TRUE,
        confarimamodeloaplicadoporc=11.021
        where confarimacabezalid=50 and
        confarimamodeloaplicadoindice= 1480
        and confarimamodeloaplicadoanio = 2025 and confarimamodeloaplicadomes = 3

    
2024-04-18 21:26:35,651 - INFO - updating with  
        update confarimamodeloaplicado
        set procesado=TRUE,
        confarimamodeloaplicadoporc=16.532
        where confarimacabezalid=50 and
        confarimamodeloaplicadoindice= 1480
        and confarimamodeloaplicadoanio = 2025 and confarimamodeloaplicadomes = 4

     for 50
2024-04-18 21:26:35,652 - INFO - updated update_forecast 50
2024-04-18 21:26:35,653 - INFO -  update query  
        update confarimamodeloaplicado
        set procesado=TRUE,
        confarimamodeloaplicadoporc=16.532
        where confarimacabezalid=50 and
        confarimamodeloaplicadoindice= 1480
        and confarimamodeloaplicadoanio = 2025 and confarimamodeloaplicadomes = 4

    
2024-04-18 21:26:35,653 - INFO - updating with  
        update confarimamodeloaplicado
        set procesado=TRUE,
        confarimamodeloaplicadoporc=22.043
        where confarimacabezalid=50 and
        confarimamodeloaplicadoindice= 1480
        and confarimamodeloaplicadoanio = 2025 and confarimamodeloaplicadomes = 5

     for 50
2024-04-18 21:26:35,654 - INFO - updated update_forecast 50
2024-04-18 21:26:35,655 - INFO -  update query  
        update confarimamodeloaplicado
        set procesado=TRUE,
        confarimamodeloaplicadoporc=22.043
        where confarimacabezalid=50 and
        confarimamodeloaplicadoindice= 1480
        and confarimamodeloaplicadoanio = 2025 and confarimamodeloaplicadomes = 5

    
2024-04-18 21:26:35,655 - INFO - updating with  
        update confarimamodeloaplicado
        set procesado=TRUE,
        confarimamodeloaplicadoporc=27.553
        where confarimacabezalid=50 and
        confarimamodeloaplicadoindice= 1480
        and confarimamodeloaplicadoanio = 2025 and confarimamodeloaplicadomes = 6

     for 50
2024-04-18 21:26:35,656 - INFO - updated update_forecast 50
2024-04-18 21:26:35,656 - INFO -  update query  
        update confarimamodeloaplicado
        set procesado=TRUE,
        confarimamodeloaplicadoporc=27.553
        where confarimacabezalid=50 and
        confarimamodeloaplicadoindice= 1480
        and confarimamodeloaplicadoanio = 2025 and confarimamodeloaplicadomes = 6

    
2024-04-18 21:26:35,657 - INFO - updating with  
        update confarimamodeloaplicado
        set procesado=TRUE,
        confarimamodeloaplicadoporc=33.064
        where confarimacabezalid=50 and
        confarimamodeloaplicadoindice= 1480
        and confarimamodeloaplicadoanio = 2025 and confarimamodeloaplicadomes = 7

     for 50
2024-04-18 21:26:35,658 - INFO - updated update_forecast 50
2024-04-18 21:26:35,658 - INFO -  update query  
        update confarimamodeloaplicado
        set procesado=TRUE,
        confarimamodeloaplicadoporc=33.064
        where confarimacabezalid=50 and
        confarimamodeloaplicadoindice= 1480
        and confarimamodeloaplicadoanio = 2025 and confarimamodeloaplicadomes = 7

    
2024-04-18 21:26:35,659 - INFO - updating with  
        update confarimamodeloaplicado
        set procesado=TRUE,
        confarimamodeloaplicadoporc=38.575
        where confarimacabezalid=50 and
        confarimamodeloaplicadoindice= 1480
        and confarimamodeloaplicadoanio = 2025 and confarimamodeloaplicadomes = 8

     for 50
2024-04-18 21:26:35,659 - INFO - updated update_forecast 50
2024-04-18 21:26:35,660 - INFO -  update query  
        update confarimamodeloaplicado
        set procesado=TRUE,
        confarimamodeloaplicadoporc=38.575
        where confarimacabezalid=50 and
        confarimamodeloaplicadoindice= 1480
        and confarimamodeloaplicadoanio = 2025 and confarimamodeloaplicadomes = 8

    
2024-04-18 21:26:35,660 - INFO - updating with  
        update confarimamodeloaplicado
        set procesado=TRUE,
        confarimamodeloaplicadoporc=44.085
        where confarimacabezalid=50 and
        confarimamodeloaplicadoindice= 1480
        and confarimamodeloaplicadoanio = 2025 and confarimamodeloaplicadomes = 9

     for 50
2024-04-18 21:26:35,661 - INFO - updated update_forecast 50
2024-04-18 21:26:35,661 - INFO -  update query  
        update confarimamodeloaplicado
        set procesado=TRUE,
        confarimamodeloaplicadoporc=44.085
        where confarimacabezalid=50 and
        confarimamodeloaplicadoindice= 1480
        and confarimamodeloaplicadoanio = 2025 and confarimamodeloaplicadomes = 9

    
2024-04-18 21:26:35,661 - INFO - updating with  
        update confarimamodeloaplicado
        set procesado=TRUE,
        confarimamodeloaplicadoporc=49.596
        where confarimacabezalid=50 and
        confarimamodeloaplicadoindice= 1480
        and confarimamodeloaplicadoanio = 2025 and confarimamodeloaplicadomes = 10

     for 50
2024-04-18 21:26:35,662 - INFO - updated update_forecast 50
2024-04-18 21:26:35,662 - INFO -  update query  
        update confarimamodeloaplicado
        set procesado=TRUE,
        confarimamodeloaplicadoporc=49.596
        where confarimacabezalid=50 and
        confarimamodeloaplicadoindice= 1480
        and confarimamodeloaplicadoanio = 2025 and confarimamodeloaplicadomes = 10

    
2024-04-18 21:26:35,663 - INFO - updating with  
        update confarimamodeloaplicado
        set procesado=TRUE,
        confarimamodeloaplicadoporc=55.107
        where confarimacabezalid=50 and
        confarimamodeloaplicadoindice= 1480
        and confarimamodeloaplicadoanio = 2025 and confarimamodeloaplicadomes = 11

     for 50
2024-04-18 21:26:35,663 - INFO - updated update_forecast 50
2024-04-18 21:26:35,664 - INFO -  update query  
        update confarimamodeloaplicado
        set procesado=TRUE,
        confarimamodeloaplicadoporc=55.107
        where confarimacabezalid=50 and
        confarimamodeloaplicadoindice= 1480
        and confarimamodeloaplicadoanio = 2025 and confarimamodeloaplicadomes = 11

    
2024-04-18 21:26:35,664 - INFO - updating with  
        update confarimamodeloaplicado
        set procesado=TRUE,
        confarimamodeloaplicadoporc=60.618
        where confarimacabezalid=50 and
        confarimamodeloaplicadoindice= 1480
        and confarimamodeloaplicadoanio = 2025 and confarimamodeloaplicadomes = 12

     for 50
2024-04-18 21:26:35,665 - INFO - updated update_forecast 50
2024-04-18 21:26:35,665 - INFO -  update query  
        update confarimamodeloaplicado
        set procesado=TRUE,
        confarimamodeloaplicadoporc=60.618
        where confarimacabezalid=50 and
        confarimamodeloaplicadoindice= 1480
        and confarimamodeloaplicadoanio = 2025 and confarimamodeloaplicadomes = 12

    
2024-04-18 21:26:35,666 - INFO - updating with  
        update confarimamodeloaplicado
        set procesado=TRUE,
        confarimamodeloaplicadoporc=66.128
        where confarimacabezalid=50 and
        confarimamodeloaplicadoindice= 1480
        and confarimamodeloaplicadoanio = 2025 and confarimamodeloaplicadomes = 13

     for 50
2024-04-18 21:26:35,666 - INFO - updated update_forecast 50
2024-04-18 21:26:35,667 - INFO -  update query  
        update confarimamodeloaplicado
        set procesado=TRUE,
        confarimamodeloaplicadoporc=66.128
        where confarimacabezalid=50 and
        confarimamodeloaplicadoindice= 1480
        and confarimamodeloaplicadoanio = 2025 and confarimamodeloaplicadomes = 13

    
2024-04-18 21:26:35,667 - INFO - updating with  
        update confarimamodeloaplicado
        set procesado=TRUE,
        confarimamodeloaplicadoporc=71.639
        where confarimacabezalid=50 and
        confarimamodeloaplicadoindice= 1480
        and confarimamodeloaplicadoanio = 2025 and confarimamodeloaplicadomes = 14

     for 50
2024-04-18 21:26:35,668 - INFO - updated update_forecast 50
2024-04-18 21:26:35,668 - INFO -  update query  
        update confarimamodeloaplicado
        set procesado=TRUE,
        confarimamodeloaplicadoporc=71.639
        where confarimacabezalid=50 and
        confarimamodeloaplicadoindice= 1480
        and confarimamodeloaplicadoanio = 2025 and confarimamodeloaplicadomes = 14

    
2024-04-18 21:26:35,668 - INFO - updating with  
        update confarimamodeloaplicado
        set procesado=TRUE,
        confarimamodeloaplicadoporc=77.15
        where confarimacabezalid=50 and
        confarimamodeloaplicadoindice= 1480
        and confarimamodeloaplicadoanio = 2025 and confarimamodeloaplicadomes = 15

     for 50
2024-04-18 21:26:35,669 - INFO - updated update_forecast 50
2024-04-18 21:26:35,669 - INFO -  update query  
        update confarimamodeloaplicado
        set procesado=TRUE,
        confarimamodeloaplicadoporc=77.15
        where confarimacabezalid=50 and
        confarimamodeloaplicadoindice= 1480
        and confarimamodeloaplicadoanio = 2025 and confarimamodeloaplicadomes = 15

    
2024-04-18 21:26:35,670 - INFO - updating with  
        update confarimamodeloaplicado
        set procesado=TRUE,
        confarimamodeloaplicadoporc=82.66
        where confarimacabezalid=50 and
        confarimamodeloaplicadoindice= 1480
        and confarimamodeloaplicadoanio = 2025 and confarimamodeloaplicadomes = 16

     for 50
2024-04-18 21:26:35,671 - INFO - updated update_forecast 50
2024-04-18 21:26:35,671 - INFO -  update query  
        update confarimamodeloaplicado
        set procesado=TRUE,
        confarimamodeloaplicadoporc=82.66
        where confarimacabezalid=50 and
        confarimamodeloaplicadoindice= 1480
        and confarimamodeloaplicadoanio = 2025 and confarimamodeloaplicadomes = 16

    
2024-04-18 21:26:35,671 - INFO - updating with  
        update confarimamodeloaplicado
        set procesado=TRUE,
        confarimamodeloaplicadoporc=88.171
        where confarimacabezalid=50 and
        confarimamodeloaplicadoindice= 1480
        and confarimamodeloaplicadoanio = 2025 and confarimamodeloaplicadomes = 17

     for 50
2024-04-18 21:26:35,672 - INFO - updated update_forecast 50
2024-04-18 21:26:35,672 - INFO -  update query  
        update confarimamodeloaplicado
        set procesado=TRUE,
        confarimamodeloaplicadoporc=88.171
        where confarimacabezalid=50 and
        confarimamodeloaplicadoindice= 1480
        and confarimamodeloaplicadoanio = 2025 and confarimamodeloaplicadomes = 17

    
2024-04-18 21:26:35,673 - INFO - updating with  
        update confarimamodeloaplicado
        set procesado=TRUE,
        confarimamodeloaplicadoporc=93.682
        where confarimacabezalid=50 and
        confarimamodeloaplicadoindice= 1480
        and confarimamodeloaplicadoanio = 2025 and confarimamodeloaplicadomes = 18

     for 50
2024-04-18 21:26:35,674 - INFO - updated update_forecast 50
2024-04-18 21:26:35,674 - INFO -  update query  
        update confarimamodeloaplicado
        set procesado=TRUE,
        confarimamodeloaplicadoporc=93.682
        where confarimacabezalid=50 and
        confarimamodeloaplicadoindice= 1480
        and confarimamodeloaplicadoanio = 2025 and confarimamodeloaplicadomes = 18

    
2024-05-06 15:50:07,023 - INFO - geting total obs
2024-05-06 15:50:07,157 - INFO - estimating seasonal order using cannova-hansen test
2024-05-06 15:50:07,158 - INFO - estimating arima no season 
2024-05-06 15:50:19,600 - INFO - seasonal model was selected with aic893.855865848678
2024-05-06 16:11:13,717 - INFO - geting total obs
2024-05-06 16:11:13,764 - INFO - estimating seasonal order using cannova-hansen test
2024-05-06 16:11:13,764 - INFO - estimating arima no season 
2024-05-06 16:11:25,811 - INFO - seasonal model was selected with aic893.855865848678
