2024-03-05 20:09:18,148 - INFO - getting data for 68
2024-03-05 20:09:18,176 - INFO - anio_desde historico = 2022
2024-03-05 20:09:18,176 - INFO - anio_hasta historico = 2023
2024-03-05 20:09:18,183 - INFO - finishing geting data 2022 2023 and indice 5
2024-03-05 20:09:18,192 - INFO -  years for fore cast    aniodesde  aniohasta
0       2024       2028
2024-03-05 20:09:18,204 - INFO - geting total obs
2024-03-05 20:09:18,204 - INFO - estimating seasonal order using cannova-hansen test
2024-03-05 20:09:18,205 - INFO - estimating arima no season 
2024-03-05 20:09:20,321 - INFO - seasonal model was selected with aic846.9485072604386
2024-03-05 20:09:20,332 - INFO - updating with 
    update confarimaresultado set confarimaar=0,
    confarimai= 0, confarimama= 1
    where  confarimacabezalid= 68 and
    confarimaindice= 5
     for 68
2024-03-05 20:09:20,339 - INFO - updated specs 68
2024-03-05 20:09:20,339 - INFO -  update query 
    update confarimaresultado set confarimaar=0,
    confarimai= 0, confarimama= 1
    where  confarimacabezalid= 68 and
    confarimaindice= 5
    
2024-03-05 20:09:20,339 - INFO - finish load model info for 68
2024-03-05 20:09:20,341 - INFO - updating with  
        update confarimamodeloaplicado
        set procesado=TRUE,
        confarimamodeloaplicadoporc=-742.368
        where confarimacabezalid=68 and
        confarimamodeloaplicadoindice= 5
        and confarimamodeloaplicadoanio = 2024 and confarimamodeloaplicadomes = 14

     for 68
2024-03-05 20:09:20,349 - INFO - updated update_forecast 68
2024-03-05 20:09:20,349 - INFO -  update query  
        update confarimamodeloaplicado
        set procesado=TRUE,
        confarimamodeloaplicadoporc=-742.368
        where confarimacabezalid=68 and
        confarimamodeloaplicadoindice= 5
        and confarimamodeloaplicadoanio = 2024 and confarimamodeloaplicadomes = 14

    
2024-03-05 20:09:20,350 - INFO - updating with  
        update confarimamodeloaplicado
        set procesado=TRUE,
        confarimamodeloaplicadoporc=7782.963
        where confarimacabezalid=68 and
        confarimamodeloaplicadoindice= 5
        and confarimamodeloaplicadoanio = 2024 and confarimamodeloaplicadomes = 7

     for 68
2024-03-05 20:09:20,352 - INFO - updated update_forecast 68
2024-03-05 20:09:20,352 - INFO -  update query  
        update confarimamodeloaplicado
        set procesado=TRUE,
        confarimamodeloaplicadoporc=7782.963
        where confarimacabezalid=68 and
        confarimamodeloaplicadoindice= 5
        and confarimamodeloaplicadoanio = 2024 and confarimamodeloaplicadomes = 7

    
2024-03-05 20:09:20,352 - INFO - updating with  
        update confarimamodeloaplicado
        set procesado=TRUE,
        confarimamodeloaplicadoporc=7782.963
        where confarimacabezalid=68 and
        confarimamodeloaplicadoindice= 5
        and confarimamodeloaplicadoanio = 2024 and confarimamodeloaplicadomes = 7

     for 68
2024-03-05 20:09:20,355 - INFO - updated update_forecast 68
2024-03-05 20:09:20,355 - INFO -  update query  
        update confarimamodeloaplicado
        set procesado=TRUE,
        confarimamodeloaplicadoporc=7782.963
        where confarimacabezalid=68 and
        confarimamodeloaplicadoindice= 5
        and confarimamodeloaplicadoanio = 2024 and confarimamodeloaplicadomes = 7

    
2024-03-05 20:09:20,355 - INFO - updating with  
        update confarimamodeloaplicado
        set procesado=TRUE,
        confarimamodeloaplicadoporc=7782.963
        where confarimacabezalid=68 and
        confarimamodeloaplicadoindice= 5
        and confarimamodeloaplicadoanio = 2024 and confarimamodeloaplicadomes = 7

     for 68
2024-03-05 20:09:20,357 - INFO - updated update_forecast 68
2024-03-05 20:09:20,357 - INFO -  update query  
        update confarimamodeloaplicado
        set procesado=TRUE,
        confarimamodeloaplicadoporc=7782.963
        where confarimacabezalid=68 and
        confarimamodeloaplicadoindice= 5
        and confarimamodeloaplicadoanio = 2024 and confarimamodeloaplicadomes = 7

    
2024-03-05 20:09:20,357 - INFO - updating with  
        update confarimamodeloaplicado
        set procesado=TRUE,
        confarimamodeloaplicadoporc=7782.963
        where confarimacabezalid=68 and
        confarimamodeloaplicadoindice= 5
        and confarimamodeloaplicadoanio = 2024 and confarimamodeloaplicadomes = 7

     for 68
2024-03-05 20:09:20,359 - INFO - updated update_forecast 68
2024-03-05 20:09:20,359 - INFO -  update query  
        update confarimamodeloaplicado
        set procesado=TRUE,
        confarimamodeloaplicadoporc=7782.963
        where confarimacabezalid=68 and
        confarimamodeloaplicadoindice= 5
        and confarimamodeloaplicadoanio = 2024 and confarimamodeloaplicadomes = 7

    
2024-03-05 20:09:20,360 - INFO - updating with  
        update confarimamodeloaplicado
        set procesado=TRUE,
        confarimamodeloaplicadoporc=7782.963
        where confarimacabezalid=68 and
        confarimamodeloaplicadoindice= 5
        and confarimamodeloaplicadoanio = 2024 and confarimamodeloaplicadomes = 7

     for 68
2024-03-05 20:09:20,361 - INFO - updated update_forecast 68
2024-03-05 20:09:20,362 - INFO -  update query  
        update confarimamodeloaplicado
        set procesado=TRUE,
        confarimamodeloaplicadoporc=7782.963
        where confarimacabezalid=68 and
        confarimamodeloaplicadoindice= 5
        and confarimamodeloaplicadoanio = 2024 and confarimamodeloaplicadomes = 7

    
2024-03-05 20:09:20,362 - INFO - updating with  
        update confarimamodeloaplicado
        set procesado=TRUE,
        confarimamodeloaplicadoporc=7782.963
        where confarimacabezalid=68 and
        confarimamodeloaplicadoindice= 5
        and confarimamodeloaplicadoanio = 2024 and confarimamodeloaplicadomes = 7

     for 68
2024-03-05 20:09:20,364 - INFO - updated update_forecast 68
2024-03-05 20:09:20,364 - INFO -  update query  
        update confarimamodeloaplicado
        set procesado=TRUE,
        confarimamodeloaplicadoporc=7782.963
        where confarimacabezalid=68 and
        confarimamodeloaplicadoindice= 5
        and confarimamodeloaplicadoanio = 2024 and confarimamodeloaplicadomes = 7

    
2024-03-05 20:09:20,364 - INFO - updating with  
        update confarimamodeloaplicado
        set procesado=TRUE,
        confarimamodeloaplicadoporc=7782.963
        where confarimacabezalid=68 and
        confarimamodeloaplicadoindice= 5
        and confarimamodeloaplicadoanio = 2024 and confarimamodeloaplicadomes = 7

     for 68
2024-03-05 20:09:20,366 - INFO - updated update_forecast 68
2024-03-05 20:09:20,366 - INFO -  update query  
        update confarimamodeloaplicado
        set procesado=TRUE,
        confarimamodeloaplicadoporc=7782.963
        where confarimacabezalid=68 and
        confarimamodeloaplicadoindice= 5
        and confarimamodeloaplicadoanio = 2024 and confarimamodeloaplicadomes = 7

    
2024-03-05 20:09:20,366 - INFO - updating with  
        update confarimamodeloaplicado
        set procesado=TRUE,
        confarimamodeloaplicadoporc=7782.963
        where confarimacabezalid=68 and
        confarimamodeloaplicadoindice= 5
        and confarimamodeloaplicadoanio = 2024 and confarimamodeloaplicadomes = 7

     for 68
2024-03-05 20:09:20,369 - INFO - updated update_forecast 68
2024-03-05 20:09:20,369 - INFO -  update query  
        update confarimamodeloaplicado
        set procesado=TRUE,
        confarimamodeloaplicadoporc=7782.963
        where confarimacabezalid=68 and
        confarimamodeloaplicadoindice= 5
        and confarimamodeloaplicadoanio = 2024 and confarimamodeloaplicadomes = 7

    
2024-03-05 20:09:20,370 - INFO - updating with  
        update confarimamodeloaplicado
        set procesado=TRUE,
        confarimamodeloaplicadoporc=7782.963
        where confarimacabezalid=68 and
        confarimamodeloaplicadoindice= 5
        and confarimamodeloaplicadoanio = 2024 and confarimamodeloaplicadomes = 7

     for 68
2024-03-05 20:09:20,372 - INFO - updated update_forecast 68
2024-03-05 20:09:20,372 - INFO -  update query  
        update confarimamodeloaplicado
        set procesado=TRUE,
        confarimamodeloaplicadoporc=7782.963
        where confarimacabezalid=68 and
        confarimamodeloaplicadoindice= 5
        and confarimamodeloaplicadoanio = 2024 and confarimamodeloaplicadomes = 7

    
2024-03-05 20:09:20,372 - INFO - updating with  
        update confarimamodeloaplicado
        set procesado=TRUE,
        confarimamodeloaplicadoporc=7782.963
        where confarimacabezalid=68 and
        confarimamodeloaplicadoindice= 5
        and confarimamodeloaplicadoanio = 2024 and confarimamodeloaplicadomes = 7

     for 68
2024-03-05 20:09:20,374 - INFO - updated update_forecast 68
2024-03-05 20:09:20,374 - INFO -  update query  
        update confarimamodeloaplicado
        set procesado=TRUE,
        confarimamodeloaplicadoporc=7782.963
        where confarimacabezalid=68 and
        confarimamodeloaplicadoindice= 5
        and confarimamodeloaplicadoanio = 2024 and confarimamodeloaplicadomes = 7

    
2024-03-05 20:09:20,374 - INFO - updating with  
        update confarimamodeloaplicado
        set procesado=TRUE,
        confarimamodeloaplicadoporc=7782.963
        where confarimacabezalid=68 and
        confarimamodeloaplicadoindice= 5
        and confarimamodeloaplicadoanio = 2024 and confarimamodeloaplicadomes = 7

     for 68
2024-03-05 20:09:20,376 - INFO - updated update_forecast 68
2024-03-05 20:09:20,376 - INFO -  update query  
        update confarimamodeloaplicado
        set procesado=TRUE,
        confarimamodeloaplicadoporc=7782.963
        where confarimacabezalid=68 and
        confarimamodeloaplicadoindice= 5
        and confarimamodeloaplicadoanio = 2024 and confarimamodeloaplicadomes = 7

    
2024-03-05 20:09:20,377 - INFO - updating with  
        update confarimamodeloaplicado
        set procesado=TRUE,
        confarimamodeloaplicadoporc=7782.963
        where confarimacabezalid=68 and
        confarimamodeloaplicadoindice= 5
        and confarimamodeloaplicadoanio = 2024 and confarimamodeloaplicadomes = 7

     for 68
2024-03-05 20:09:20,378 - INFO - updated update_forecast 68
2024-03-05 20:09:20,379 - INFO -  update query  
        update confarimamodeloaplicado
        set procesado=TRUE,
        confarimamodeloaplicadoporc=7782.963
        where confarimacabezalid=68 and
        confarimamodeloaplicadoindice= 5
        and confarimamodeloaplicadoanio = 2024 and confarimamodeloaplicadomes = 7

    
2024-03-05 20:09:20,379 - INFO - updating with  
        update confarimamodeloaplicado
        set procesado=TRUE,
        confarimamodeloaplicadoporc=7782.963
        where confarimacabezalid=68 and
        confarimamodeloaplicadoindice= 5
        and confarimamodeloaplicadoanio = 2024 and confarimamodeloaplicadomes = 7

     for 68
2024-03-05 20:09:20,380 - INFO - updated update_forecast 68
2024-03-05 20:09:20,381 - INFO -  update query  
        update confarimamodeloaplicado
        set procesado=TRUE,
        confarimamodeloaplicadoporc=7782.963
        where confarimacabezalid=68 and
        confarimamodeloaplicadoindice= 5
        and confarimamodeloaplicadoanio = 2024 and confarimamodeloaplicadomes = 7

    
2024-03-05 20:09:20,381 - INFO - updating with  
        update confarimamodeloaplicado
        set procesado=TRUE,
        confarimamodeloaplicadoporc=7782.963
        where confarimacabezalid=68 and
        confarimamodeloaplicadoindice= 5
        and confarimamodeloaplicadoanio = 2024 and confarimamodeloaplicadomes = 7

     for 68
2024-03-05 20:09:20,382 - INFO - updated update_forecast 68
2024-03-05 20:09:20,382 - INFO -  update query  
        update confarimamodeloaplicado
        set procesado=TRUE,
        confarimamodeloaplicadoporc=7782.963
        where confarimacabezalid=68 and
        confarimamodeloaplicadoindice= 5
        and confarimamodeloaplicadoanio = 2024 and confarimamodeloaplicadomes = 7

    
2024-03-05 20:09:20,383 - INFO - updating with  
        update confarimamodeloaplicado
        set procesado=TRUE,
        confarimamodeloaplicadoporc=7782.963
        where confarimacabezalid=68 and
        confarimamodeloaplicadoindice= 5
        and confarimamodeloaplicadoanio = 2024 and confarimamodeloaplicadomes = 7

     for 68
2024-03-05 20:09:20,384 - INFO - updated update_forecast 68
2024-03-05 20:09:20,385 - INFO -  update query  
        update confarimamodeloaplicado
        set procesado=TRUE,
        confarimamodeloaplicadoporc=7782.963
        where confarimacabezalid=68 and
        confarimamodeloaplicadoindice= 5
        and confarimamodeloaplicadoanio = 2024 and confarimamodeloaplicadomes = 7

    
2024-03-05 20:09:20,385 - INFO - updating with  
        update confarimamodeloaplicado
        set procesado=TRUE,
        confarimamodeloaplicadoporc=7782.963
        where confarimacabezalid=68 and
        confarimamodeloaplicadoindice= 5
        and confarimamodeloaplicadoanio = 2024 and confarimamodeloaplicadomes = 7

     for 68
2024-03-05 20:09:20,387 - INFO - updated update_forecast 68
2024-03-05 20:09:20,387 - INFO -  update query  
        update confarimamodeloaplicado
        set procesado=TRUE,
        confarimamodeloaplicadoporc=7782.963
        where confarimacabezalid=68 and
        confarimamodeloaplicadoindice= 5
        and confarimamodeloaplicadoanio = 2024 and confarimamodeloaplicadomes = 7

    
2024-03-05 20:09:20,387 - INFO - updating with  
        update confarimamodeloaplicado
        set procesado=TRUE,
        confarimamodeloaplicadoporc=7782.963
        where confarimacabezalid=68 and
        confarimamodeloaplicadoindice= 5
        and confarimamodeloaplicadoanio = 2024 and confarimamodeloaplicadomes = 7

     for 68
2024-03-05 20:09:20,388 - INFO - updated update_forecast 68
2024-03-05 20:09:20,389 - INFO -  update query  
        update confarimamodeloaplicado
        set procesado=TRUE,
        confarimamodeloaplicadoporc=7782.963
        where confarimacabezalid=68 and
        confarimamodeloaplicadoindice= 5
        and confarimamodeloaplicadoanio = 2024 and confarimamodeloaplicadomes = 7

    
2024-03-05 20:09:20,389 - INFO - updating with  
        update confarimamodeloaplicado
        set procesado=TRUE,
        confarimamodeloaplicadoporc=7782.963
        where confarimacabezalid=68 and
        confarimamodeloaplicadoindice= 5
        and confarimamodeloaplicadoanio = 2025 and confarimamodeloaplicadomes = 7

     for 68
2024-03-05 20:09:20,390 - INFO - updated update_forecast 68
2024-03-05 20:09:20,390 - INFO -  update query  
        update confarimamodeloaplicado
        set procesado=TRUE,
        confarimamodeloaplicadoporc=7782.963
        where confarimacabezalid=68 and
        confarimamodeloaplicadoindice= 5
        and confarimamodeloaplicadoanio = 2025 and confarimamodeloaplicadomes = 7

    
2024-03-05 20:09:20,390 - INFO - updating with  
        update confarimamodeloaplicado
        set procesado=TRUE,
        confarimamodeloaplicadoporc=7782.963
        where confarimacabezalid=68 and
        confarimamodeloaplicadoindice= 5
        and confarimamodeloaplicadoanio = 2025 and confarimamodeloaplicadomes = 7

     for 68
2024-03-05 20:09:20,392 - INFO - updated update_forecast 68
2024-03-05 20:09:20,392 - INFO -  update query  
        update confarimamodeloaplicado
        set procesado=TRUE,
        confarimamodeloaplicadoporc=7782.963
        where confarimacabezalid=68 and
        confarimamodeloaplicadoindice= 5
        and confarimamodeloaplicadoanio = 2025 and confarimamodeloaplicadomes = 7

    
2024-03-05 20:09:20,392 - INFO - updating with  
        update confarimamodeloaplicado
        set procesado=TRUE,
        confarimamodeloaplicadoporc=7782.963
        where confarimacabezalid=68 and
        confarimamodeloaplicadoindice= 5
        and confarimamodeloaplicadoanio = 2025 and confarimamodeloaplicadomes = 7

     for 68
2024-03-05 20:09:20,394 - INFO - updated update_forecast 68
2024-03-05 20:09:20,394 - INFO -  update query  
        update confarimamodeloaplicado
        set procesado=TRUE,
        confarimamodeloaplicadoporc=7782.963
        where confarimacabezalid=68 and
        confarimamodeloaplicadoindice= 5
        and confarimamodeloaplicadoanio = 2025 and confarimamodeloaplicadomes = 7

    
2024-03-05 20:09:20,394 - INFO - updating with  
        update confarimamodeloaplicado
        set procesado=TRUE,
        confarimamodeloaplicadoporc=7782.963
        where confarimacabezalid=68 and
        confarimamodeloaplicadoindice= 5
        and confarimamodeloaplicadoanio = 2025 and confarimamodeloaplicadomes = 7

     for 68
2024-03-05 20:09:20,396 - INFO - updated update_forecast 68
2024-03-05 20:09:20,396 - INFO -  update query  
        update confarimamodeloaplicado
        set procesado=TRUE,
        confarimamodeloaplicadoporc=7782.963
        where confarimacabezalid=68 and
        confarimamodeloaplicadoindice= 5
        and confarimamodeloaplicadoanio = 2025 and confarimamodeloaplicadomes = 7

    
2024-03-05 20:09:20,396 - INFO - updating with  
        update confarimamodeloaplicado
        set procesado=TRUE,
        confarimamodeloaplicadoporc=7782.963
        where confarimacabezalid=68 and
        confarimamodeloaplicadoindice= 5
        and confarimamodeloaplicadoanio = 2025 and confarimamodeloaplicadomes = 7

     for 68
2024-03-05 20:09:20,397 - INFO - updated update_forecast 68
2024-03-05 20:09:20,397 - INFO -  update query  
        update confarimamodeloaplicado
        set procesado=TRUE,
        confarimamodeloaplicadoporc=7782.963
        where confarimacabezalid=68 and
        confarimamodeloaplicadoindice= 5
        and confarimamodeloaplicadoanio = 2025 and confarimamodeloaplicadomes = 7

    
2024-03-05 20:09:20,397 - INFO - updating with  
        update confarimamodeloaplicado
        set procesado=TRUE,
        confarimamodeloaplicadoporc=7782.963
        where confarimacabezalid=68 and
        confarimamodeloaplicadoindice= 5
        and confarimamodeloaplicadoanio = 2025 and confarimamodeloaplicadomes = 7

     for 68
2024-03-05 20:09:20,398 - INFO - updated update_forecast 68
2024-03-05 20:09:20,400 - INFO -  update query  
        update confarimamodeloaplicado
        set procesado=TRUE,
        confarimamodeloaplicadoporc=7782.963
        where confarimacabezalid=68 and
        confarimamodeloaplicadoindice= 5
        and confarimamodeloaplicadoanio = 2025 and confarimamodeloaplicadomes = 7

    
2024-03-05 20:09:20,400 - INFO - updating with  
        update confarimamodeloaplicado
        set procesado=TRUE,
        confarimamodeloaplicadoporc=7782.963
        where confarimacabezalid=68 and
        confarimamodeloaplicadoindice= 5
        and confarimamodeloaplicadoanio = 2025 and confarimamodeloaplicadomes = 7

     for 68
2024-03-05 20:09:20,401 - INFO - updated update_forecast 68
2024-03-05 20:09:20,402 - INFO -  update query  
        update confarimamodeloaplicado
        set procesado=TRUE,
        confarimamodeloaplicadoporc=7782.963
        where confarimacabezalid=68 and
        confarimamodeloaplicadoindice= 5
        and confarimamodeloaplicadoanio = 2025 and confarimamodeloaplicadomes = 7

    
2024-03-05 20:09:20,402 - INFO - updating with  
        update confarimamodeloaplicado
        set procesado=TRUE,
        confarimamodeloaplicadoporc=7782.963
        where confarimacabezalid=68 and
        confarimamodeloaplicadoindice= 5
        and confarimamodeloaplicadoanio = 2025 and confarimamodeloaplicadomes = 7

     for 68
2024-03-05 20:09:20,403 - INFO - updated update_forecast 68
2024-03-05 20:09:20,403 - INFO -  update query  
        update confarimamodeloaplicado
        set procesado=TRUE,
        confarimamodeloaplicadoporc=7782.963
        where confarimacabezalid=68 and
        confarimamodeloaplicadoindice= 5
        and confarimamodeloaplicadoanio = 2025 and confarimamodeloaplicadomes = 7

    
2024-03-05 20:09:20,404 - INFO - updating with  
        update confarimamodeloaplicado
        set procesado=TRUE,
        confarimamodeloaplicadoporc=7782.963
        where confarimacabezalid=68 and
        confarimamodeloaplicadoindice= 5
        and confarimamodeloaplicadoanio = 2025 and confarimamodeloaplicadomes = 7

     for 68
2024-03-05 20:09:20,405 - INFO - updated update_forecast 68
2024-03-05 20:09:20,405 - INFO -  update query  
        update confarimamodeloaplicado
        set procesado=TRUE,
        confarimamodeloaplicadoporc=7782.963
        where confarimacabezalid=68 and
        confarimamodeloaplicadoindice= 5
        and confarimamodeloaplicadoanio = 2025 and confarimamodeloaplicadomes = 7

    
2024-03-05 20:09:20,405 - INFO - updating with  
        update confarimamodeloaplicado
        set procesado=TRUE,
        confarimamodeloaplicadoporc=7782.963
        where confarimacabezalid=68 and
        confarimamodeloaplicadoindice= 5
        and confarimamodeloaplicadoanio = 2025 and confarimamodeloaplicadomes = 7

     for 68
2024-03-05 20:09:20,407 - INFO - updated update_forecast 68
2024-03-05 20:09:20,407 - INFO -  update query  
        update confarimamodeloaplicado
        set procesado=TRUE,
        confarimamodeloaplicadoporc=7782.963
        where confarimacabezalid=68 and
        confarimamodeloaplicadoindice= 5
        and confarimamodeloaplicadoanio = 2025 and confarimamodeloaplicadomes = 7

    
2024-03-05 20:09:20,407 - INFO - updating with  
        update confarimamodeloaplicado
        set procesado=TRUE,
        confarimamodeloaplicadoporc=7782.963
        where confarimacabezalid=68 and
        confarimamodeloaplicadoindice= 5
        and confarimamodeloaplicadoanio = 2025 and confarimamodeloaplicadomes = 7

     for 68
2024-03-05 20:09:20,409 - INFO - updated update_forecast 68
2024-03-05 20:09:20,409 - INFO -  update query  
        update confarimamodeloaplicado
        set procesado=TRUE,
        confarimamodeloaplicadoporc=7782.963
        where confarimacabezalid=68 and
        confarimamodeloaplicadoindice= 5
        and confarimamodeloaplicadoanio = 2025 and confarimamodeloaplicadomes = 7

    
2024-03-05 20:09:20,409 - INFO - updating with  
        update confarimamodeloaplicado
        set procesado=TRUE,
        confarimamodeloaplicadoporc=7782.963
        where confarimacabezalid=68 and
        confarimamodeloaplicadoindice= 5
        and confarimamodeloaplicadoanio = 2025 and confarimamodeloaplicadomes = 7

     for 68
2024-03-05 20:09:20,411 - INFO - updated update_forecast 68
2024-03-05 20:09:20,411 - INFO -  update query  
        update confarimamodeloaplicado
        set procesado=TRUE,
        confarimamodeloaplicadoporc=7782.963
        where confarimacabezalid=68 and
        confarimamodeloaplicadoindice= 5
        and confarimamodeloaplicadoanio = 2025 and confarimamodeloaplicadomes = 7

    
2024-03-05 20:09:20,411 - INFO - updating with  
        update confarimamodeloaplicado
        set procesado=TRUE,
        confarimamodeloaplicadoporc=7782.963
        where confarimacabezalid=68 and
        confarimamodeloaplicadoindice= 5
        and confarimamodeloaplicadoanio = 2025 and confarimamodeloaplicadomes = 7

     for 68
2024-03-05 20:09:20,412 - INFO - updated update_forecast 68
2024-03-05 20:09:20,412 - INFO -  update query  
        update confarimamodeloaplicado
        set procesado=TRUE,
        confarimamodeloaplicadoporc=7782.963
        where confarimacabezalid=68 and
        confarimamodeloaplicadoindice= 5
        and confarimamodeloaplicadoanio = 2025 and confarimamodeloaplicadomes = 7

    
2024-03-05 20:09:20,413 - INFO - updating with  
        update confarimamodeloaplicado
        set procesado=TRUE,
        confarimamodeloaplicadoporc=7782.963
        where confarimacabezalid=68 and
        confarimamodeloaplicadoindice= 5
        and confarimamodeloaplicadoanio = 2025 and confarimamodeloaplicadomes = 7

     for 68
2024-03-05 20:09:20,414 - INFO - updated update_forecast 68
2024-03-05 20:09:20,414 - INFO -  update query  
        update confarimamodeloaplicado
        set procesado=TRUE,
        confarimamodeloaplicadoporc=7782.963
        where confarimacabezalid=68 and
        confarimamodeloaplicadoindice= 5
        and confarimamodeloaplicadoanio = 2025 and confarimamodeloaplicadomes = 7

    
2024-03-05 20:09:20,414 - INFO - updating with  
        update confarimamodeloaplicado
        set procesado=TRUE,
        confarimamodeloaplicadoporc=7782.963
        where confarimacabezalid=68 and
        confarimamodeloaplicadoindice= 5
        and confarimamodeloaplicadoanio = 2025 and confarimamodeloaplicadomes = 7

     for 68
2024-03-05 20:09:20,416 - INFO - updated update_forecast 68
2024-03-05 20:09:20,416 - INFO -  update query  
        update confarimamodeloaplicado
        set procesado=TRUE,
        confarimamodeloaplicadoporc=7782.963
        where confarimacabezalid=68 and
        confarimamodeloaplicadoindice= 5
        and confarimamodeloaplicadoanio = 2025 and confarimamodeloaplicadomes = 7

    
2024-03-05 20:09:20,416 - INFO - updating with  
        update confarimamodeloaplicado
        set procesado=TRUE,
        confarimamodeloaplicadoporc=7782.963
        where confarimacabezalid=68 and
        confarimamodeloaplicadoindice= 5
        and confarimamodeloaplicadoanio = 2025 and confarimamodeloaplicadomes = 7

     for 68
2024-03-05 20:09:20,418 - INFO - updated update_forecast 68
2024-03-05 20:09:20,418 - INFO -  update query  
        update confarimamodeloaplicado
        set procesado=TRUE,
        confarimamodeloaplicadoporc=7782.963
        where confarimacabezalid=68 and
        confarimamodeloaplicadoindice= 5
        and confarimamodeloaplicadoanio = 2025 and confarimamodeloaplicadomes = 7

    
2024-03-05 20:09:20,419 - INFO - updating with  
        update confarimamodeloaplicado
        set procesado=TRUE,
        confarimamodeloaplicadoporc=7782.963
        where confarimacabezalid=68 and
        confarimamodeloaplicadoindice= 5
        and confarimamodeloaplicadoanio = 2025 and confarimamodeloaplicadomes = 7

     for 68
2024-03-05 20:09:20,420 - INFO - updated update_forecast 68
2024-03-05 20:09:20,420 - INFO -  update query  
        update confarimamodeloaplicado
        set procesado=TRUE,
        confarimamodeloaplicadoporc=7782.963
        where confarimacabezalid=68 and
        confarimamodeloaplicadoindice= 5
        and confarimamodeloaplicadoanio = 2025 and confarimamodeloaplicadomes = 7

    
2024-03-05 20:09:20,421 - INFO - updating with  
        update confarimamodeloaplicado
        set procesado=TRUE,
        confarimamodeloaplicadoporc=7782.963
        where confarimacabezalid=68 and
        confarimamodeloaplicadoindice= 5
        and confarimamodeloaplicadoanio = 2025 and confarimamodeloaplicadomes = 7

     for 68
2024-03-05 20:09:20,422 - INFO - updated update_forecast 68
2024-03-05 20:09:20,422 - INFO -  update query  
        update confarimamodeloaplicado
        set procesado=TRUE,
        confarimamodeloaplicadoporc=7782.963
        where confarimacabezalid=68 and
        confarimamodeloaplicadoindice= 5
        and confarimamodeloaplicadoanio = 2025 and confarimamodeloaplicadomes = 7

    
2024-03-05 20:09:20,423 - INFO - updating with  
        update confarimamodeloaplicado
        set procesado=TRUE,
        confarimamodeloaplicadoporc=7782.963
        where confarimacabezalid=68 and
        confarimamodeloaplicadoindice= 5
        and confarimamodeloaplicadoanio = 2026 and confarimamodeloaplicadomes = 7

     for 68
2024-03-05 20:09:20,424 - INFO - updated update_forecast 68
2024-03-05 20:09:20,424 - INFO -  update query  
        update confarimamodeloaplicado
        set procesado=TRUE,
        confarimamodeloaplicadoporc=7782.963
        where confarimacabezalid=68 and
        confarimamodeloaplicadoindice= 5
        and confarimamodeloaplicadoanio = 2026 and confarimamodeloaplicadomes = 7

    
2024-03-05 20:09:20,425 - INFO - updating with  
        update confarimamodeloaplicado
        set procesado=TRUE,
        confarimamodeloaplicadoporc=7782.963
        where confarimacabezalid=68 and
        confarimamodeloaplicadoindice= 5
        and confarimamodeloaplicadoanio = 2026 and confarimamodeloaplicadomes = 7

     for 68
2024-03-05 20:09:20,426 - INFO - updated update_forecast 68
2024-03-05 20:09:20,427 - INFO -  update query  
        update confarimamodeloaplicado
        set procesado=TRUE,
        confarimamodeloaplicadoporc=7782.963
        where confarimacabezalid=68 and
        confarimamodeloaplicadoindice= 5
        and confarimamodeloaplicadoanio = 2026 and confarimamodeloaplicadomes = 7

    
2024-03-05 20:09:20,427 - INFO - updating with  
        update confarimamodeloaplicado
        set procesado=TRUE,
        confarimamodeloaplicadoporc=7782.963
        where confarimacabezalid=68 and
        confarimamodeloaplicadoindice= 5
        and confarimamodeloaplicadoanio = 2026 and confarimamodeloaplicadomes = 7

     for 68
2024-03-05 20:09:20,428 - INFO - updated update_forecast 68
2024-03-05 20:09:20,429 - INFO -  update query  
        update confarimamodeloaplicado
        set procesado=TRUE,
        confarimamodeloaplicadoporc=7782.963
        where confarimacabezalid=68 and
        confarimamodeloaplicadoindice= 5
        and confarimamodeloaplicadoanio = 2026 and confarimamodeloaplicadomes = 7

    
2024-03-05 20:09:20,429 - INFO - updating with  
        update confarimamodeloaplicado
        set procesado=TRUE,
        confarimamodeloaplicadoporc=7782.963
        where confarimacabezalid=68 and
        confarimamodeloaplicadoindice= 5
        and confarimamodeloaplicadoanio = 2026 and confarimamodeloaplicadomes = 7

     for 68
2024-03-05 20:09:20,430 - INFO - updated update_forecast 68
2024-03-05 20:09:20,430 - INFO -  update query  
        update confarimamodeloaplicado
        set procesado=TRUE,
        confarimamodeloaplicadoporc=7782.963
        where confarimacabezalid=68 and
        confarimamodeloaplicadoindice= 5
        and confarimamodeloaplicadoanio = 2026 and confarimamodeloaplicadomes = 7

    
2024-03-05 20:09:20,430 - INFO - updating with  
        update confarimamodeloaplicado
        set procesado=TRUE,
        confarimamodeloaplicadoporc=7782.963
        where confarimacabezalid=68 and
        confarimamodeloaplicadoindice= 5
        and confarimamodeloaplicadoanio = 2026 and confarimamodeloaplicadomes = 7

     for 68
2024-03-05 20:09:20,432 - INFO - updated update_forecast 68
2024-03-05 20:09:20,432 - INFO -  update query  
        update confarimamodeloaplicado
        set procesado=TRUE,
        confarimamodeloaplicadoporc=7782.963
        where confarimacabezalid=68 and
        confarimamodeloaplicadoindice= 5
        and confarimamodeloaplicadoanio = 2026 and confarimamodeloaplicadomes = 7

    
2024-03-05 20:09:20,432 - INFO - updating with  
        update confarimamodeloaplicado
        set procesado=TRUE,
        confarimamodeloaplicadoporc=7782.963
        where confarimacabezalid=68 and
        confarimamodeloaplicadoindice= 5
        and confarimamodeloaplicadoanio = 2026 and confarimamodeloaplicadomes = 7

     for 68
2024-03-05 20:09:20,434 - INFO - updated update_forecast 68
2024-03-05 20:09:20,434 - INFO -  update query  
        update confarimamodeloaplicado
        set procesado=TRUE,
        confarimamodeloaplicadoporc=7782.963
        where confarimacabezalid=68 and
        confarimamodeloaplicadoindice= 5
        and confarimamodeloaplicadoanio = 2026 and confarimamodeloaplicadomes = 7

    
2024-03-05 20:09:20,434 - INFO - updating with  
        update confarimamodeloaplicado
        set procesado=TRUE,
        confarimamodeloaplicadoporc=7782.963
        where confarimacabezalid=68 and
        confarimamodeloaplicadoindice= 5
        and confarimamodeloaplicadoanio = 2026 and confarimamodeloaplicadomes = 7

     for 68
2024-03-05 20:09:20,436 - INFO - updated update_forecast 68
2024-03-05 20:09:20,436 - INFO -  update query  
        update confarimamodeloaplicado
        set procesado=TRUE,
        confarimamodeloaplicadoporc=7782.963
        where confarimacabezalid=68 and
        confarimamodeloaplicadoindice= 5
        and confarimamodeloaplicadoanio = 2026 and confarimamodeloaplicadomes = 7

    
2024-03-05 20:09:20,436 - INFO - updating with  
        update confarimamodeloaplicado
        set procesado=TRUE,
        confarimamodeloaplicadoporc=7782.963
        where confarimacabezalid=68 and
        confarimamodeloaplicadoindice= 5
        and confarimamodeloaplicadoanio = 2026 and confarimamodeloaplicadomes = 7

     for 68
2024-03-05 20:09:20,437 - INFO - updated update_forecast 68
2024-03-05 20:09:20,437 - INFO -  update query  
        update confarimamodeloaplicado
        set procesado=TRUE,
        confarimamodeloaplicadoporc=7782.963
        where confarimacabezalid=68 and
        confarimamodeloaplicadoindice= 5
        and confarimamodeloaplicadoanio = 2026 and confarimamodeloaplicadomes = 7

    
2024-03-05 20:09:20,438 - INFO - updating with  
        update confarimamodeloaplicado
        set procesado=TRUE,
        confarimamodeloaplicadoporc=7782.963
        where confarimacabezalid=68 and
        confarimamodeloaplicadoindice= 5
        and confarimamodeloaplicadoanio = 2026 and confarimamodeloaplicadomes = 7

     for 68
2024-03-05 20:09:20,439 - INFO - updated update_forecast 68
2024-03-05 20:09:20,439 - INFO -  update query  
        update confarimamodeloaplicado
        set procesado=TRUE,
        confarimamodeloaplicadoporc=7782.963
        where confarimacabezalid=68 and
        confarimamodeloaplicadoindice= 5
        and confarimamodeloaplicadoanio = 2026 and confarimamodeloaplicadomes = 7

    
2024-03-05 20:09:20,440 - INFO - updating with  
        update confarimamodeloaplicado
        set procesado=TRUE,
        confarimamodeloaplicadoporc=7782.963
        where confarimacabezalid=68 and
        confarimamodeloaplicadoindice= 5
        and confarimamodeloaplicadoanio = 2026 and confarimamodeloaplicadomes = 7

     for 68
2024-03-05 20:09:20,441 - INFO - updated update_forecast 68
2024-03-05 20:09:20,441 - INFO -  update query  
        update confarimamodeloaplicado
        set procesado=TRUE,
        confarimamodeloaplicadoporc=7782.963
        where confarimacabezalid=68 and
        confarimamodeloaplicadoindice= 5
        and confarimamodeloaplicadoanio = 2026 and confarimamodeloaplicadomes = 7

    
2024-03-05 20:09:20,442 - INFO - updating with  
        update confarimamodeloaplicado
        set procesado=TRUE,
        confarimamodeloaplicadoporc=7782.963
        where confarimacabezalid=68 and
        confarimamodeloaplicadoindice= 5
        and confarimamodeloaplicadoanio = 2026 and confarimamodeloaplicadomes = 7

     for 68
2024-03-05 20:09:20,443 - INFO - updated update_forecast 68
2024-03-05 20:09:20,443 - INFO -  update query  
        update confarimamodeloaplicado
        set procesado=TRUE,
        confarimamodeloaplicadoporc=7782.963
        where confarimacabezalid=68 and
        confarimamodeloaplicadoindice= 5
        and confarimamodeloaplicadoanio = 2026 and confarimamodeloaplicadomes = 7

    
2024-03-05 20:09:20,443 - INFO - updating with  
        update confarimamodeloaplicado
        set procesado=TRUE,
        confarimamodeloaplicadoporc=7782.963
        where confarimacabezalid=68 and
        confarimamodeloaplicadoindice= 5
        and confarimamodeloaplicadoanio = 2026 and confarimamodeloaplicadomes = 7

     for 68
2024-03-05 20:09:20,445 - INFO - updated update_forecast 68
2024-03-05 20:09:20,445 - INFO -  update query  
        update confarimamodeloaplicado
        set procesado=TRUE,
        confarimamodeloaplicadoporc=7782.963
        where confarimacabezalid=68 and
        confarimamodeloaplicadoindice= 5
        and confarimamodeloaplicadoanio = 2026 and confarimamodeloaplicadomes = 7

    
2024-03-05 20:09:20,445 - INFO - updating with  
        update confarimamodeloaplicado
        set procesado=TRUE,
        confarimamodeloaplicadoporc=7782.963
        where confarimacabezalid=68 and
        confarimamodeloaplicadoindice= 5
        and confarimamodeloaplicadoanio = 2026 and confarimamodeloaplicadomes = 7

     for 68
2024-03-05 20:09:20,446 - INFO - updated update_forecast 68
2024-03-05 20:09:20,447 - INFO -  update query  
        update confarimamodeloaplicado
        set procesado=TRUE,
        confarimamodeloaplicadoporc=7782.963
        where confarimacabezalid=68 and
        confarimamodeloaplicadoindice= 5
        and confarimamodeloaplicadoanio = 2026 and confarimamodeloaplicadomes = 7

    
2024-03-05 20:09:20,447 - INFO - updating with  
        update confarimamodeloaplicado
        set procesado=TRUE,
        confarimamodeloaplicadoporc=7782.963
        where confarimacabezalid=68 and
        confarimamodeloaplicadoindice= 5
        and confarimamodeloaplicadoanio = 2026 and confarimamodeloaplicadomes = 7

     for 68
2024-03-05 20:09:20,448 - INFO - updated update_forecast 68
2024-03-05 20:09:20,448 - INFO -  update query  
        update confarimamodeloaplicado
        set procesado=TRUE,
        confarimamodeloaplicadoporc=7782.963
        where confarimacabezalid=68 and
        confarimamodeloaplicadoindice= 5
        and confarimamodeloaplicadoanio = 2026 and confarimamodeloaplicadomes = 7

    
2024-03-05 20:09:20,449 - INFO - updating with  
        update confarimamodeloaplicado
        set procesado=TRUE,
        confarimamodeloaplicadoporc=7782.963
        where confarimacabezalid=68 and
        confarimamodeloaplicadoindice= 5
        and confarimamodeloaplicadoanio = 2026 and confarimamodeloaplicadomes = 7

     for 68
2024-03-05 20:09:20,450 - INFO - updated update_forecast 68
2024-03-05 20:09:20,450 - INFO -  update query  
        update confarimamodeloaplicado
        set procesado=TRUE,
        confarimamodeloaplicadoporc=7782.963
        where confarimacabezalid=68 and
        confarimamodeloaplicadoindice= 5
        and confarimamodeloaplicadoanio = 2026 and confarimamodeloaplicadomes = 7

    
2024-03-05 20:09:20,451 - INFO - updating with  
        update confarimamodeloaplicado
        set procesado=TRUE,
        confarimamodeloaplicadoporc=7782.963
        where confarimacabezalid=68 and
        confarimamodeloaplicadoindice= 5
        and confarimamodeloaplicadoanio = 2026 and confarimamodeloaplicadomes = 7

     for 68
2024-03-05 20:09:20,452 - INFO - updated update_forecast 68
2024-03-05 20:09:20,452 - INFO -  update query  
        update confarimamodeloaplicado
        set procesado=TRUE,
        confarimamodeloaplicadoporc=7782.963
        where confarimacabezalid=68 and
        confarimamodeloaplicadoindice= 5
        and confarimamodeloaplicadoanio = 2026 and confarimamodeloaplicadomes = 7

    
2024-03-05 20:09:20,452 - INFO - updating with  
        update confarimamodeloaplicado
        set procesado=TRUE,
        confarimamodeloaplicadoporc=7782.963
        where confarimacabezalid=68 and
        confarimamodeloaplicadoindice= 5
        and confarimamodeloaplicadoanio = 2026 and confarimamodeloaplicadomes = 7

     for 68
2024-03-05 20:09:20,454 - INFO - updated update_forecast 68
2024-03-05 20:09:20,454 - INFO -  update query  
        update confarimamodeloaplicado
        set procesado=TRUE,
        confarimamodeloaplicadoporc=7782.963
        where confarimacabezalid=68 and
        confarimamodeloaplicadoindice= 5
        and confarimamodeloaplicadoanio = 2026 and confarimamodeloaplicadomes = 7

    
2024-03-05 20:09:20,455 - INFO - updating with  
        update confarimamodeloaplicado
        set procesado=TRUE,
        confarimamodeloaplicadoporc=7782.963
        where confarimacabezalid=68 and
        confarimamodeloaplicadoindice= 5
        and confarimamodeloaplicadoanio = 2026 and confarimamodeloaplicadomes = 7

     for 68
2024-03-05 20:09:20,456 - INFO - updated update_forecast 68
2024-03-05 20:09:20,457 - INFO -  update query  
        update confarimamodeloaplicado
        set procesado=TRUE,
        confarimamodeloaplicadoporc=7782.963
        where confarimacabezalid=68 and
        confarimamodeloaplicadoindice= 5
        and confarimamodeloaplicadoanio = 2026 and confarimamodeloaplicadomes = 7

    
2024-03-05 20:09:20,457 - INFO - updating with  
        update confarimamodeloaplicado
        set procesado=TRUE,
        confarimamodeloaplicadoporc=7782.963
        where confarimacabezalid=68 and
        confarimamodeloaplicadoindice= 5
        and confarimamodeloaplicadoanio = 2027 and confarimamodeloaplicadomes = 7

     for 68
2024-03-05 20:09:20,458 - INFO - updated update_forecast 68
2024-03-05 20:09:20,458 - INFO -  update query  
        update confarimamodeloaplicado
        set procesado=TRUE,
        confarimamodeloaplicadoporc=7782.963
        where confarimacabezalid=68 and
        confarimamodeloaplicadoindice= 5
        and confarimamodeloaplicadoanio = 2027 and confarimamodeloaplicadomes = 7

    
2024-03-05 20:09:20,459 - INFO - updating with  
        update confarimamodeloaplicado
        set procesado=TRUE,
        confarimamodeloaplicadoporc=7782.963
        where confarimacabezalid=68 and
        confarimamodeloaplicadoindice= 5
        and confarimamodeloaplicadoanio = 2027 and confarimamodeloaplicadomes = 7

     for 68
2024-03-05 20:09:20,460 - INFO - updated update_forecast 68
2024-03-05 20:09:20,460 - INFO -  update query  
        update confarimamodeloaplicado
        set procesado=TRUE,
        confarimamodeloaplicadoporc=7782.963
        where confarimacabezalid=68 and
        confarimamodeloaplicadoindice= 5
        and confarimamodeloaplicadoanio = 2027 and confarimamodeloaplicadomes = 7

    
2024-03-05 20:09:20,460 - INFO - updating with  
        update confarimamodeloaplicado
        set procesado=TRUE,
        confarimamodeloaplicadoporc=7782.963
        where confarimacabezalid=68 and
        confarimamodeloaplicadoindice= 5
        and confarimamodeloaplicadoanio = 2027 and confarimamodeloaplicadomes = 7

     for 68
2024-03-05 20:09:20,462 - INFO - updated update_forecast 68
2024-03-05 20:09:20,462 - INFO -  update query  
        update confarimamodeloaplicado
        set procesado=TRUE,
        confarimamodeloaplicadoporc=7782.963
        where confarimacabezalid=68 and
        confarimamodeloaplicadoindice= 5
        and confarimamodeloaplicadoanio = 2027 and confarimamodeloaplicadomes = 7

    
2024-03-05 20:09:20,462 - INFO - updating with  
        update confarimamodeloaplicado
        set procesado=TRUE,
        confarimamodeloaplicadoporc=7782.963
        where confarimacabezalid=68 and
        confarimamodeloaplicadoindice= 5
        and confarimamodeloaplicadoanio = 2027 and confarimamodeloaplicadomes = 7

     for 68
2024-03-05 20:09:20,464 - INFO - updated update_forecast 68
2024-03-05 20:09:20,464 - INFO -  update query  
        update confarimamodeloaplicado
        set procesado=TRUE,
        confarimamodeloaplicadoporc=7782.963
        where confarimacabezalid=68 and
        confarimamodeloaplicadoindice= 5
        and confarimamodeloaplicadoanio = 2027 and confarimamodeloaplicadomes = 7

    
2024-03-05 20:09:20,464 - INFO - updating with  
        update confarimamodeloaplicado
        set procesado=TRUE,
        confarimamodeloaplicadoporc=7782.963
        where confarimacabezalid=68 and
        confarimamodeloaplicadoindice= 5
        and confarimamodeloaplicadoanio = 2027 and confarimamodeloaplicadomes = 7

     for 68
2024-03-05 20:09:20,466 - INFO - updated update_forecast 68
2024-03-05 20:09:20,466 - INFO -  update query  
        update confarimamodeloaplicado
        set procesado=TRUE,
        confarimamodeloaplicadoporc=7782.963
        where confarimacabezalid=68 and
        confarimamodeloaplicadoindice= 5
        and confarimamodeloaplicadoanio = 2027 and confarimamodeloaplicadomes = 7

    
2024-03-05 20:09:20,466 - INFO - updating with  
        update confarimamodeloaplicado
        set procesado=TRUE,
        confarimamodeloaplicadoporc=7782.963
        where confarimacabezalid=68 and
        confarimamodeloaplicadoindice= 5
        and confarimamodeloaplicadoanio = 2027 and confarimamodeloaplicadomes = 7

     for 68
2024-03-05 20:09:20,467 - INFO - updated update_forecast 68
2024-03-05 20:09:20,467 - INFO -  update query  
        update confarimamodeloaplicado
        set procesado=TRUE,
        confarimamodeloaplicadoporc=7782.963
        where confarimacabezalid=68 and
        confarimamodeloaplicadoindice= 5
        and confarimamodeloaplicadoanio = 2027 and confarimamodeloaplicadomes = 7

    
2024-03-05 20:09:20,468 - INFO - updating with  
        update confarimamodeloaplicado
        set procesado=TRUE,
        confarimamodeloaplicadoporc=7782.963
        where confarimacabezalid=68 and
        confarimamodeloaplicadoindice= 5
        and confarimamodeloaplicadoanio = 2027 and confarimamodeloaplicadomes = 7

     for 68
2024-03-05 20:09:20,469 - INFO - updated update_forecast 68
2024-03-05 20:09:20,470 - INFO -  update query  
        update confarimamodeloaplicado
        set procesado=TRUE,
        confarimamodeloaplicadoporc=7782.963
        where confarimacabezalid=68 and
        confarimamodeloaplicadoindice= 5
        and confarimamodeloaplicadoanio = 2027 and confarimamodeloaplicadomes = 7

    
2024-03-05 20:09:20,470 - INFO - updating with  
        update confarimamodeloaplicado
        set procesado=TRUE,
        confarimamodeloaplicadoporc=7782.963
        where confarimacabezalid=68 and
        confarimamodeloaplicadoindice= 5
        and confarimamodeloaplicadoanio = 2027 and confarimamodeloaplicadomes = 7

     for 68
2024-03-05 20:09:20,472 - INFO - updated update_forecast 68
2024-03-05 20:09:20,472 - INFO -  update query  
        update confarimamodeloaplicado
        set procesado=TRUE,
        confarimamodeloaplicadoporc=7782.963
        where confarimacabezalid=68 and
        confarimamodeloaplicadoindice= 5
        and confarimamodeloaplicadoanio = 2027 and confarimamodeloaplicadomes = 7

    
2024-03-05 20:09:20,472 - INFO - updating with  
        update confarimamodeloaplicado
        set procesado=TRUE,
        confarimamodeloaplicadoporc=7782.963
        where confarimacabezalid=68 and
        confarimamodeloaplicadoindice= 5
        and confarimamodeloaplicadoanio = 2027 and confarimamodeloaplicadomes = 7

     for 68
2024-03-05 20:09:20,473 - INFO - updated update_forecast 68
2024-03-05 20:09:20,474 - INFO -  update query  
        update confarimamodeloaplicado
        set procesado=TRUE,
        confarimamodeloaplicadoporc=7782.963
        where confarimacabezalid=68 and
        confarimamodeloaplicadoindice= 5
        and confarimamodeloaplicadoanio = 2027 and confarimamodeloaplicadomes = 7

    
2024-03-05 20:09:20,474 - INFO - updating with  
        update confarimamodeloaplicado
        set procesado=TRUE,
        confarimamodeloaplicadoporc=7782.963
        where confarimacabezalid=68 and
        confarimamodeloaplicadoindice= 5
        and confarimamodeloaplicadoanio = 2027 and confarimamodeloaplicadomes = 7

     for 68
2024-03-05 20:09:20,475 - INFO - updated update_forecast 68
2024-03-05 20:09:20,475 - INFO -  update query  
        update confarimamodeloaplicado
        set procesado=TRUE,
        confarimamodeloaplicadoporc=7782.963
        where confarimacabezalid=68 and
        confarimamodeloaplicadoindice= 5
        and confarimamodeloaplicadoanio = 2027 and confarimamodeloaplicadomes = 7

    
2024-03-05 20:09:20,476 - INFO - updating with  
        update confarimamodeloaplicado
        set procesado=TRUE,
        confarimamodeloaplicadoporc=7782.963
        where confarimacabezalid=68 and
        confarimamodeloaplicadoindice= 5
        and confarimamodeloaplicadoanio = 2027 and confarimamodeloaplicadomes = 7

     for 68
2024-03-05 20:09:20,477 - INFO - updated update_forecast 68
2024-03-05 20:09:20,477 - INFO -  update query  
        update confarimamodeloaplicado
        set procesado=TRUE,
        confarimamodeloaplicadoporc=7782.963
        where confarimacabezalid=68 and
        confarimamodeloaplicadoindice= 5
        and confarimamodeloaplicadoanio = 2027 and confarimamodeloaplicadomes = 7

    
2024-03-05 20:09:20,478 - INFO - updating with  
        update confarimamodeloaplicado
        set procesado=TRUE,
        confarimamodeloaplicadoporc=7782.963
        where confarimacabezalid=68 and
        confarimamodeloaplicadoindice= 5
        and confarimamodeloaplicadoanio = 2027 and confarimamodeloaplicadomes = 7

     for 68
2024-03-05 20:09:20,479 - INFO - updated update_forecast 68
2024-03-05 20:09:20,479 - INFO -  update query  
        update confarimamodeloaplicado
        set procesado=TRUE,
        confarimamodeloaplicadoporc=7782.963
        where confarimacabezalid=68 and
        confarimamodeloaplicadoindice= 5
        and confarimamodeloaplicadoanio = 2027 and confarimamodeloaplicadomes = 7

    
2024-03-05 20:09:20,480 - INFO - updating with  
        update confarimamodeloaplicado
        set procesado=TRUE,
        confarimamodeloaplicadoporc=7782.963
        where confarimacabezalid=68 and
        confarimamodeloaplicadoindice= 5
        and confarimamodeloaplicadoanio = 2027 and confarimamodeloaplicadomes = 7

     for 68
2024-03-05 20:09:20,481 - INFO - updated update_forecast 68
2024-03-05 20:09:20,481 - INFO -  update query  
        update confarimamodeloaplicado
        set procesado=TRUE,
        confarimamodeloaplicadoporc=7782.963
        where confarimacabezalid=68 and
        confarimamodeloaplicadoindice= 5
        and confarimamodeloaplicadoanio = 2027 and confarimamodeloaplicadomes = 7

    
2024-03-05 20:09:20,481 - INFO - updating with  
        update confarimamodeloaplicado
        set procesado=TRUE,
        confarimamodeloaplicadoporc=7782.963
        where confarimacabezalid=68 and
        confarimamodeloaplicadoindice= 5
        and confarimamodeloaplicadoanio = 2027 and confarimamodeloaplicadomes = 7

     for 68
2024-03-05 20:09:20,483 - INFO - updated update_forecast 68
2024-03-05 20:09:20,483 - INFO -  update query  
        update confarimamodeloaplicado
        set procesado=TRUE,
        confarimamodeloaplicadoporc=7782.963
        where confarimacabezalid=68 and
        confarimamodeloaplicadoindice= 5
        and confarimamodeloaplicadoanio = 2027 and confarimamodeloaplicadomes = 7

    
2024-03-05 20:09:20,483 - INFO - updating with  
        update confarimamodeloaplicado
        set procesado=TRUE,
        confarimamodeloaplicadoporc=7782.963
        where confarimacabezalid=68 and
        confarimamodeloaplicadoindice= 5
        and confarimamodeloaplicadoanio = 2027 and confarimamodeloaplicadomes = 7

     for 68
2024-03-05 20:09:20,485 - INFO - updated update_forecast 68
2024-03-05 20:09:20,485 - INFO -  update query  
        update confarimamodeloaplicado
        set procesado=TRUE,
        confarimamodeloaplicadoporc=7782.963
        where confarimacabezalid=68 and
        confarimamodeloaplicadoindice= 5
        and confarimamodeloaplicadoanio = 2027 and confarimamodeloaplicadomes = 7

    
2024-03-05 20:09:20,485 - INFO - updating with  
        update confarimamodeloaplicado
        set procesado=TRUE,
        confarimamodeloaplicadoporc=7782.963
        where confarimacabezalid=68 and
        confarimamodeloaplicadoindice= 5
        and confarimamodeloaplicadoanio = 2027 and confarimamodeloaplicadomes = 7

     for 68
2024-03-05 20:09:20,487 - INFO - updated update_forecast 68
2024-03-05 20:09:20,487 - INFO -  update query  
        update confarimamodeloaplicado
        set procesado=TRUE,
        confarimamodeloaplicadoporc=7782.963
        where confarimacabezalid=68 and
        confarimamodeloaplicadoindice= 5
        and confarimamodeloaplicadoanio = 2027 and confarimamodeloaplicadomes = 7

    
2024-03-05 20:09:20,487 - INFO - updating with  
        update confarimamodeloaplicado
        set procesado=TRUE,
        confarimamodeloaplicadoporc=7782.963
        where confarimacabezalid=68 and
        confarimamodeloaplicadoindice= 5
        and confarimamodeloaplicadoanio = 2027 and confarimamodeloaplicadomes = 7

     for 68
2024-03-05 20:09:20,489 - INFO - updated update_forecast 68
2024-03-05 20:09:20,489 - INFO -  update query  
        update confarimamodeloaplicado
        set procesado=TRUE,
        confarimamodeloaplicadoporc=7782.963
        where confarimacabezalid=68 and
        confarimamodeloaplicadoindice= 5
        and confarimamodeloaplicadoanio = 2027 and confarimamodeloaplicadomes = 7

    
2024-03-05 20:09:20,489 - INFO - updating with  
        update confarimamodeloaplicado
        set procesado=TRUE,
        confarimamodeloaplicadoporc=7782.963
        where confarimacabezalid=68 and
        confarimamodeloaplicadoindice= 5
        and confarimamodeloaplicadoanio = 2027 and confarimamodeloaplicadomes = 7

     for 68
2024-03-05 20:09:20,490 - INFO - updated update_forecast 68
2024-03-05 20:09:20,490 - INFO -  update query  
        update confarimamodeloaplicado
        set procesado=TRUE,
        confarimamodeloaplicadoporc=7782.963
        where confarimacabezalid=68 and
        confarimamodeloaplicadoindice= 5
        and confarimamodeloaplicadoanio = 2027 and confarimamodeloaplicadomes = 7

    
2024-03-05 20:09:20,491 - INFO - updating with  
        update confarimamodeloaplicado
        set procesado=TRUE,
        confarimamodeloaplicadoporc=7782.963
        where confarimacabezalid=68 and
        confarimamodeloaplicadoindice= 5
        and confarimamodeloaplicadoanio = 2028 and confarimamodeloaplicadomes = 7

     for 68
2024-03-05 20:09:20,492 - INFO - updated update_forecast 68
2024-03-05 20:09:20,492 - INFO -  update query  
        update confarimamodeloaplicado
        set procesado=TRUE,
        confarimamodeloaplicadoporc=7782.963
        where confarimacabezalid=68 and
        confarimamodeloaplicadoindice= 5
        and confarimamodeloaplicadoanio = 2028 and confarimamodeloaplicadomes = 7

    
2024-03-05 20:09:20,493 - INFO - updating with  
        update confarimamodeloaplicado
        set procesado=TRUE,
        confarimamodeloaplicadoporc=7782.963
        where confarimacabezalid=68 and
        confarimamodeloaplicadoindice= 5
        and confarimamodeloaplicadoanio = 2028 and confarimamodeloaplicadomes = 7

     for 68
2024-03-05 20:09:20,494 - INFO - updated update_forecast 68
2024-03-05 20:09:20,495 - INFO -  update query  
        update confarimamodeloaplicado
        set procesado=TRUE,
        confarimamodeloaplicadoporc=7782.963
        where confarimacabezalid=68 and
        confarimamodeloaplicadoindice= 5
        and confarimamodeloaplicadoanio = 2028 and confarimamodeloaplicadomes = 7

    
2024-03-05 20:09:20,495 - INFO - updating with  
        update confarimamodeloaplicado
        set procesado=TRUE,
        confarimamodeloaplicadoporc=7782.963
        where confarimacabezalid=68 and
        confarimamodeloaplicadoindice= 5
        and confarimamodeloaplicadoanio = 2028 and confarimamodeloaplicadomes = 7

     for 68
2024-03-05 20:09:20,496 - INFO - updated update_forecast 68
2024-03-05 20:09:20,496 - INFO -  update query  
        update confarimamodeloaplicado
        set procesado=TRUE,
        confarimamodeloaplicadoporc=7782.963
        where confarimacabezalid=68 and
        confarimamodeloaplicadoindice= 5
        and confarimamodeloaplicadoanio = 2028 and confarimamodeloaplicadomes = 7

    
2024-03-05 20:09:20,496 - INFO - updating with  
        update confarimamodeloaplicado
        set procesado=TRUE,
        confarimamodeloaplicadoporc=7782.963
        where confarimacabezalid=68 and
        confarimamodeloaplicadoindice= 5
        and confarimamodeloaplicadoanio = 2028 and confarimamodeloaplicadomes = 7

     for 68
2024-03-05 20:09:20,498 - INFO - updated update_forecast 68
2024-03-05 20:09:20,498 - INFO -  update query  
        update confarimamodeloaplicado
        set procesado=TRUE,
        confarimamodeloaplicadoporc=7782.963
        where confarimacabezalid=68 and
        confarimamodeloaplicadoindice= 5
        and confarimamodeloaplicadoanio = 2028 and confarimamodeloaplicadomes = 7

    
2024-03-05 20:09:20,498 - INFO - updating with  
        update confarimamodeloaplicado
        set procesado=TRUE,
        confarimamodeloaplicadoporc=7782.963
        where confarimacabezalid=68 and
        confarimamodeloaplicadoindice= 5
        and confarimamodeloaplicadoanio = 2028 and confarimamodeloaplicadomes = 7

     for 68
2024-03-05 20:09:20,500 - INFO - updated update_forecast 68
2024-03-05 20:09:20,501 - INFO -  update query  
        update confarimamodeloaplicado
        set procesado=TRUE,
        confarimamodeloaplicadoporc=7782.963
        where confarimacabezalid=68 and
        confarimamodeloaplicadoindice= 5
        and confarimamodeloaplicadoanio = 2028 and confarimamodeloaplicadomes = 7

    
2024-03-05 20:09:20,501 - INFO - updating with  
        update confarimamodeloaplicado
        set procesado=TRUE,
        confarimamodeloaplicadoporc=7782.963
        where confarimacabezalid=68 and
        confarimamodeloaplicadoindice= 5
        and confarimamodeloaplicadoanio = 2028 and confarimamodeloaplicadomes = 7

     for 68
2024-03-05 20:09:20,503 - INFO - updated update_forecast 68
2024-03-05 20:09:20,503 - INFO -  update query  
        update confarimamodeloaplicado
        set procesado=TRUE,
        confarimamodeloaplicadoporc=7782.963
        where confarimacabezalid=68 and
        confarimamodeloaplicadoindice= 5
        and confarimamodeloaplicadoanio = 2028 and confarimamodeloaplicadomes = 7

    
2024-03-05 20:09:20,503 - INFO - updating with  
        update confarimamodeloaplicado
        set procesado=TRUE,
        confarimamodeloaplicadoporc=7782.963
        where confarimacabezalid=68 and
        confarimamodeloaplicadoindice= 5
        and confarimamodeloaplicadoanio = 2028 and confarimamodeloaplicadomes = 7

     for 68
2024-03-05 20:09:20,505 - INFO - updated update_forecast 68
2024-03-05 20:09:20,505 - INFO -  update query  
        update confarimamodeloaplicado
        set procesado=TRUE,
        confarimamodeloaplicadoporc=7782.963
        where confarimacabezalid=68 and
        confarimamodeloaplicadoindice= 5
        and confarimamodeloaplicadoanio = 2028 and confarimamodeloaplicadomes = 7

    
2024-03-05 20:09:20,505 - INFO - updating with  
        update confarimamodeloaplicado
        set procesado=TRUE,
        confarimamodeloaplicadoporc=7782.963
        where confarimacabezalid=68 and
        confarimamodeloaplicadoindice= 5
        and confarimamodeloaplicadoanio = 2028 and confarimamodeloaplicadomes = 7

     for 68
2024-03-05 20:09:20,506 - INFO - updated update_forecast 68
2024-03-05 20:09:20,507 - INFO -  update query  
        update confarimamodeloaplicado
        set procesado=TRUE,
        confarimamodeloaplicadoporc=7782.963
        where confarimacabezalid=68 and
        confarimamodeloaplicadoindice= 5
        and confarimamodeloaplicadoanio = 2028 and confarimamodeloaplicadomes = 7

    
2024-03-05 20:09:20,507 - INFO - updating with  
        update confarimamodeloaplicado
        set procesado=TRUE,
        confarimamodeloaplicadoporc=7782.963
        where confarimacabezalid=68 and
        confarimamodeloaplicadoindice= 5
        and confarimamodeloaplicadoanio = 2028 and confarimamodeloaplicadomes = 7

     for 68
2024-03-05 20:09:20,508 - INFO - updated update_forecast 68
2024-03-05 20:09:20,508 - INFO -  update query  
        update confarimamodeloaplicado
        set procesado=TRUE,
        confarimamodeloaplicadoporc=7782.963
        where confarimacabezalid=68 and
        confarimamodeloaplicadoindice= 5
        and confarimamodeloaplicadoanio = 2028 and confarimamodeloaplicadomes = 7

    
2024-03-05 20:09:20,508 - INFO - updating with  
        update confarimamodeloaplicado
        set procesado=TRUE,
        confarimamodeloaplicadoporc=7782.963
        where confarimacabezalid=68 and
        confarimamodeloaplicadoindice= 5
        and confarimamodeloaplicadoanio = 2028 and confarimamodeloaplicadomes = 7

     for 68
2024-03-05 20:09:20,510 - INFO - updated update_forecast 68
2024-03-05 20:09:20,510 - INFO -  update query  
        update confarimamodeloaplicado
        set procesado=TRUE,
        confarimamodeloaplicadoporc=7782.963
        where confarimacabezalid=68 and
        confarimamodeloaplicadoindice= 5
        and confarimamodeloaplicadoanio = 2028 and confarimamodeloaplicadomes = 7

    
2024-03-05 20:09:20,510 - INFO - updating with  
        update confarimamodeloaplicado
        set procesado=TRUE,
        confarimamodeloaplicadoporc=7782.963
        where confarimacabezalid=68 and
        confarimamodeloaplicadoindice= 5
        and confarimamodeloaplicadoanio = 2028 and confarimamodeloaplicadomes = 7

     for 68
2024-03-05 20:09:20,512 - INFO - updated update_forecast 68
2024-03-05 20:09:20,512 - INFO -  update query  
        update confarimamodeloaplicado
        set procesado=TRUE,
        confarimamodeloaplicadoporc=7782.963
        where confarimacabezalid=68 and
        confarimamodeloaplicadoindice= 5
        and confarimamodeloaplicadoanio = 2028 and confarimamodeloaplicadomes = 7

    
2024-03-05 20:09:20,512 - INFO - updating with  
        update confarimamodeloaplicado
        set procesado=TRUE,
        confarimamodeloaplicadoporc=7782.963
        where confarimacabezalid=68 and
        confarimamodeloaplicadoindice= 5
        and confarimamodeloaplicadoanio = 2028 and confarimamodeloaplicadomes = 7

     for 68
2024-03-05 20:09:20,513 - INFO - updated update_forecast 68
2024-03-05 20:09:20,514 - INFO -  update query  
        update confarimamodeloaplicado
        set procesado=TRUE,
        confarimamodeloaplicadoporc=7782.963
        where confarimacabezalid=68 and
        confarimamodeloaplicadoindice= 5
        and confarimamodeloaplicadoanio = 2028 and confarimamodeloaplicadomes = 7

    
2024-03-05 20:09:20,514 - INFO - updating with  
        update confarimamodeloaplicado
        set procesado=TRUE,
        confarimamodeloaplicadoporc=7782.963
        where confarimacabezalid=68 and
        confarimamodeloaplicadoindice= 5
        and confarimamodeloaplicadoanio = 2028 and confarimamodeloaplicadomes = 7

     for 68
2024-03-05 20:09:20,515 - INFO - updated update_forecast 68
2024-03-05 20:09:20,515 - INFO -  update query  
        update confarimamodeloaplicado
        set procesado=TRUE,
        confarimamodeloaplicadoporc=7782.963
        where confarimacabezalid=68 and
        confarimamodeloaplicadoindice= 5
        and confarimamodeloaplicadoanio = 2028 and confarimamodeloaplicadomes = 7

    
2024-03-05 20:09:20,515 - INFO - updating with  
        update confarimamodeloaplicado
        set procesado=TRUE,
        confarimamodeloaplicadoporc=7782.963
        where confarimacabezalid=68 and
        confarimamodeloaplicadoindice= 5
        and confarimamodeloaplicadoanio = 2028 and confarimamodeloaplicadomes = 7

     for 68
2024-03-05 20:09:20,516 - INFO - updated update_forecast 68
2024-03-05 20:09:20,517 - INFO -  update query  
        update confarimamodeloaplicado
        set procesado=TRUE,
        confarimamodeloaplicadoporc=7782.963
        where confarimacabezalid=68 and
        confarimamodeloaplicadoindice= 5
        and confarimamodeloaplicadoanio = 2028 and confarimamodeloaplicadomes = 7

    
2024-03-05 20:09:20,517 - INFO - updating with  
        update confarimamodeloaplicado
        set procesado=TRUE,
        confarimamodeloaplicadoporc=7782.963
        where confarimacabezalid=68 and
        confarimamodeloaplicadoindice= 5
        and confarimamodeloaplicadoanio = 2028 and confarimamodeloaplicadomes = 7

     for 68
2024-03-05 20:09:20,518 - INFO - updated update_forecast 68
2024-03-05 20:09:20,519 - INFO -  update query  
        update confarimamodeloaplicado
        set procesado=TRUE,
        confarimamodeloaplicadoporc=7782.963
        where confarimacabezalid=68 and
        confarimamodeloaplicadoindice= 5
        and confarimamodeloaplicadoanio = 2028 and confarimamodeloaplicadomes = 7

    
2024-03-05 20:09:20,519 - INFO - updating with  
        update confarimamodeloaplicado
        set procesado=TRUE,
        confarimamodeloaplicadoporc=7782.963
        where confarimacabezalid=68 and
        confarimamodeloaplicadoindice= 5
        and confarimamodeloaplicadoanio = 2028 and confarimamodeloaplicadomes = 7

     for 68
2024-03-05 20:09:20,520 - INFO - updated update_forecast 68
2024-03-05 20:09:20,520 - INFO -  update query  
        update confarimamodeloaplicado
        set procesado=TRUE,
        confarimamodeloaplicadoporc=7782.963
        where confarimacabezalid=68 and
        confarimamodeloaplicadoindice= 5
        and confarimamodeloaplicadoanio = 2028 and confarimamodeloaplicadomes = 7

    
2024-03-05 20:09:20,521 - INFO - updating with  
        update confarimamodeloaplicado
        set procesado=TRUE,
        confarimamodeloaplicadoporc=7782.963
        where confarimacabezalid=68 and
        confarimamodeloaplicadoindice= 5
        and confarimamodeloaplicadoanio = 2028 and confarimamodeloaplicadomes = 7

     for 68
2024-03-05 20:09:20,522 - INFO - updated update_forecast 68
2024-03-05 20:09:20,522 - INFO -  update query  
        update confarimamodeloaplicado
        set procesado=TRUE,
        confarimamodeloaplicadoporc=7782.963
        where confarimacabezalid=68 and
        confarimamodeloaplicadoindice= 5
        and confarimamodeloaplicadoanio = 2028 and confarimamodeloaplicadomes = 7

    
2024-03-05 20:09:20,522 - INFO - updating with  
        update confarimamodeloaplicado
        set procesado=TRUE,
        confarimamodeloaplicadoporc=7782.963
        where confarimacabezalid=68 and
        confarimamodeloaplicadoindice= 5
        and confarimamodeloaplicadoanio = 2028 and confarimamodeloaplicadomes = 7

     for 68
2024-03-05 20:09:20,524 - INFO - updated update_forecast 68
2024-03-05 20:09:20,524 - INFO -  update query  
        update confarimamodeloaplicado
        set procesado=TRUE,
        confarimamodeloaplicadoporc=7782.963
        where confarimacabezalid=68 and
        confarimamodeloaplicadoindice= 5
        and confarimamodeloaplicadoanio = 2028 and confarimamodeloaplicadomes = 7

    
2024-03-05 20:11:37,367 - INFO - getting data for 68
2024-03-05 20:11:37,396 - INFO - anio_desde historico = 2022
2024-03-05 20:11:37,396 - INFO - anio_hasta historico = 2023
2024-03-05 20:11:37,407 - INFO - finishing geting data 2022 2023 and indice 5
2024-03-05 20:11:37,428 - INFO -  years for fore cast    aniodesde  aniohasta
0       2024       2028
2024-03-05 20:11:37,482 - INFO - geting total obs
2024-03-05 20:11:37,483 - INFO - estimating seasonal order using cannova-hansen test
2024-03-05 20:11:37,483 - INFO - estimating arima no season 
2024-03-05 20:11:41,178 - INFO - seasonal model was selected with aic846.9485072604386
2024-03-05 20:14:06,982 - INFO - updating with 
    update confarimaresultado set confarimaar=0,
    confarimai= 0, confarimama= 1
    where  confarimacabezalid= 68 and
    confarimaindice= 5
     for 68
2024-03-05 20:14:06,982 - INFO - updated specs 68
2024-03-05 20:14:06,982 - INFO -  update query 
    update confarimaresultado set confarimaar=0,
    confarimai= 0, confarimama= 1
    where  confarimacabezalid= 68 and
    confarimaindice= 5
    
2024-03-05 20:14:06,982 - INFO - finish load model info for 68
2024-03-05 20:14:53,296 - INFO - updating with  
        update confarimamodeloaplicado
        set procesado=TRUE,
        confarimamodeloaplicadoporc=-742.368
        where confarimacabezalid=68 and
        confarimamodeloaplicadoindice= 5
        and confarimamodeloaplicadoanio = 2024 and confarimamodeloaplicadomes = 14

     for 68
2024-03-05 20:14:53,307 - INFO - updated update_forecast 68
2024-03-05 20:14:53,307 - INFO -  update query  
        update confarimamodeloaplicado
        set procesado=TRUE,
        confarimamodeloaplicadoporc=-742.368
        where confarimacabezalid=68 and
        confarimamodeloaplicadoindice= 5
        and confarimamodeloaplicadoanio = 2024 and confarimamodeloaplicadomes = 14

    
2024-03-05 20:14:54,234 - INFO - updating with  
        update confarimamodeloaplicado
        set procesado=TRUE,
        confarimamodeloaplicadoporc=7782.963
        where confarimacabezalid=68 and
        confarimamodeloaplicadoindice= 5
        and confarimamodeloaplicadoanio = 2024 and confarimamodeloaplicadomes = 7

     for 68
2024-03-05 20:14:54,234 - INFO - updated update_forecast 68
2024-03-05 20:14:54,234 - INFO -  update query  
        update confarimamodeloaplicado
        set procesado=TRUE,
        confarimamodeloaplicadoporc=7782.963
        where confarimacabezalid=68 and
        confarimamodeloaplicadoindice= 5
        and confarimamodeloaplicadoanio = 2024 and confarimamodeloaplicadomes = 7

    
2024-03-05 20:14:55,549 - INFO - updating with  
        update confarimamodeloaplicado
        set procesado=TRUE,
        confarimamodeloaplicadoporc=7782.963
        where confarimacabezalid=68 and
        confarimamodeloaplicadoindice= 5
        and confarimamodeloaplicadoanio = 2024 and confarimamodeloaplicadomes = 7

     for 68
2024-03-05 20:14:55,549 - INFO - updated update_forecast 68
2024-03-05 20:14:55,549 - INFO -  update query  
        update confarimamodeloaplicado
        set procesado=TRUE,
        confarimamodeloaplicadoporc=7782.963
        where confarimacabezalid=68 and
        confarimamodeloaplicadoindice= 5
        and confarimamodeloaplicadoanio = 2024 and confarimamodeloaplicadomes = 7

    
2024-03-05 20:15:00,476 - INFO - updating with  
        update confarimamodeloaplicado
        set procesado=TRUE,
        confarimamodeloaplicadoporc=7782.963
        where confarimacabezalid=68 and
        confarimamodeloaplicadoindice= 5
        and confarimamodeloaplicadoanio = 2024 and confarimamodeloaplicadomes = 7

     for 68
2024-03-05 20:15:00,476 - INFO - updated update_forecast 68
2024-03-05 20:15:00,476 - INFO -  update query  
        update confarimamodeloaplicado
        set procesado=TRUE,
        confarimamodeloaplicadoporc=7782.963
        where confarimacabezalid=68 and
        confarimamodeloaplicadoindice= 5
        and confarimamodeloaplicadoanio = 2024 and confarimamodeloaplicadomes = 7

    
2024-03-05 20:15:01,307 - INFO - updating with  
        update confarimamodeloaplicado
        set procesado=TRUE,
        confarimamodeloaplicadoporc=7782.963
        where confarimacabezalid=68 and
        confarimamodeloaplicadoindice= 5
        and confarimamodeloaplicadoanio = 2024 and confarimamodeloaplicadomes = 7

     for 68
2024-03-05 20:15:01,307 - INFO - updated update_forecast 68
2024-03-05 20:15:01,307 - INFO -  update query  
        update confarimamodeloaplicado
        set procesado=TRUE,
        confarimamodeloaplicadoporc=7782.963
        where confarimacabezalid=68 and
        confarimamodeloaplicadoindice= 5
        and confarimamodeloaplicadoanio = 2024 and confarimamodeloaplicadomes = 7

    
2024-03-05 20:15:02,595 - INFO - updating with  
        update confarimamodeloaplicado
        set procesado=TRUE,
        confarimamodeloaplicadoporc=7782.963
        where confarimacabezalid=68 and
        confarimamodeloaplicadoindice= 5
        and confarimamodeloaplicadoanio = 2024 and confarimamodeloaplicadomes = 7

     for 68
2024-03-05 20:15:02,595 - INFO - updated update_forecast 68
2024-03-05 20:15:02,595 - INFO -  update query  
        update confarimamodeloaplicado
        set procesado=TRUE,
        confarimamodeloaplicadoporc=7782.963
        where confarimacabezalid=68 and
        confarimamodeloaplicadoindice= 5
        and confarimamodeloaplicadoanio = 2024 and confarimamodeloaplicadomes = 7

    
2024-03-05 20:15:48,393 - INFO - getting data for 68
2024-03-05 20:15:48,424 - INFO - anio_desde historico = 2022
2024-03-05 20:15:48,424 - INFO - anio_hasta historico = 2023
2024-03-05 20:15:48,424 - INFO - finishing geting data 2022 2023 and indice 5
2024-03-05 20:15:48,455 - INFO -  years for fore cast    aniodesde  aniohasta
0       2024       2028
2024-03-05 20:15:48,503 - INFO - geting total obs
2024-03-05 20:15:48,503 - INFO - estimating seasonal order using cannova-hansen test
2024-03-05 20:15:48,503 - INFO - estimating arima no season 
2024-03-05 20:15:51,995 - INFO - seasonal model was selected with aic846.9485072604386
2024-03-05 20:16:00,054 - INFO - updating with 
    update confarimaresultado set confarimaar=0,
    confarimai= 0, confarimama= 1
    where  confarimacabezalid= 68 and
    confarimaindice= 5
     for 68
2024-03-05 20:16:00,070 - INFO - updated specs 68
2024-03-05 20:16:00,070 - INFO -  update query 
    update confarimaresultado set confarimaar=0,
    confarimai= 0, confarimama= 1
    where  confarimacabezalid= 68 and
    confarimaindice= 5
    
2024-03-05 20:16:00,070 - INFO - finish load model info for 68
2024-03-05 20:16:02,392 - INFO - updating with  
        update confarimamodeloaplicado
        set procesado=TRUE,
        confarimamodeloaplicadoporc=-742.368
        where confarimacabezalid=68 and
        confarimamodeloaplicadoindice= 5
        and confarimamodeloaplicadoanio = 2024 and confarimamodeloaplicadomes = 1

     for 68
2024-03-05 20:16:02,397 - INFO - updated update_forecast 68
2024-03-05 20:16:02,397 - INFO -  update query  
        update confarimamodeloaplicado
        set procesado=TRUE,
        confarimamodeloaplicadoporc=-742.368
        where confarimacabezalid=68 and
        confarimamodeloaplicadoindice= 5
        and confarimamodeloaplicadoanio = 2024 and confarimamodeloaplicadomes = 1

    
2024-03-05 20:16:03,278 - INFO - updating with  
        update confarimamodeloaplicado
        set procesado=TRUE,
        confarimamodeloaplicadoporc=7782.963
        where confarimacabezalid=68 and
        confarimamodeloaplicadoindice= 5
        and confarimamodeloaplicadoanio = 2024 and confarimamodeloaplicadomes = 2

     for 68
2024-03-05 20:16:03,278 - INFO - updated update_forecast 68
2024-03-05 20:16:03,278 - INFO -  update query  
        update confarimamodeloaplicado
        set procesado=TRUE,
        confarimamodeloaplicadoporc=7782.963
        where confarimacabezalid=68 and
        confarimamodeloaplicadoindice= 5
        and confarimamodeloaplicadoanio = 2024 and confarimamodeloaplicadomes = 2

    
2024-03-05 20:16:04,233 - INFO - updating with  
        update confarimamodeloaplicado
        set procesado=TRUE,
        confarimamodeloaplicadoporc=7782.963
        where confarimacabezalid=68 and
        confarimamodeloaplicadoindice= 5
        and confarimamodeloaplicadoanio = 2024 and confarimamodeloaplicadomes = 3

     for 68
2024-03-05 20:16:04,233 - INFO - updated update_forecast 68
2024-03-05 20:16:04,233 - INFO -  update query  
        update confarimamodeloaplicado
        set procesado=TRUE,
        confarimamodeloaplicadoporc=7782.963
        where confarimacabezalid=68 and
        confarimamodeloaplicadoindice= 5
        and confarimamodeloaplicadoanio = 2024 and confarimamodeloaplicadomes = 3

    
2024-03-05 20:16:05,096 - INFO - updating with  
        update confarimamodeloaplicado
        set procesado=TRUE,
        confarimamodeloaplicadoporc=7782.963
        where confarimacabezalid=68 and
        confarimamodeloaplicadoindice= 5
        and confarimamodeloaplicadoanio = 2024 and confarimamodeloaplicadomes = 4

     for 68
2024-03-05 20:16:05,096 - INFO - updated update_forecast 68
2024-03-05 20:16:05,096 - INFO -  update query  
        update confarimamodeloaplicado
        set procesado=TRUE,
        confarimamodeloaplicadoporc=7782.963
        where confarimacabezalid=68 and
        confarimamodeloaplicadoindice= 5
        and confarimamodeloaplicadoanio = 2024 and confarimamodeloaplicadomes = 4

    
2024-03-05 20:16:05,937 - INFO - updating with  
        update confarimamodeloaplicado
        set procesado=TRUE,
        confarimamodeloaplicadoporc=7782.963
        where confarimacabezalid=68 and
        confarimamodeloaplicadoindice= 5
        and confarimamodeloaplicadoanio = 2024 and confarimamodeloaplicadomes = 5

     for 68
2024-03-05 20:16:05,947 - INFO - updated update_forecast 68
2024-03-05 20:16:05,947 - INFO -  update query  
        update confarimamodeloaplicado
        set procesado=TRUE,
        confarimamodeloaplicadoporc=7782.963
        where confarimacabezalid=68 and
        confarimamodeloaplicadoindice= 5
        and confarimamodeloaplicadoanio = 2024 and confarimamodeloaplicadomes = 5

    
2024-03-05 20:16:06,799 - INFO - updating with  
        update confarimamodeloaplicado
        set procesado=TRUE,
        confarimamodeloaplicadoporc=7782.963
        where confarimacabezalid=68 and
        confarimamodeloaplicadoindice= 5
        and confarimamodeloaplicadoanio = 2024 and confarimamodeloaplicadomes = 6

     for 68
2024-03-05 20:16:06,809 - INFO - updated update_forecast 68
2024-03-05 20:16:06,809 - INFO -  update query  
        update confarimamodeloaplicado
        set procesado=TRUE,
        confarimamodeloaplicadoporc=7782.963
        where confarimacabezalid=68 and
        confarimamodeloaplicadoindice= 5
        and confarimamodeloaplicadoanio = 2024 and confarimamodeloaplicadomes = 6

    
2024-03-05 20:16:07,471 - INFO - updating with  
        update confarimamodeloaplicado
        set procesado=TRUE,
        confarimamodeloaplicadoporc=7782.963
        where confarimacabezalid=68 and
        confarimamodeloaplicadoindice= 5
        and confarimamodeloaplicadoanio = 2024 and confarimamodeloaplicadomes = 7

     for 68
2024-03-05 20:16:07,471 - INFO - updated update_forecast 68
2024-03-05 20:16:07,471 - INFO -  update query  
        update confarimamodeloaplicado
        set procesado=TRUE,
        confarimamodeloaplicadoporc=7782.963
        where confarimacabezalid=68 and
        confarimamodeloaplicadoindice= 5
        and confarimamodeloaplicadoanio = 2024 and confarimamodeloaplicadomes = 7

    
2024-03-05 20:16:08,226 - INFO - updating with  
        update confarimamodeloaplicado
        set procesado=TRUE,
        confarimamodeloaplicadoporc=7782.963
        where confarimacabezalid=68 and
        confarimamodeloaplicadoindice= 5
        and confarimamodeloaplicadoanio = 2024 and confarimamodeloaplicadomes = 8

     for 68
2024-03-05 20:16:08,231 - INFO - updated update_forecast 68
2024-03-05 20:16:08,231 - INFO -  update query  
        update confarimamodeloaplicado
        set procesado=TRUE,
        confarimamodeloaplicadoporc=7782.963
        where confarimacabezalid=68 and
        confarimamodeloaplicadoindice= 5
        and confarimamodeloaplicadoanio = 2024 and confarimamodeloaplicadomes = 8

    
2024-03-05 20:16:08,947 - INFO - updating with  
        update confarimamodeloaplicado
        set procesado=TRUE,
        confarimamodeloaplicadoporc=7782.963
        where confarimacabezalid=68 and
        confarimamodeloaplicadoindice= 5
        and confarimamodeloaplicadoanio = 2024 and confarimamodeloaplicadomes = 9

     for 68
2024-03-05 20:16:08,951 - INFO - updated update_forecast 68
2024-03-05 20:16:08,951 - INFO -  update query  
        update confarimamodeloaplicado
        set procesado=TRUE,
        confarimamodeloaplicadoporc=7782.963
        where confarimacabezalid=68 and
        confarimamodeloaplicadoindice= 5
        and confarimamodeloaplicadoanio = 2024 and confarimamodeloaplicadomes = 9

    
2024-03-05 20:16:09,768 - INFO - updating with  
        update confarimamodeloaplicado
        set procesado=TRUE,
        confarimamodeloaplicadoporc=7782.963
        where confarimacabezalid=68 and
        confarimamodeloaplicadoindice= 5
        and confarimamodeloaplicadoanio = 2024 and confarimamodeloaplicadomes = 10

     for 68
2024-03-05 20:16:09,774 - INFO - updated update_forecast 68
2024-03-05 20:16:09,774 - INFO -  update query  
        update confarimamodeloaplicado
        set procesado=TRUE,
        confarimamodeloaplicadoporc=7782.963
        where confarimacabezalid=68 and
        confarimamodeloaplicadoindice= 5
        and confarimamodeloaplicadoanio = 2024 and confarimamodeloaplicadomes = 10

    
2024-03-05 20:16:10,534 - INFO - updating with  
        update confarimamodeloaplicado
        set procesado=TRUE,
        confarimamodeloaplicadoporc=7782.963
        where confarimacabezalid=68 and
        confarimamodeloaplicadoindice= 5
        and confarimamodeloaplicadoanio = 2024 and confarimamodeloaplicadomes = 11

     for 68
2024-03-05 20:16:10,535 - INFO - updated update_forecast 68
2024-03-05 20:16:10,535 - INFO -  update query  
        update confarimamodeloaplicado
        set procesado=TRUE,
        confarimamodeloaplicadoporc=7782.963
        where confarimacabezalid=68 and
        confarimamodeloaplicadoindice= 5
        and confarimamodeloaplicadoanio = 2024 and confarimamodeloaplicadomes = 11

    
2024-03-05 20:16:11,229 - INFO - updating with  
        update confarimamodeloaplicado
        set procesado=TRUE,
        confarimamodeloaplicadoporc=7782.963
        where confarimacabezalid=68 and
        confarimamodeloaplicadoindice= 5
        and confarimamodeloaplicadoanio = 2024 and confarimamodeloaplicadomes = 12

     for 68
2024-03-05 20:16:11,239 - INFO - updated update_forecast 68
2024-03-05 20:16:11,239 - INFO -  update query  
        update confarimamodeloaplicado
        set procesado=TRUE,
        confarimamodeloaplicadoporc=7782.963
        where confarimacabezalid=68 and
        confarimamodeloaplicadoindice= 5
        and confarimamodeloaplicadoanio = 2024 and confarimamodeloaplicadomes = 12

    
2024-03-05 20:16:11,993 - INFO - updating with  
        update confarimamodeloaplicado
        set procesado=TRUE,
        confarimamodeloaplicadoporc=7782.963
        where confarimacabezalid=68 and
        confarimamodeloaplicadoindice= 5
        and confarimamodeloaplicadoanio = 2024 and confarimamodeloaplicadomes = 13

     for 68
2024-03-05 20:16:12,003 - INFO - updated update_forecast 68
2024-03-05 20:16:12,003 - INFO -  update query  
        update confarimamodeloaplicado
        set procesado=TRUE,
        confarimamodeloaplicadoporc=7782.963
        where confarimacabezalid=68 and
        confarimamodeloaplicadoindice= 5
        and confarimamodeloaplicadoanio = 2024 and confarimamodeloaplicadomes = 13

    
2024-03-05 20:16:12,653 - INFO - updating with  
        update confarimamodeloaplicado
        set procesado=TRUE,
        confarimamodeloaplicadoporc=7782.963
        where confarimacabezalid=68 and
        confarimamodeloaplicadoindice= 5
        and confarimamodeloaplicadoanio = 2024 and confarimamodeloaplicadomes = 14

     for 68
2024-03-05 20:16:12,655 - INFO - updated update_forecast 68
2024-03-05 20:16:12,655 - INFO -  update query  
        update confarimamodeloaplicado
        set procesado=TRUE,
        confarimamodeloaplicadoporc=7782.963
        where confarimacabezalid=68 and
        confarimamodeloaplicadoindice= 5
        and confarimamodeloaplicadoanio = 2024 and confarimamodeloaplicadomes = 14

    
2024-03-05 20:16:13,285 - INFO - updating with  
        update confarimamodeloaplicado
        set procesado=TRUE,
        confarimamodeloaplicadoporc=7782.963
        where confarimacabezalid=68 and
        confarimamodeloaplicadoindice= 5
        and confarimamodeloaplicadoanio = 2024 and confarimamodeloaplicadomes = 15

     for 68
2024-03-05 20:16:13,287 - INFO - updated update_forecast 68
2024-03-05 20:16:13,288 - INFO -  update query  
        update confarimamodeloaplicado
        set procesado=TRUE,
        confarimamodeloaplicadoporc=7782.963
        where confarimacabezalid=68 and
        confarimamodeloaplicadoindice= 5
        and confarimamodeloaplicadoanio = 2024 and confarimamodeloaplicadomes = 15

    
2024-03-05 20:16:13,919 - INFO - updating with  
        update confarimamodeloaplicado
        set procesado=TRUE,
        confarimamodeloaplicadoporc=7782.963
        where confarimacabezalid=68 and
        confarimamodeloaplicadoindice= 5
        and confarimamodeloaplicadoanio = 2024 and confarimamodeloaplicadomes = 16

     for 68
2024-03-05 20:16:13,929 - INFO - updated update_forecast 68
2024-03-05 20:16:13,929 - INFO -  update query  
        update confarimamodeloaplicado
        set procesado=TRUE,
        confarimamodeloaplicadoporc=7782.963
        where confarimacabezalid=68 and
        confarimamodeloaplicadoindice= 5
        and confarimamodeloaplicadoanio = 2024 and confarimamodeloaplicadomes = 16

    
2024-03-05 20:16:14,516 - INFO - updating with  
        update confarimamodeloaplicado
        set procesado=TRUE,
        confarimamodeloaplicadoporc=7782.963
        where confarimacabezalid=68 and
        confarimamodeloaplicadoindice= 5
        and confarimamodeloaplicadoanio = 2024 and confarimamodeloaplicadomes = 17

     for 68
2024-03-05 20:16:14,518 - INFO - updated update_forecast 68
2024-03-05 20:16:14,518 - INFO -  update query  
        update confarimamodeloaplicado
        set procesado=TRUE,
        confarimamodeloaplicadoporc=7782.963
        where confarimacabezalid=68 and
        confarimamodeloaplicadoindice= 5
        and confarimamodeloaplicadoanio = 2024 and confarimamodeloaplicadomes = 17

    
2024-03-05 20:16:15,120 - INFO - updating with  
        update confarimamodeloaplicado
        set procesado=TRUE,
        confarimamodeloaplicadoporc=7782.963
        where confarimacabezalid=68 and
        confarimamodeloaplicadoindice= 5
        and confarimamodeloaplicadoanio = 2024 and confarimamodeloaplicadomes = 18

     for 68
2024-03-05 20:16:15,129 - INFO - updated update_forecast 68
2024-03-05 20:16:15,129 - INFO -  update query  
        update confarimamodeloaplicado
        set procesado=TRUE,
        confarimamodeloaplicadoporc=7782.963
        where confarimacabezalid=68 and
        confarimamodeloaplicadoindice= 5
        and confarimamodeloaplicadoanio = 2024 and confarimamodeloaplicadomes = 18

    
2024-03-05 20:16:16,079 - INFO - updating with  
        update confarimamodeloaplicado
        set procesado=TRUE,
        confarimamodeloaplicadoporc=7782.963
        where confarimacabezalid=68 and
        confarimamodeloaplicadoindice= 5
        and confarimamodeloaplicadoanio = 2025 and confarimamodeloaplicadomes = 1

     for 68
2024-03-05 20:16:16,089 - INFO - updated update_forecast 68
2024-03-05 20:16:16,089 - INFO -  update query  
        update confarimamodeloaplicado
        set procesado=TRUE,
        confarimamodeloaplicadoporc=7782.963
        where confarimacabezalid=68 and
        confarimamodeloaplicadoindice= 5
        and confarimamodeloaplicadoanio = 2025 and confarimamodeloaplicadomes = 1

    
2024-03-05 20:16:16,709 - INFO - updating with  
        update confarimamodeloaplicado
        set procesado=TRUE,
        confarimamodeloaplicadoporc=7782.963
        where confarimacabezalid=68 and
        confarimamodeloaplicadoindice= 5
        and confarimamodeloaplicadoanio = 2025 and confarimamodeloaplicadomes = 2

     for 68
2024-03-05 20:16:16,719 - INFO - updated update_forecast 68
2024-03-05 20:16:16,719 - INFO -  update query  
        update confarimamodeloaplicado
        set procesado=TRUE,
        confarimamodeloaplicadoporc=7782.963
        where confarimacabezalid=68 and
        confarimamodeloaplicadoindice= 5
        and confarimamodeloaplicadoanio = 2025 and confarimamodeloaplicadomes = 2

    
2024-03-05 20:16:17,289 - INFO - updating with  
        update confarimamodeloaplicado
        set procesado=TRUE,
        confarimamodeloaplicadoporc=7782.963
        where confarimacabezalid=68 and
        confarimamodeloaplicadoindice= 5
        and confarimamodeloaplicadoanio = 2025 and confarimamodeloaplicadomes = 3

     for 68
2024-03-05 20:16:17,291 - INFO - updated update_forecast 68
2024-03-05 20:16:17,291 - INFO -  update query  
        update confarimamodeloaplicado
        set procesado=TRUE,
        confarimamodeloaplicadoporc=7782.963
        where confarimacabezalid=68 and
        confarimamodeloaplicadoindice= 5
        and confarimamodeloaplicadoanio = 2025 and confarimamodeloaplicadomes = 3

    
2024-03-05 20:16:17,864 - INFO - updating with  
        update confarimamodeloaplicado
        set procesado=TRUE,
        confarimamodeloaplicadoporc=7782.963
        where confarimacabezalid=68 and
        confarimamodeloaplicadoindice= 5
        and confarimamodeloaplicadoanio = 2025 and confarimamodeloaplicadomes = 4

     for 68
2024-03-05 20:16:17,866 - INFO - updated update_forecast 68
2024-03-05 20:16:17,867 - INFO -  update query  
        update confarimamodeloaplicado
        set procesado=TRUE,
        confarimamodeloaplicadoporc=7782.963
        where confarimacabezalid=68 and
        confarimamodeloaplicadoindice= 5
        and confarimamodeloaplicadoanio = 2025 and confarimamodeloaplicadomes = 4

    
2024-03-05 20:16:18,375 - INFO - updating with  
        update confarimamodeloaplicado
        set procesado=TRUE,
        confarimamodeloaplicadoporc=7782.963
        where confarimacabezalid=68 and
        confarimamodeloaplicadoindice= 5
        and confarimamodeloaplicadoanio = 2025 and confarimamodeloaplicadomes = 5

     for 68
2024-03-05 20:16:18,385 - INFO - updated update_forecast 68
2024-03-05 20:16:18,385 - INFO -  update query  
        update confarimamodeloaplicado
        set procesado=TRUE,
        confarimamodeloaplicadoporc=7782.963
        where confarimacabezalid=68 and
        confarimamodeloaplicadoindice= 5
        and confarimamodeloaplicadoanio = 2025 and confarimamodeloaplicadomes = 5

    
2024-03-05 20:16:19,401 - INFO - updating with  
        update confarimamodeloaplicado
        set procesado=TRUE,
        confarimamodeloaplicadoporc=7782.963
        where confarimacabezalid=68 and
        confarimamodeloaplicadoindice= 5
        and confarimamodeloaplicadoanio = 2025 and confarimamodeloaplicadomes = 6

     for 68
2024-03-05 20:16:19,411 - INFO - updated update_forecast 68
2024-03-05 20:16:19,411 - INFO -  update query  
        update confarimamodeloaplicado
        set procesado=TRUE,
        confarimamodeloaplicadoporc=7782.963
        where confarimacabezalid=68 and
        confarimamodeloaplicadoindice= 5
        and confarimamodeloaplicadoanio = 2025 and confarimamodeloaplicadomes = 6

    
2024-03-05 20:16:19,807 - INFO - updating with  
        update confarimamodeloaplicado
        set procesado=TRUE,
        confarimamodeloaplicadoporc=7782.963
        where confarimacabezalid=68 and
        confarimamodeloaplicadoindice= 5
        and confarimamodeloaplicadoanio = 2025 and confarimamodeloaplicadomes = 7

     for 68
2024-03-05 20:16:19,817 - INFO - updated update_forecast 68
2024-03-05 20:16:19,817 - INFO -  update query  
        update confarimamodeloaplicado
        set procesado=TRUE,
        confarimamodeloaplicadoporc=7782.963
        where confarimacabezalid=68 and
        confarimamodeloaplicadoindice= 5
        and confarimamodeloaplicadoanio = 2025 and confarimamodeloaplicadomes = 7

    
2024-03-05 20:16:20,267 - INFO - updating with  
        update confarimamodeloaplicado
        set procesado=TRUE,
        confarimamodeloaplicadoporc=7782.963
        where confarimacabezalid=68 and
        confarimamodeloaplicadoindice= 5
        and confarimamodeloaplicadoanio = 2025 and confarimamodeloaplicadomes = 8

     for 68
2024-03-05 20:16:20,277 - INFO - updated update_forecast 68
2024-03-05 20:16:20,277 - INFO -  update query  
        update confarimamodeloaplicado
        set procesado=TRUE,
        confarimamodeloaplicadoporc=7782.963
        where confarimacabezalid=68 and
        confarimamodeloaplicadoindice= 5
        and confarimamodeloaplicadoanio = 2025 and confarimamodeloaplicadomes = 8

    
2024-03-05 20:16:20,700 - INFO - updating with  
        update confarimamodeloaplicado
        set procesado=TRUE,
        confarimamodeloaplicadoporc=7782.963
        where confarimacabezalid=68 and
        confarimamodeloaplicadoindice= 5
        and confarimamodeloaplicadoanio = 2025 and confarimamodeloaplicadomes = 9

     for 68
2024-03-05 20:16:20,710 - INFO - updated update_forecast 68
2024-03-05 20:16:20,710 - INFO -  update query  
        update confarimamodeloaplicado
        set procesado=TRUE,
        confarimamodeloaplicadoporc=7782.963
        where confarimacabezalid=68 and
        confarimamodeloaplicadoindice= 5
        and confarimamodeloaplicadoanio = 2025 and confarimamodeloaplicadomes = 9

    
2024-03-05 20:16:21,136 - INFO - updating with  
        update confarimamodeloaplicado
        set procesado=TRUE,
        confarimamodeloaplicadoporc=7782.963
        where confarimacabezalid=68 and
        confarimamodeloaplicadoindice= 5
        and confarimamodeloaplicadoanio = 2025 and confarimamodeloaplicadomes = 10

     for 68
2024-03-05 20:16:21,145 - INFO - updated update_forecast 68
2024-03-05 20:16:21,145 - INFO -  update query  
        update confarimamodeloaplicado
        set procesado=TRUE,
        confarimamodeloaplicadoporc=7782.963
        where confarimacabezalid=68 and
        confarimamodeloaplicadoindice= 5
        and confarimamodeloaplicadoanio = 2025 and confarimamodeloaplicadomes = 10

    
2024-03-05 20:16:21,520 - INFO - updating with  
        update confarimamodeloaplicado
        set procesado=TRUE,
        confarimamodeloaplicadoporc=7782.963
        where confarimacabezalid=68 and
        confarimamodeloaplicadoindice= 5
        and confarimamodeloaplicadoanio = 2025 and confarimamodeloaplicadomes = 11

     for 68
2024-03-05 20:16:21,525 - INFO - updated update_forecast 68
2024-03-05 20:16:21,525 - INFO -  update query  
        update confarimamodeloaplicado
        set procesado=TRUE,
        confarimamodeloaplicadoporc=7782.963
        where confarimacabezalid=68 and
        confarimamodeloaplicadoindice= 5
        and confarimamodeloaplicadoanio = 2025 and confarimamodeloaplicadomes = 11

    
2024-03-05 20:16:21,941 - INFO - updating with  
        update confarimamodeloaplicado
        set procesado=TRUE,
        confarimamodeloaplicadoporc=7782.963
        where confarimacabezalid=68 and
        confarimamodeloaplicadoindice= 5
        and confarimamodeloaplicadoanio = 2025 and confarimamodeloaplicadomes = 12

     for 68
2024-03-05 20:16:21,948 - INFO - updated update_forecast 68
2024-03-05 20:16:21,948 - INFO -  update query  
        update confarimamodeloaplicado
        set procesado=TRUE,
        confarimamodeloaplicadoporc=7782.963
        where confarimacabezalid=68 and
        confarimamodeloaplicadoindice= 5
        and confarimamodeloaplicadoanio = 2025 and confarimamodeloaplicadomes = 12

    
2024-03-05 20:16:22,313 - INFO - updating with  
        update confarimamodeloaplicado
        set procesado=TRUE,
        confarimamodeloaplicadoporc=7782.963
        where confarimacabezalid=68 and
        confarimamodeloaplicadoindice= 5
        and confarimamodeloaplicadoanio = 2025 and confarimamodeloaplicadomes = 13

     for 68
2024-03-05 20:16:22,322 - INFO - updated update_forecast 68
2024-03-05 20:16:22,322 - INFO -  update query  
        update confarimamodeloaplicado
        set procesado=TRUE,
        confarimamodeloaplicadoporc=7782.963
        where confarimacabezalid=68 and
        confarimamodeloaplicadoindice= 5
        and confarimamodeloaplicadoanio = 2025 and confarimamodeloaplicadomes = 13

    
2024-03-05 20:16:22,649 - INFO - updating with  
        update confarimamodeloaplicado
        set procesado=TRUE,
        confarimamodeloaplicadoporc=7782.963
        where confarimacabezalid=68 and
        confarimamodeloaplicadoindice= 5
        and confarimamodeloaplicadoanio = 2025 and confarimamodeloaplicadomes = 14

     for 68
2024-03-05 20:16:22,651 - INFO - updated update_forecast 68
2024-03-05 20:16:22,651 - INFO -  update query  
        update confarimamodeloaplicado
        set procesado=TRUE,
        confarimamodeloaplicadoporc=7782.963
        where confarimacabezalid=68 and
        confarimamodeloaplicadoindice= 5
        and confarimamodeloaplicadoanio = 2025 and confarimamodeloaplicadomes = 14

    
2024-03-05 20:16:22,913 - INFO - updating with  
        update confarimamodeloaplicado
        set procesado=TRUE,
        confarimamodeloaplicadoporc=7782.963
        where confarimacabezalid=68 and
        confarimamodeloaplicadoindice= 5
        and confarimamodeloaplicadoanio = 2025 and confarimamodeloaplicadomes = 15

     for 68
2024-03-05 20:16:22,916 - INFO - updated update_forecast 68
2024-03-05 20:16:22,916 - INFO -  update query  
        update confarimamodeloaplicado
        set procesado=TRUE,
        confarimamodeloaplicadoporc=7782.963
        where confarimacabezalid=68 and
        confarimamodeloaplicadoindice= 5
        and confarimamodeloaplicadoanio = 2025 and confarimamodeloaplicadomes = 15

    
2024-03-05 20:16:23,116 - INFO - updating with  
        update confarimamodeloaplicado
        set procesado=TRUE,
        confarimamodeloaplicadoporc=7782.963
        where confarimacabezalid=68 and
        confarimamodeloaplicadoindice= 5
        and confarimamodeloaplicadoanio = 2025 and confarimamodeloaplicadomes = 16

     for 68
2024-03-05 20:16:23,118 - INFO - updated update_forecast 68
2024-03-05 20:16:23,118 - INFO -  update query  
        update confarimamodeloaplicado
        set procesado=TRUE,
        confarimamodeloaplicadoporc=7782.963
        where confarimacabezalid=68 and
        confarimamodeloaplicadoindice= 5
        and confarimamodeloaplicadoanio = 2025 and confarimamodeloaplicadomes = 16

    
2024-03-05 20:16:23,311 - INFO - updating with  
        update confarimamodeloaplicado
        set procesado=TRUE,
        confarimamodeloaplicadoporc=7782.963
        where confarimacabezalid=68 and
        confarimamodeloaplicadoindice= 5
        and confarimamodeloaplicadoanio = 2025 and confarimamodeloaplicadomes = 17

     for 68
2024-03-05 20:16:23,311 - INFO - updated update_forecast 68
2024-03-05 20:16:23,311 - INFO -  update query  
        update confarimamodeloaplicado
        set procesado=TRUE,
        confarimamodeloaplicadoporc=7782.963
        where confarimacabezalid=68 and
        confarimamodeloaplicadoindice= 5
        and confarimamodeloaplicadoanio = 2025 and confarimamodeloaplicadomes = 17

    
2024-03-05 20:16:23,484 - INFO - updating with  
        update confarimamodeloaplicado
        set procesado=TRUE,
        confarimamodeloaplicadoporc=7782.963
        where confarimacabezalid=68 and
        confarimamodeloaplicadoindice= 5
        and confarimamodeloaplicadoanio = 2025 and confarimamodeloaplicadomes = 18

     for 68
2024-03-05 20:16:23,486 - INFO - updated update_forecast 68
2024-03-05 20:16:23,486 - INFO -  update query  
        update confarimamodeloaplicado
        set procesado=TRUE,
        confarimamodeloaplicadoporc=7782.963
        where confarimacabezalid=68 and
        confarimamodeloaplicadoindice= 5
        and confarimamodeloaplicadoanio = 2025 and confarimamodeloaplicadomes = 18

    
2024-03-05 20:16:23,676 - INFO - updating with  
        update confarimamodeloaplicado
        set procesado=TRUE,
        confarimamodeloaplicadoporc=7782.963
        where confarimacabezalid=68 and
        confarimamodeloaplicadoindice= 5
        and confarimamodeloaplicadoanio = 2026 and confarimamodeloaplicadomes = 1

     for 68
2024-03-05 20:16:23,676 - INFO - updated update_forecast 68
2024-03-05 20:16:23,676 - INFO -  update query  
        update confarimamodeloaplicado
        set procesado=TRUE,
        confarimamodeloaplicadoporc=7782.963
        where confarimacabezalid=68 and
        confarimamodeloaplicadoindice= 5
        and confarimamodeloaplicadoanio = 2026 and confarimamodeloaplicadomes = 1

    
2024-03-05 20:16:24,226 - INFO - updating with  
        update confarimamodeloaplicado
        set procesado=TRUE,
        confarimamodeloaplicadoporc=7782.963
        where confarimacabezalid=68 and
        confarimamodeloaplicadoindice= 5
        and confarimamodeloaplicadoanio = 2026 and confarimamodeloaplicadomes = 2

     for 68
2024-03-05 20:16:24,226 - INFO - updated update_forecast 68
2024-03-05 20:16:24,226 - INFO -  update query  
        update confarimamodeloaplicado
        set procesado=TRUE,
        confarimamodeloaplicadoporc=7782.963
        where confarimacabezalid=68 and
        confarimamodeloaplicadoindice= 5
        and confarimamodeloaplicadoanio = 2026 and confarimamodeloaplicadomes = 2

    
2024-03-05 20:16:24,408 - INFO - updating with  
        update confarimamodeloaplicado
        set procesado=TRUE,
        confarimamodeloaplicadoporc=7782.963
        where confarimacabezalid=68 and
        confarimamodeloaplicadoindice= 5
        and confarimamodeloaplicadoanio = 2026 and confarimamodeloaplicadomes = 3

     for 68
2024-03-05 20:16:24,408 - INFO - updated update_forecast 68
2024-03-05 20:16:24,408 - INFO -  update query  
        update confarimamodeloaplicado
        set procesado=TRUE,
        confarimamodeloaplicadoporc=7782.963
        where confarimacabezalid=68 and
        confarimamodeloaplicadoindice= 5
        and confarimamodeloaplicadoanio = 2026 and confarimamodeloaplicadomes = 3

    
2024-03-05 20:16:24,579 - INFO - updating with  
        update confarimamodeloaplicado
        set procesado=TRUE,
        confarimamodeloaplicadoporc=7782.963
        where confarimacabezalid=68 and
        confarimamodeloaplicadoindice= 5
        and confarimamodeloaplicadoanio = 2026 and confarimamodeloaplicadomes = 4

     for 68
2024-03-05 20:16:24,581 - INFO - updated update_forecast 68
2024-03-05 20:16:24,581 - INFO -  update query  
        update confarimamodeloaplicado
        set procesado=TRUE,
        confarimamodeloaplicadoporc=7782.963
        where confarimacabezalid=68 and
        confarimamodeloaplicadoindice= 5
        and confarimamodeloaplicadoanio = 2026 and confarimamodeloaplicadomes = 4

    
2024-03-05 20:16:24,813 - INFO - updating with  
        update confarimamodeloaplicado
        set procesado=TRUE,
        confarimamodeloaplicadoporc=7782.963
        where confarimacabezalid=68 and
        confarimamodeloaplicadoindice= 5
        and confarimamodeloaplicadoanio = 2026 and confarimamodeloaplicadomes = 5

     for 68
2024-03-05 20:16:24,819 - INFO - updated update_forecast 68
2024-03-05 20:16:24,819 - INFO -  update query  
        update confarimamodeloaplicado
        set procesado=TRUE,
        confarimamodeloaplicadoporc=7782.963
        where confarimacabezalid=68 and
        confarimamodeloaplicadoindice= 5
        and confarimamodeloaplicadoanio = 2026 and confarimamodeloaplicadomes = 5

    
2024-03-05 20:16:24,951 - INFO - updating with  
        update confarimamodeloaplicado
        set procesado=TRUE,
        confarimamodeloaplicadoporc=7782.963
        where confarimacabezalid=68 and
        confarimamodeloaplicadoindice= 5
        and confarimamodeloaplicadoanio = 2026 and confarimamodeloaplicadomes = 6

     for 68
2024-03-05 20:16:24,951 - INFO - updated update_forecast 68
2024-03-05 20:16:24,951 - INFO -  update query  
        update confarimamodeloaplicado
        set procesado=TRUE,
        confarimamodeloaplicadoporc=7782.963
        where confarimacabezalid=68 and
        confarimamodeloaplicadoindice= 5
        and confarimamodeloaplicadoanio = 2026 and confarimamodeloaplicadomes = 6

    
2024-03-05 20:16:25,575 - INFO - updating with  
        update confarimamodeloaplicado
        set procesado=TRUE,
        confarimamodeloaplicadoporc=7782.963
        where confarimacabezalid=68 and
        confarimamodeloaplicadoindice= 5
        and confarimamodeloaplicadoanio = 2026 and confarimamodeloaplicadomes = 7

     for 68
2024-03-05 20:16:25,575 - INFO - updated update_forecast 68
2024-03-05 20:16:25,575 - INFO -  update query  
        update confarimamodeloaplicado
        set procesado=TRUE,
        confarimamodeloaplicadoporc=7782.963
        where confarimacabezalid=68 and
        confarimamodeloaplicadoindice= 5
        and confarimamodeloaplicadoanio = 2026 and confarimamodeloaplicadomes = 7

    
2024-03-11 20:50:03,010 - INFO - getting data for 68
2024-03-11 20:50:03,103 - INFO - anio_desde historico = 2022
2024-03-11 20:50:03,104 - INFO - anio_hasta historico = 2023
2024-03-11 20:50:03,125 - INFO - finishing geting data 2022 2023 and indice 5
2024-03-11 20:50:03,134 - INFO -  years for fore cast    aniodesde  aniohasta
0       2024       2028
2024-03-11 20:50:03,147 - INFO - geting total obs
2024-03-11 20:50:03,148 - INFO - estimating seasonal order using cannova-hansen test
2024-03-11 20:50:03,148 - INFO - estimating arima no season 
2024-03-11 20:50:05,387 - INFO - seasonal model was selected with aic846.9485072604386
2024-03-11 20:50:05,395 - INFO - updating with 
    update confarimaresultado set confarimaar=0,
    confarimai= 0, confarimama= 1
    where  confarimacabezalid= 68 and
    confarimaindice= 5
     for 68
2024-03-11 20:50:05,419 - INFO - updated specs 68
2024-03-11 20:50:05,420 - INFO -  update query 
    update confarimaresultado set confarimaar=0,
    confarimai= 0, confarimama= 1
    where  confarimacabezalid= 68 and
    confarimaindice= 5
    
2024-03-11 20:50:05,420 - INFO - finish load model info for 68
2024-03-11 20:51:39,859 - INFO - getting data for 68
2024-03-11 20:51:39,886 - INFO - anio_desde historico = 2022
2024-03-11 20:51:39,887 - INFO - anio_hasta historico = 2023
2024-03-11 20:51:39,894 - INFO - finishing geting data 2022 2023 and indice 5
2024-03-11 20:51:39,904 - INFO -  years for fore cast    aniodesde  aniohasta
0       2024       2028
2024-03-11 20:51:39,917 - INFO - geting total obs
2024-03-11 20:51:39,917 - INFO - estimating seasonal order using cannova-hansen test
2024-03-11 20:51:39,917 - INFO - estimating arima no season 
2024-03-11 20:51:42,128 - INFO - seasonal model was selected with aic846.9485072604386
2024-03-11 20:51:42,138 - INFO - updating with 
    update confarimaresultado set confarimaar=0,
    confarimai= 0, confarimama= 1
    where  confarimacabezalid= 68 and
    confarimaindice= 5
     for 68
2024-03-11 20:51:42,152 - INFO - updated specs 68
2024-03-11 20:51:42,152 - INFO -  update query 
    update confarimaresultado set confarimaar=0,
    confarimai= 0, confarimama= 1
    where  confarimacabezalid= 68 and
    confarimaindice= 5
    
2024-03-11 20:51:42,153 - INFO - finish load model info for 68
2024-03-11 20:51:42,155 - INFO - updating with  
        update confarimamodeloaplicado
        set procesado=TRUE,
        confarimamodeloaplicadoporc=-742.368
        where confarimacabezalid=68 and
        confarimamodeloaplicadoindice= 5
        and confarimamodeloaplicadoanio = 2024 and confarimamodeloaplicadomes = 1

     for 68
2024-03-11 20:51:42,180 - INFO - updated update_forecast 68
2024-03-11 20:51:42,180 - INFO -  update query  
        update confarimamodeloaplicado
        set procesado=TRUE,
        confarimamodeloaplicadoporc=-742.368
        where confarimacabezalid=68 and
        confarimamodeloaplicadoindice= 5
        and confarimamodeloaplicadoanio = 2024 and confarimamodeloaplicadomes = 1

    
2024-03-11 20:51:42,180 - INFO - updating with  
        update confarimamodeloaplicado
        set procesado=TRUE,
        confarimamodeloaplicadoporc=7782.963
        where confarimacabezalid=68 and
        confarimamodeloaplicadoindice= 5
        and confarimamodeloaplicadoanio = 2024 and confarimamodeloaplicadomes = 2

     for 68
2024-03-11 20:51:42,183 - INFO - updated update_forecast 68
2024-03-11 20:51:42,183 - INFO -  update query  
        update confarimamodeloaplicado
        set procesado=TRUE,
        confarimamodeloaplicadoporc=7782.963
        where confarimacabezalid=68 and
        confarimamodeloaplicadoindice= 5
        and confarimamodeloaplicadoanio = 2024 and confarimamodeloaplicadomes = 2

    
2024-03-11 20:51:42,183 - INFO - updating with  
        update confarimamodeloaplicado
        set procesado=TRUE,
        confarimamodeloaplicadoporc=7782.963
        where confarimacabezalid=68 and
        confarimamodeloaplicadoindice= 5
        and confarimamodeloaplicadoanio = 2024 and confarimamodeloaplicadomes = 3

     for 68
2024-03-11 20:51:42,185 - INFO - updated update_forecast 68
2024-03-11 20:51:42,185 - INFO -  update query  
        update confarimamodeloaplicado
        set procesado=TRUE,
        confarimamodeloaplicadoporc=7782.963
        where confarimacabezalid=68 and
        confarimamodeloaplicadoindice= 5
        and confarimamodeloaplicadoanio = 2024 and confarimamodeloaplicadomes = 3

    
2024-03-11 20:51:42,185 - INFO - updating with  
        update confarimamodeloaplicado
        set procesado=TRUE,
        confarimamodeloaplicadoporc=7782.963
        where confarimacabezalid=68 and
        confarimamodeloaplicadoindice= 5
        and confarimamodeloaplicadoanio = 2024 and confarimamodeloaplicadomes = 4

     for 68
2024-03-11 20:51:42,187 - INFO - updated update_forecast 68
2024-03-11 20:51:42,187 - INFO -  update query  
        update confarimamodeloaplicado
        set procesado=TRUE,
        confarimamodeloaplicadoporc=7782.963
        where confarimacabezalid=68 and
        confarimamodeloaplicadoindice= 5
        and confarimamodeloaplicadoanio = 2024 and confarimamodeloaplicadomes = 4

    
2024-03-11 20:51:42,188 - INFO - updating with  
        update confarimamodeloaplicado
        set procesado=TRUE,
        confarimamodeloaplicadoporc=7782.963
        where confarimacabezalid=68 and
        confarimamodeloaplicadoindice= 5
        and confarimamodeloaplicadoanio = 2024 and confarimamodeloaplicadomes = 5

     for 68
2024-03-11 20:51:42,189 - INFO - updated update_forecast 68
2024-03-11 20:51:42,189 - INFO -  update query  
        update confarimamodeloaplicado
        set procesado=TRUE,
        confarimamodeloaplicadoporc=7782.963
        where confarimacabezalid=68 and
        confarimamodeloaplicadoindice= 5
        and confarimamodeloaplicadoanio = 2024 and confarimamodeloaplicadomes = 5

    
2024-03-11 20:51:42,190 - INFO - updating with  
        update confarimamodeloaplicado
        set procesado=TRUE,
        confarimamodeloaplicadoporc=7782.963
        where confarimacabezalid=68 and
        confarimamodeloaplicadoindice= 5
        and confarimamodeloaplicadoanio = 2024 and confarimamodeloaplicadomes = 6

     for 68
2024-03-11 20:51:42,191 - INFO - updated update_forecast 68
2024-03-11 20:51:42,192 - INFO -  update query  
        update confarimamodeloaplicado
        set procesado=TRUE,
        confarimamodeloaplicadoporc=7782.963
        where confarimacabezalid=68 and
        confarimamodeloaplicadoindice= 5
        and confarimamodeloaplicadoanio = 2024 and confarimamodeloaplicadomes = 6

    
2024-03-11 20:51:42,192 - INFO - updating with  
        update confarimamodeloaplicado
        set procesado=TRUE,
        confarimamodeloaplicadoporc=7782.963
        where confarimacabezalid=68 and
        confarimamodeloaplicadoindice= 5
        and confarimamodeloaplicadoanio = 2024 and confarimamodeloaplicadomes = 7

     for 68
2024-03-11 20:51:42,194 - INFO - updated update_forecast 68
2024-03-11 20:51:42,194 - INFO -  update query  
        update confarimamodeloaplicado
        set procesado=TRUE,
        confarimamodeloaplicadoporc=7782.963
        where confarimacabezalid=68 and
        confarimamodeloaplicadoindice= 5
        and confarimamodeloaplicadoanio = 2024 and confarimamodeloaplicadomes = 7

    
2024-03-11 20:51:42,195 - INFO - updating with  
        update confarimamodeloaplicado
        set procesado=TRUE,
        confarimamodeloaplicadoporc=7782.963
        where confarimacabezalid=68 and
        confarimamodeloaplicadoindice= 5
        and confarimamodeloaplicadoanio = 2024 and confarimamodeloaplicadomes = 8

     for 68
2024-03-11 20:51:42,197 - INFO - updated update_forecast 68
2024-03-11 20:51:42,197 - INFO -  update query  
        update confarimamodeloaplicado
        set procesado=TRUE,
        confarimamodeloaplicadoporc=7782.963
        where confarimacabezalid=68 and
        confarimamodeloaplicadoindice= 5
        and confarimamodeloaplicadoanio = 2024 and confarimamodeloaplicadomes = 8

    
2024-03-11 20:51:42,197 - INFO - updating with  
        update confarimamodeloaplicado
        set procesado=TRUE,
        confarimamodeloaplicadoporc=7782.963
        where confarimacabezalid=68 and
        confarimamodeloaplicadoindice= 5
        and confarimamodeloaplicadoanio = 2024 and confarimamodeloaplicadomes = 9

     for 68
2024-03-11 20:51:42,199 - INFO - updated update_forecast 68
2024-03-11 20:51:42,199 - INFO -  update query  
        update confarimamodeloaplicado
        set procesado=TRUE,
        confarimamodeloaplicadoporc=7782.963
        where confarimacabezalid=68 and
        confarimamodeloaplicadoindice= 5
        and confarimamodeloaplicadoanio = 2024 and confarimamodeloaplicadomes = 9

    
2024-03-11 20:51:42,199 - INFO - updating with  
        update confarimamodeloaplicado
        set procesado=TRUE,
        confarimamodeloaplicadoporc=7782.963
        where confarimacabezalid=68 and
        confarimamodeloaplicadoindice= 5
        and confarimamodeloaplicadoanio = 2024 and confarimamodeloaplicadomes = 10

     for 68
2024-03-11 20:51:42,201 - INFO - updated update_forecast 68
2024-03-11 20:51:42,201 - INFO -  update query  
        update confarimamodeloaplicado
        set procesado=TRUE,
        confarimamodeloaplicadoporc=7782.963
        where confarimacabezalid=68 and
        confarimamodeloaplicadoindice= 5
        and confarimamodeloaplicadoanio = 2024 and confarimamodeloaplicadomes = 10

    
2024-03-11 20:51:42,202 - INFO - updating with  
        update confarimamodeloaplicado
        set procesado=TRUE,
        confarimamodeloaplicadoporc=7782.963
        where confarimacabezalid=68 and
        confarimamodeloaplicadoindice= 5
        and confarimamodeloaplicadoanio = 2024 and confarimamodeloaplicadomes = 11

     for 68
2024-03-11 20:51:42,203 - INFO - updated update_forecast 68
2024-03-11 20:51:42,204 - INFO -  update query  
        update confarimamodeloaplicado
        set procesado=TRUE,
        confarimamodeloaplicadoporc=7782.963
        where confarimacabezalid=68 and
        confarimamodeloaplicadoindice= 5
        and confarimamodeloaplicadoanio = 2024 and confarimamodeloaplicadomes = 11

    
2024-03-11 20:51:42,204 - INFO - updating with  
        update confarimamodeloaplicado
        set procesado=TRUE,
        confarimamodeloaplicadoporc=7782.963
        where confarimacabezalid=68 and
        confarimamodeloaplicadoindice= 5
        and confarimamodeloaplicadoanio = 2024 and confarimamodeloaplicadomes = 12

     for 68
2024-03-11 20:51:42,205 - INFO - updated update_forecast 68
2024-03-11 20:51:42,205 - INFO -  update query  
        update confarimamodeloaplicado
        set procesado=TRUE,
        confarimamodeloaplicadoporc=7782.963
        where confarimacabezalid=68 and
        confarimamodeloaplicadoindice= 5
        and confarimamodeloaplicadoanio = 2024 and confarimamodeloaplicadomes = 12

    
2024-03-11 20:51:42,206 - INFO - updating with  
        update confarimamodeloaplicado
        set procesado=TRUE,
        confarimamodeloaplicadoporc=7782.963
        where confarimacabezalid=68 and
        confarimamodeloaplicadoindice= 5
        and confarimamodeloaplicadoanio = 2024 and confarimamodeloaplicadomes = 13

     for 68
2024-03-11 20:51:42,208 - INFO - updated update_forecast 68
2024-03-11 20:51:42,208 - INFO -  update query  
        update confarimamodeloaplicado
        set procesado=TRUE,
        confarimamodeloaplicadoporc=7782.963
        where confarimacabezalid=68 and
        confarimamodeloaplicadoindice= 5
        and confarimamodeloaplicadoanio = 2024 and confarimamodeloaplicadomes = 13

    
2024-03-11 20:51:42,208 - INFO - updating with  
        update confarimamodeloaplicado
        set procesado=TRUE,
        confarimamodeloaplicadoporc=7782.963
        where confarimacabezalid=68 and
        confarimamodeloaplicadoindice= 5
        and confarimamodeloaplicadoanio = 2024 and confarimamodeloaplicadomes = 14

     for 68
2024-03-11 20:51:42,210 - INFO - updated update_forecast 68
2024-03-11 20:51:42,210 - INFO -  update query  
        update confarimamodeloaplicado
        set procesado=TRUE,
        confarimamodeloaplicadoporc=7782.963
        where confarimacabezalid=68 and
        confarimamodeloaplicadoindice= 5
        and confarimamodeloaplicadoanio = 2024 and confarimamodeloaplicadomes = 14

    
2024-03-11 20:51:42,210 - INFO - updating with  
        update confarimamodeloaplicado
        set procesado=TRUE,
        confarimamodeloaplicadoporc=7782.963
        where confarimacabezalid=68 and
        confarimamodeloaplicadoindice= 5
        and confarimamodeloaplicadoanio = 2024 and confarimamodeloaplicadomes = 15

     for 68
2024-03-11 20:51:42,212 - INFO - updated update_forecast 68
2024-03-11 20:51:42,212 - INFO -  update query  
        update confarimamodeloaplicado
        set procesado=TRUE,
        confarimamodeloaplicadoporc=7782.963
        where confarimacabezalid=68 and
        confarimamodeloaplicadoindice= 5
        and confarimamodeloaplicadoanio = 2024 and confarimamodeloaplicadomes = 15

    
2024-03-11 20:51:42,212 - INFO - updating with  
        update confarimamodeloaplicado
        set procesado=TRUE,
        confarimamodeloaplicadoporc=7782.963
        where confarimacabezalid=68 and
        confarimamodeloaplicadoindice= 5
        and confarimamodeloaplicadoanio = 2024 and confarimamodeloaplicadomes = 16

     for 68
2024-03-11 20:51:42,214 - INFO - updated update_forecast 68
2024-03-11 20:51:42,214 - INFO -  update query  
        update confarimamodeloaplicado
        set procesado=TRUE,
        confarimamodeloaplicadoporc=7782.963
        where confarimacabezalid=68 and
        confarimamodeloaplicadoindice= 5
        and confarimamodeloaplicadoanio = 2024 and confarimamodeloaplicadomes = 16

    
2024-03-11 20:51:42,214 - INFO - updating with  
        update confarimamodeloaplicado
        set procesado=TRUE,
        confarimamodeloaplicadoporc=7782.963
        where confarimacabezalid=68 and
        confarimamodeloaplicadoindice= 5
        and confarimamodeloaplicadoanio = 2024 and confarimamodeloaplicadomes = 17

     for 68
2024-03-11 20:51:42,216 - INFO - updated update_forecast 68
2024-03-11 20:51:42,216 - INFO -  update query  
        update confarimamodeloaplicado
        set procesado=TRUE,
        confarimamodeloaplicadoporc=7782.963
        where confarimacabezalid=68 and
        confarimamodeloaplicadoindice= 5
        and confarimamodeloaplicadoanio = 2024 and confarimamodeloaplicadomes = 17

    
2024-03-11 20:51:42,216 - INFO - updating with  
        update confarimamodeloaplicado
        set procesado=TRUE,
        confarimamodeloaplicadoporc=7782.963
        where confarimacabezalid=68 and
        confarimamodeloaplicadoindice= 5
        and confarimamodeloaplicadoanio = 2024 and confarimamodeloaplicadomes = 18

     for 68
2024-03-11 20:51:42,218 - INFO - updated update_forecast 68
2024-03-11 20:51:42,218 - INFO -  update query  
        update confarimamodeloaplicado
        set procesado=TRUE,
        confarimamodeloaplicadoporc=7782.963
        where confarimacabezalid=68 and
        confarimamodeloaplicadoindice= 5
        and confarimamodeloaplicadoanio = 2024 and confarimamodeloaplicadomes = 18

    
2024-03-11 20:51:42,219 - INFO - updating with  
        update confarimamodeloaplicado
        set procesado=TRUE,
        confarimamodeloaplicadoporc=7782.963
        where confarimacabezalid=68 and
        confarimamodeloaplicadoindice= 5
        and confarimamodeloaplicadoanio = 2025 and confarimamodeloaplicadomes = 1

     for 68
2024-03-11 20:51:42,220 - INFO - updated update_forecast 68
2024-03-11 20:51:42,221 - INFO -  update query  
        update confarimamodeloaplicado
        set procesado=TRUE,
        confarimamodeloaplicadoporc=7782.963
        where confarimacabezalid=68 and
        confarimamodeloaplicadoindice= 5
        and confarimamodeloaplicadoanio = 2025 and confarimamodeloaplicadomes = 1

    
2024-03-11 20:51:42,221 - INFO - updating with  
        update confarimamodeloaplicado
        set procesado=TRUE,
        confarimamodeloaplicadoporc=7782.963
        where confarimacabezalid=68 and
        confarimamodeloaplicadoindice= 5
        and confarimamodeloaplicadoanio = 2025 and confarimamodeloaplicadomes = 2

     for 68
2024-03-11 20:51:42,223 - INFO - updated update_forecast 68
2024-03-11 20:51:42,223 - INFO -  update query  
        update confarimamodeloaplicado
        set procesado=TRUE,
        confarimamodeloaplicadoporc=7782.963
        where confarimacabezalid=68 and
        confarimamodeloaplicadoindice= 5
        and confarimamodeloaplicadoanio = 2025 and confarimamodeloaplicadomes = 2

    
2024-03-11 20:51:42,223 - INFO - updating with  
        update confarimamodeloaplicado
        set procesado=TRUE,
        confarimamodeloaplicadoporc=7782.963
        where confarimacabezalid=68 and
        confarimamodeloaplicadoindice= 5
        and confarimamodeloaplicadoanio = 2025 and confarimamodeloaplicadomes = 3

     for 68
2024-03-11 20:51:42,225 - INFO - updated update_forecast 68
2024-03-11 20:51:42,225 - INFO -  update query  
        update confarimamodeloaplicado
        set procesado=TRUE,
        confarimamodeloaplicadoporc=7782.963
        where confarimacabezalid=68 and
        confarimamodeloaplicadoindice= 5
        and confarimamodeloaplicadoanio = 2025 and confarimamodeloaplicadomes = 3

    
2024-03-11 20:51:42,226 - INFO - updating with  
        update confarimamodeloaplicado
        set procesado=TRUE,
        confarimamodeloaplicadoporc=7782.963
        where confarimacabezalid=68 and
        confarimamodeloaplicadoindice= 5
        and confarimamodeloaplicadoanio = 2025 and confarimamodeloaplicadomes = 4

     for 68
2024-03-11 20:51:42,227 - INFO - updated update_forecast 68
2024-03-11 20:51:42,228 - INFO -  update query  
        update confarimamodeloaplicado
        set procesado=TRUE,
        confarimamodeloaplicadoporc=7782.963
        where confarimacabezalid=68 and
        confarimamodeloaplicadoindice= 5
        and confarimamodeloaplicadoanio = 2025 and confarimamodeloaplicadomes = 4

    
2024-03-11 20:51:42,228 - INFO - updating with  
        update confarimamodeloaplicado
        set procesado=TRUE,
        confarimamodeloaplicadoporc=7782.963
        where confarimacabezalid=68 and
        confarimamodeloaplicadoindice= 5
        and confarimamodeloaplicadoanio = 2025 and confarimamodeloaplicadomes = 5

     for 68
2024-03-11 20:51:42,230 - INFO - updated update_forecast 68
2024-03-11 20:51:42,230 - INFO -  update query  
        update confarimamodeloaplicado
        set procesado=TRUE,
        confarimamodeloaplicadoporc=7782.963
        where confarimacabezalid=68 and
        confarimamodeloaplicadoindice= 5
        and confarimamodeloaplicadoanio = 2025 and confarimamodeloaplicadomes = 5

    
2024-03-11 20:51:42,230 - INFO - updating with  
        update confarimamodeloaplicado
        set procesado=TRUE,
        confarimamodeloaplicadoporc=7782.963
        where confarimacabezalid=68 and
        confarimamodeloaplicadoindice= 5
        and confarimamodeloaplicadoanio = 2025 and confarimamodeloaplicadomes = 6

     for 68
2024-03-11 20:51:42,232 - INFO - updated update_forecast 68
2024-03-11 20:51:42,232 - INFO -  update query  
        update confarimamodeloaplicado
        set procesado=TRUE,
        confarimamodeloaplicadoporc=7782.963
        where confarimacabezalid=68 and
        confarimamodeloaplicadoindice= 5
        and confarimamodeloaplicadoanio = 2025 and confarimamodeloaplicadomes = 6

    
2024-03-11 20:51:42,232 - INFO - updating with  
        update confarimamodeloaplicado
        set procesado=TRUE,
        confarimamodeloaplicadoporc=7782.963
        where confarimacabezalid=68 and
        confarimamodeloaplicadoindice= 5
        and confarimamodeloaplicadoanio = 2025 and confarimamodeloaplicadomes = 7

     for 68
2024-03-11 20:51:42,234 - INFO - updated update_forecast 68
2024-03-11 20:51:42,234 - INFO -  update query  
        update confarimamodeloaplicado
        set procesado=TRUE,
        confarimamodeloaplicadoporc=7782.963
        where confarimacabezalid=68 and
        confarimamodeloaplicadoindice= 5
        and confarimamodeloaplicadoanio = 2025 and confarimamodeloaplicadomes = 7

    
2024-03-11 20:51:42,234 - INFO - updating with  
        update confarimamodeloaplicado
        set procesado=TRUE,
        confarimamodeloaplicadoporc=7782.963
        where confarimacabezalid=68 and
        confarimamodeloaplicadoindice= 5
        and confarimamodeloaplicadoanio = 2025 and confarimamodeloaplicadomes = 8

     for 68
2024-03-11 20:51:42,236 - INFO - updated update_forecast 68
2024-03-11 20:51:42,236 - INFO -  update query  
        update confarimamodeloaplicado
        set procesado=TRUE,
        confarimamodeloaplicadoporc=7782.963
        where confarimacabezalid=68 and
        confarimamodeloaplicadoindice= 5
        and confarimamodeloaplicadoanio = 2025 and confarimamodeloaplicadomes = 8

    
2024-03-11 20:51:42,236 - INFO - updating with  
        update confarimamodeloaplicado
        set procesado=TRUE,
        confarimamodeloaplicadoporc=7782.963
        where confarimacabezalid=68 and
        confarimamodeloaplicadoindice= 5
        and confarimamodeloaplicadoanio = 2025 and confarimamodeloaplicadomes = 9

     for 68
2024-03-11 20:51:42,238 - INFO - updated update_forecast 68
2024-03-11 20:51:42,238 - INFO -  update query  
        update confarimamodeloaplicado
        set procesado=TRUE,
        confarimamodeloaplicadoporc=7782.963
        where confarimacabezalid=68 and
        confarimamodeloaplicadoindice= 5
        and confarimamodeloaplicadoanio = 2025 and confarimamodeloaplicadomes = 9

    
2024-03-11 20:51:42,239 - INFO - updating with  
        update confarimamodeloaplicado
        set procesado=TRUE,
        confarimamodeloaplicadoporc=7782.963
        where confarimacabezalid=68 and
        confarimamodeloaplicadoindice= 5
        and confarimamodeloaplicadoanio = 2025 and confarimamodeloaplicadomes = 10

     for 68
2024-03-11 20:51:42,240 - INFO - updated update_forecast 68
2024-03-11 20:51:42,240 - INFO -  update query  
        update confarimamodeloaplicado
        set procesado=TRUE,
        confarimamodeloaplicadoporc=7782.963
        where confarimacabezalid=68 and
        confarimamodeloaplicadoindice= 5
        and confarimamodeloaplicadoanio = 2025 and confarimamodeloaplicadomes = 10

    
2024-03-11 20:51:42,241 - INFO - updating with  
        update confarimamodeloaplicado
        set procesado=TRUE,
        confarimamodeloaplicadoporc=7782.963
        where confarimacabezalid=68 and
        confarimamodeloaplicadoindice= 5
        and confarimamodeloaplicadoanio = 2025 and confarimamodeloaplicadomes = 11

     for 68
2024-03-11 20:51:42,242 - INFO - updated update_forecast 68
2024-03-11 20:51:42,243 - INFO -  update query  
        update confarimamodeloaplicado
        set procesado=TRUE,
        confarimamodeloaplicadoporc=7782.963
        where confarimacabezalid=68 and
        confarimamodeloaplicadoindice= 5
        and confarimamodeloaplicadoanio = 2025 and confarimamodeloaplicadomes = 11

    
2024-03-11 20:51:42,243 - INFO - updating with  
        update confarimamodeloaplicado
        set procesado=TRUE,
        confarimamodeloaplicadoporc=7782.963
        where confarimacabezalid=68 and
        confarimamodeloaplicadoindice= 5
        and confarimamodeloaplicadoanio = 2025 and confarimamodeloaplicadomes = 12

     for 68
2024-03-11 20:51:42,245 - INFO - updated update_forecast 68
2024-03-11 20:51:42,245 - INFO -  update query  
        update confarimamodeloaplicado
        set procesado=TRUE,
        confarimamodeloaplicadoporc=7782.963
        where confarimacabezalid=68 and
        confarimamodeloaplicadoindice= 5
        and confarimamodeloaplicadoanio = 2025 and confarimamodeloaplicadomes = 12

    
2024-03-11 20:51:42,245 - INFO - updating with  
        update confarimamodeloaplicado
        set procesado=TRUE,
        confarimamodeloaplicadoporc=7782.963
        where confarimacabezalid=68 and
        confarimamodeloaplicadoindice= 5
        and confarimamodeloaplicadoanio = 2025 and confarimamodeloaplicadomes = 13

     for 68
2024-03-11 20:51:42,246 - INFO - updated update_forecast 68
2024-03-11 20:51:42,247 - INFO -  update query  
        update confarimamodeloaplicado
        set procesado=TRUE,
        confarimamodeloaplicadoporc=7782.963
        where confarimacabezalid=68 and
        confarimamodeloaplicadoindice= 5
        and confarimamodeloaplicadoanio = 2025 and confarimamodeloaplicadomes = 13

    
2024-03-11 20:51:42,247 - INFO - updating with  
        update confarimamodeloaplicado
        set procesado=TRUE,
        confarimamodeloaplicadoporc=7782.963
        where confarimacabezalid=68 and
        confarimamodeloaplicadoindice= 5
        and confarimamodeloaplicadoanio = 2025 and confarimamodeloaplicadomes = 14

     for 68
2024-03-11 20:51:42,248 - INFO - updated update_forecast 68
2024-03-11 20:51:42,249 - INFO -  update query  
        update confarimamodeloaplicado
        set procesado=TRUE,
        confarimamodeloaplicadoporc=7782.963
        where confarimacabezalid=68 and
        confarimamodeloaplicadoindice= 5
        and confarimamodeloaplicadoanio = 2025 and confarimamodeloaplicadomes = 14

    
2024-03-11 20:51:42,249 - INFO - updating with  
        update confarimamodeloaplicado
        set procesado=TRUE,
        confarimamodeloaplicadoporc=7782.963
        where confarimacabezalid=68 and
        confarimamodeloaplicadoindice= 5
        and confarimamodeloaplicadoanio = 2025 and confarimamodeloaplicadomes = 15

     for 68
2024-03-11 20:51:42,251 - INFO - updated update_forecast 68
2024-03-11 20:51:42,251 - INFO -  update query  
        update confarimamodeloaplicado
        set procesado=TRUE,
        confarimamodeloaplicadoporc=7782.963
        where confarimacabezalid=68 and
        confarimamodeloaplicadoindice= 5
        and confarimamodeloaplicadoanio = 2025 and confarimamodeloaplicadomes = 15

    
2024-03-11 20:51:42,251 - INFO - updating with  
        update confarimamodeloaplicado
        set procesado=TRUE,
        confarimamodeloaplicadoporc=7782.963
        where confarimacabezalid=68 and
        confarimamodeloaplicadoindice= 5
        and confarimamodeloaplicadoanio = 2025 and confarimamodeloaplicadomes = 16

     for 68
2024-03-11 20:51:42,253 - INFO - updated update_forecast 68
2024-03-11 20:51:42,253 - INFO -  update query  
        update confarimamodeloaplicado
        set procesado=TRUE,
        confarimamodeloaplicadoporc=7782.963
        where confarimacabezalid=68 and
        confarimamodeloaplicadoindice= 5
        and confarimamodeloaplicadoanio = 2025 and confarimamodeloaplicadomes = 16

    
2024-03-11 20:51:42,254 - INFO - updating with  
        update confarimamodeloaplicado
        set procesado=TRUE,
        confarimamodeloaplicadoporc=7782.963
        where confarimacabezalid=68 and
        confarimamodeloaplicadoindice= 5
        and confarimamodeloaplicadoanio = 2025 and confarimamodeloaplicadomes = 17

     for 68
2024-03-11 20:51:42,255 - INFO - updated update_forecast 68
2024-03-11 20:51:42,255 - INFO -  update query  
        update confarimamodeloaplicado
        set procesado=TRUE,
        confarimamodeloaplicadoporc=7782.963
        where confarimacabezalid=68 and
        confarimamodeloaplicadoindice= 5
        and confarimamodeloaplicadoanio = 2025 and confarimamodeloaplicadomes = 17

    
2024-03-11 20:51:42,255 - INFO - updating with  
        update confarimamodeloaplicado
        set procesado=TRUE,
        confarimamodeloaplicadoporc=7782.963
        where confarimacabezalid=68 and
        confarimamodeloaplicadoindice= 5
        and confarimamodeloaplicadoanio = 2025 and confarimamodeloaplicadomes = 18

     for 68
2024-03-11 20:51:42,257 - INFO - updated update_forecast 68
2024-03-11 20:51:42,257 - INFO -  update query  
        update confarimamodeloaplicado
        set procesado=TRUE,
        confarimamodeloaplicadoporc=7782.963
        where confarimacabezalid=68 and
        confarimamodeloaplicadoindice= 5
        and confarimamodeloaplicadoanio = 2025 and confarimamodeloaplicadomes = 18

    
2024-03-11 20:51:42,257 - INFO - updating with  
        update confarimamodeloaplicado
        set procesado=TRUE,
        confarimamodeloaplicadoporc=7782.963
        where confarimacabezalid=68 and
        confarimamodeloaplicadoindice= 5
        and confarimamodeloaplicadoanio = 2026 and confarimamodeloaplicadomes = 1

     for 68
2024-03-11 20:51:42,259 - INFO - updated update_forecast 68
2024-03-11 20:51:42,260 - INFO -  update query  
        update confarimamodeloaplicado
        set procesado=TRUE,
        confarimamodeloaplicadoporc=7782.963
        where confarimacabezalid=68 and
        confarimamodeloaplicadoindice= 5
        and confarimamodeloaplicadoanio = 2026 and confarimamodeloaplicadomes = 1

    
2024-03-11 20:51:42,260 - INFO - updating with  
        update confarimamodeloaplicado
        set procesado=TRUE,
        confarimamodeloaplicadoporc=7782.963
        where confarimacabezalid=68 and
        confarimamodeloaplicadoindice= 5
        and confarimamodeloaplicadoanio = 2026 and confarimamodeloaplicadomes = 2

     for 68
2024-03-11 20:51:42,262 - INFO - updated update_forecast 68
2024-03-11 20:51:42,262 - INFO -  update query  
        update confarimamodeloaplicado
        set procesado=TRUE,
        confarimamodeloaplicadoporc=7782.963
        where confarimacabezalid=68 and
        confarimamodeloaplicadoindice= 5
        and confarimamodeloaplicadoanio = 2026 and confarimamodeloaplicadomes = 2

    
2024-03-11 20:51:42,262 - INFO - updating with  
        update confarimamodeloaplicado
        set procesado=TRUE,
        confarimamodeloaplicadoporc=7782.963
        where confarimacabezalid=68 and
        confarimamodeloaplicadoindice= 5
        and confarimamodeloaplicadoanio = 2026 and confarimamodeloaplicadomes = 3

     for 68
2024-03-11 20:51:42,264 - INFO - updated update_forecast 68
2024-03-11 20:51:42,264 - INFO -  update query  
        update confarimamodeloaplicado
        set procesado=TRUE,
        confarimamodeloaplicadoporc=7782.963
        where confarimacabezalid=68 and
        confarimamodeloaplicadoindice= 5
        and confarimamodeloaplicadoanio = 2026 and confarimamodeloaplicadomes = 3

    
2024-03-11 20:51:42,264 - INFO - updating with  
        update confarimamodeloaplicado
        set procesado=TRUE,
        confarimamodeloaplicadoporc=7782.963
        where confarimacabezalid=68 and
        confarimamodeloaplicadoindice= 5
        and confarimamodeloaplicadoanio = 2026 and confarimamodeloaplicadomes = 4

     for 68
2024-03-11 20:51:42,266 - INFO - updated update_forecast 68
2024-03-11 20:51:42,266 - INFO -  update query  
        update confarimamodeloaplicado
        set procesado=TRUE,
        confarimamodeloaplicadoporc=7782.963
        where confarimacabezalid=68 and
        confarimamodeloaplicadoindice= 5
        and confarimamodeloaplicadoanio = 2026 and confarimamodeloaplicadomes = 4

    
2024-03-11 20:51:42,266 - INFO - updating with  
        update confarimamodeloaplicado
        set procesado=TRUE,
        confarimamodeloaplicadoporc=7782.963
        where confarimacabezalid=68 and
        confarimamodeloaplicadoindice= 5
        and confarimamodeloaplicadoanio = 2026 and confarimamodeloaplicadomes = 5

     for 68
2024-03-11 20:51:42,268 - INFO - updated update_forecast 68
2024-03-11 20:51:42,268 - INFO -  update query  
        update confarimamodeloaplicado
        set procesado=TRUE,
        confarimamodeloaplicadoporc=7782.963
        where confarimacabezalid=68 and
        confarimamodeloaplicadoindice= 5
        and confarimamodeloaplicadoanio = 2026 and confarimamodeloaplicadomes = 5

    
2024-03-11 20:51:42,268 - INFO - updating with  
        update confarimamodeloaplicado
        set procesado=TRUE,
        confarimamodeloaplicadoporc=7782.963
        where confarimacabezalid=68 and
        confarimamodeloaplicadoindice= 5
        and confarimamodeloaplicadoanio = 2026 and confarimamodeloaplicadomes = 6

     for 68
2024-03-11 20:51:42,270 - INFO - updated update_forecast 68
2024-03-11 20:51:42,270 - INFO -  update query  
        update confarimamodeloaplicado
        set procesado=TRUE,
        confarimamodeloaplicadoporc=7782.963
        where confarimacabezalid=68 and
        confarimamodeloaplicadoindice= 5
        and confarimamodeloaplicadoanio = 2026 and confarimamodeloaplicadomes = 6

    
2024-03-11 20:51:42,270 - INFO - updating with  
        update confarimamodeloaplicado
        set procesado=TRUE,
        confarimamodeloaplicadoporc=7782.963
        where confarimacabezalid=68 and
        confarimamodeloaplicadoindice= 5
        and confarimamodeloaplicadoanio = 2026 and confarimamodeloaplicadomes = 7

     for 68
2024-03-11 20:51:42,272 - INFO - updated update_forecast 68
2024-03-11 20:51:42,273 - INFO -  update query  
        update confarimamodeloaplicado
        set procesado=TRUE,
        confarimamodeloaplicadoporc=7782.963
        where confarimacabezalid=68 and
        confarimamodeloaplicadoindice= 5
        and confarimamodeloaplicadoanio = 2026 and confarimamodeloaplicadomes = 7

    
2024-03-11 20:51:42,273 - INFO - updating with  
        update confarimamodeloaplicado
        set procesado=TRUE,
        confarimamodeloaplicadoporc=7782.963
        where confarimacabezalid=68 and
        confarimamodeloaplicadoindice= 5
        and confarimamodeloaplicadoanio = 2026 and confarimamodeloaplicadomes = 8

     for 68
2024-03-11 20:51:42,274 - INFO - updated update_forecast 68
2024-03-11 20:51:42,275 - INFO -  update query  
        update confarimamodeloaplicado
        set procesado=TRUE,
        confarimamodeloaplicadoporc=7782.963
        where confarimacabezalid=68 and
        confarimamodeloaplicadoindice= 5
        and confarimamodeloaplicadoanio = 2026 and confarimamodeloaplicadomes = 8

    
2024-03-11 20:51:42,275 - INFO - updating with  
        update confarimamodeloaplicado
        set procesado=TRUE,
        confarimamodeloaplicadoporc=7782.963
        where confarimacabezalid=68 and
        confarimamodeloaplicadoindice= 5
        and confarimamodeloaplicadoanio = 2026 and confarimamodeloaplicadomes = 9

     for 68
2024-03-11 20:51:42,277 - INFO - updated update_forecast 68
2024-03-11 20:51:42,277 - INFO -  update query  
        update confarimamodeloaplicado
        set procesado=TRUE,
        confarimamodeloaplicadoporc=7782.963
        where confarimacabezalid=68 and
        confarimamodeloaplicadoindice= 5
        and confarimamodeloaplicadoanio = 2026 and confarimamodeloaplicadomes = 9

    
2024-03-11 20:51:42,277 - INFO - updating with  
        update confarimamodeloaplicado
        set procesado=TRUE,
        confarimamodeloaplicadoporc=7782.963
        where confarimacabezalid=68 and
        confarimamodeloaplicadoindice= 5
        and confarimamodeloaplicadoanio = 2026 and confarimamodeloaplicadomes = 10

     for 68
2024-03-11 20:51:42,279 - INFO - updated update_forecast 68
2024-03-11 20:51:42,279 - INFO -  update query  
        update confarimamodeloaplicado
        set procesado=TRUE,
        confarimamodeloaplicadoporc=7782.963
        where confarimacabezalid=68 and
        confarimamodeloaplicadoindice= 5
        and confarimamodeloaplicadoanio = 2026 and confarimamodeloaplicadomes = 10

    
2024-03-11 20:51:42,279 - INFO - updating with  
        update confarimamodeloaplicado
        set procesado=TRUE,
        confarimamodeloaplicadoporc=7782.963
        where confarimacabezalid=68 and
        confarimamodeloaplicadoindice= 5
        and confarimamodeloaplicadoanio = 2026 and confarimamodeloaplicadomes = 11

     for 68
2024-03-11 20:51:42,281 - INFO - updated update_forecast 68
2024-03-11 20:51:42,281 - INFO -  update query  
        update confarimamodeloaplicado
        set procesado=TRUE,
        confarimamodeloaplicadoporc=7782.963
        where confarimacabezalid=68 and
        confarimamodeloaplicadoindice= 5
        and confarimamodeloaplicadoanio = 2026 and confarimamodeloaplicadomes = 11

    
2024-03-11 20:51:42,281 - INFO - updating with  
        update confarimamodeloaplicado
        set procesado=TRUE,
        confarimamodeloaplicadoporc=7782.963
        where confarimacabezalid=68 and
        confarimamodeloaplicadoindice= 5
        and confarimamodeloaplicadoanio = 2026 and confarimamodeloaplicadomes = 12

     for 68
2024-03-11 20:51:42,283 - INFO - updated update_forecast 68
2024-03-11 20:51:42,283 - INFO -  update query  
        update confarimamodeloaplicado
        set procesado=TRUE,
        confarimamodeloaplicadoporc=7782.963
        where confarimacabezalid=68 and
        confarimamodeloaplicadoindice= 5
        and confarimamodeloaplicadoanio = 2026 and confarimamodeloaplicadomes = 12

    
2024-03-11 20:51:42,283 - INFO - updating with  
        update confarimamodeloaplicado
        set procesado=TRUE,
        confarimamodeloaplicadoporc=7782.963
        where confarimacabezalid=68 and
        confarimamodeloaplicadoindice= 5
        and confarimamodeloaplicadoanio = 2026 and confarimamodeloaplicadomes = 13

     for 68
2024-03-11 20:51:42,286 - INFO - updated update_forecast 68
2024-03-11 20:51:42,286 - INFO -  update query  
        update confarimamodeloaplicado
        set procesado=TRUE,
        confarimamodeloaplicadoporc=7782.963
        where confarimacabezalid=68 and
        confarimamodeloaplicadoindice= 5
        and confarimamodeloaplicadoanio = 2026 and confarimamodeloaplicadomes = 13

    
2024-03-11 20:51:42,286 - INFO - updating with  
        update confarimamodeloaplicado
        set procesado=TRUE,
        confarimamodeloaplicadoporc=7782.963
        where confarimacabezalid=68 and
        confarimamodeloaplicadoindice= 5
        and confarimamodeloaplicadoanio = 2026 and confarimamodeloaplicadomes = 14

     for 68
2024-03-11 20:51:42,288 - INFO - updated update_forecast 68
2024-03-11 20:51:42,288 - INFO -  update query  
        update confarimamodeloaplicado
        set procesado=TRUE,
        confarimamodeloaplicadoporc=7782.963
        where confarimacabezalid=68 and
        confarimamodeloaplicadoindice= 5
        and confarimamodeloaplicadoanio = 2026 and confarimamodeloaplicadomes = 14

    
2024-03-11 20:51:42,288 - INFO - updating with  
        update confarimamodeloaplicado
        set procesado=TRUE,
        confarimamodeloaplicadoporc=7782.963
        where confarimacabezalid=68 and
        confarimamodeloaplicadoindice= 5
        and confarimamodeloaplicadoanio = 2026 and confarimamodeloaplicadomes = 15

     for 68
2024-03-11 20:51:42,289 - INFO - updated update_forecast 68
2024-03-11 20:51:42,290 - INFO -  update query  
        update confarimamodeloaplicado
        set procesado=TRUE,
        confarimamodeloaplicadoporc=7782.963
        where confarimacabezalid=68 and
        confarimamodeloaplicadoindice= 5
        and confarimamodeloaplicadoanio = 2026 and confarimamodeloaplicadomes = 15

    
2024-03-11 20:51:42,290 - INFO - updating with  
        update confarimamodeloaplicado
        set procesado=TRUE,
        confarimamodeloaplicadoporc=7782.963
        where confarimacabezalid=68 and
        confarimamodeloaplicadoindice= 5
        and confarimamodeloaplicadoanio = 2026 and confarimamodeloaplicadomes = 16

     for 68
2024-03-11 20:51:42,292 - INFO - updated update_forecast 68
2024-03-11 20:51:42,292 - INFO -  update query  
        update confarimamodeloaplicado
        set procesado=TRUE,
        confarimamodeloaplicadoporc=7782.963
        where confarimacabezalid=68 and
        confarimamodeloaplicadoindice= 5
        and confarimamodeloaplicadoanio = 2026 and confarimamodeloaplicadomes = 16

    
2024-03-11 20:51:42,292 - INFO - updating with  
        update confarimamodeloaplicado
        set procesado=TRUE,
        confarimamodeloaplicadoporc=7782.963
        where confarimacabezalid=68 and
        confarimamodeloaplicadoindice= 5
        and confarimamodeloaplicadoanio = 2026 and confarimamodeloaplicadomes = 17

     for 68
2024-03-11 20:51:42,294 - INFO - updated update_forecast 68
2024-03-11 20:51:42,294 - INFO -  update query  
        update confarimamodeloaplicado
        set procesado=TRUE,
        confarimamodeloaplicadoporc=7782.963
        where confarimacabezalid=68 and
        confarimamodeloaplicadoindice= 5
        and confarimamodeloaplicadoanio = 2026 and confarimamodeloaplicadomes = 17

    
2024-03-11 20:51:42,294 - INFO - updating with  
        update confarimamodeloaplicado
        set procesado=TRUE,
        confarimamodeloaplicadoporc=7782.963
        where confarimacabezalid=68 and
        confarimamodeloaplicadoindice= 5
        and confarimamodeloaplicadoanio = 2026 and confarimamodeloaplicadomes = 18

     for 68
2024-03-11 20:51:42,299 - INFO - updated update_forecast 68
2024-03-11 20:51:42,299 - INFO -  update query  
        update confarimamodeloaplicado
        set procesado=TRUE,
        confarimamodeloaplicadoporc=7782.963
        where confarimacabezalid=68 and
        confarimamodeloaplicadoindice= 5
        and confarimamodeloaplicadoanio = 2026 and confarimamodeloaplicadomes = 18

    
2024-03-11 20:51:42,300 - INFO - updating with  
        update confarimamodeloaplicado
        set procesado=TRUE,
        confarimamodeloaplicadoporc=7782.963
        where confarimacabezalid=68 and
        confarimamodeloaplicadoindice= 5
        and confarimamodeloaplicadoanio = 2027 and confarimamodeloaplicadomes = 1

     for 68
2024-03-11 20:51:42,302 - INFO - updated update_forecast 68
2024-03-11 20:51:42,302 - INFO -  update query  
        update confarimamodeloaplicado
        set procesado=TRUE,
        confarimamodeloaplicadoporc=7782.963
        where confarimacabezalid=68 and
        confarimamodeloaplicadoindice= 5
        and confarimamodeloaplicadoanio = 2027 and confarimamodeloaplicadomes = 1

    
2024-03-11 20:51:42,302 - INFO - updating with  
        update confarimamodeloaplicado
        set procesado=TRUE,
        confarimamodeloaplicadoporc=7782.963
        where confarimacabezalid=68 and
        confarimamodeloaplicadoindice= 5
        and confarimamodeloaplicadoanio = 2027 and confarimamodeloaplicadomes = 2

     for 68
2024-03-11 20:51:42,304 - INFO - updated update_forecast 68
2024-03-11 20:51:42,304 - INFO -  update query  
        update confarimamodeloaplicado
        set procesado=TRUE,
        confarimamodeloaplicadoporc=7782.963
        where confarimacabezalid=68 and
        confarimamodeloaplicadoindice= 5
        and confarimamodeloaplicadoanio = 2027 and confarimamodeloaplicadomes = 2

    
2024-03-11 20:51:42,304 - INFO - updating with  
        update confarimamodeloaplicado
        set procesado=TRUE,
        confarimamodeloaplicadoporc=7782.963
        where confarimacabezalid=68 and
        confarimamodeloaplicadoindice= 5
        and confarimamodeloaplicadoanio = 2027 and confarimamodeloaplicadomes = 3

     for 68
2024-03-11 20:51:42,306 - INFO - updated update_forecast 68
2024-03-11 20:51:42,306 - INFO -  update query  
        update confarimamodeloaplicado
        set procesado=TRUE,
        confarimamodeloaplicadoporc=7782.963
        where confarimacabezalid=68 and
        confarimamodeloaplicadoindice= 5
        and confarimamodeloaplicadoanio = 2027 and confarimamodeloaplicadomes = 3

    
2024-03-11 20:51:42,306 - INFO - updating with  
        update confarimamodeloaplicado
        set procesado=TRUE,
        confarimamodeloaplicadoporc=7782.963
        where confarimacabezalid=68 and
        confarimamodeloaplicadoindice= 5
        and confarimamodeloaplicadoanio = 2027 and confarimamodeloaplicadomes = 4

     for 68
2024-03-11 20:51:42,308 - INFO - updated update_forecast 68
2024-03-11 20:51:42,308 - INFO -  update query  
        update confarimamodeloaplicado
        set procesado=TRUE,
        confarimamodeloaplicadoporc=7782.963
        where confarimacabezalid=68 and
        confarimamodeloaplicadoindice= 5
        and confarimamodeloaplicadoanio = 2027 and confarimamodeloaplicadomes = 4

    
2024-03-11 20:51:42,308 - INFO - updating with  
        update confarimamodeloaplicado
        set procesado=TRUE,
        confarimamodeloaplicadoporc=7782.963
        where confarimacabezalid=68 and
        confarimamodeloaplicadoindice= 5
        and confarimamodeloaplicadoanio = 2027 and confarimamodeloaplicadomes = 5

     for 68
2024-03-11 20:51:42,310 - INFO - updated update_forecast 68
2024-03-11 20:51:42,310 - INFO -  update query  
        update confarimamodeloaplicado
        set procesado=TRUE,
        confarimamodeloaplicadoporc=7782.963
        where confarimacabezalid=68 and
        confarimamodeloaplicadoindice= 5
        and confarimamodeloaplicadoanio = 2027 and confarimamodeloaplicadomes = 5

    
2024-03-11 20:51:42,311 - INFO - updating with  
        update confarimamodeloaplicado
        set procesado=TRUE,
        confarimamodeloaplicadoporc=7782.963
        where confarimacabezalid=68 and
        confarimamodeloaplicadoindice= 5
        and confarimamodeloaplicadoanio = 2027 and confarimamodeloaplicadomes = 6

     for 68
2024-03-11 20:51:42,313 - INFO - updated update_forecast 68
2024-03-11 20:51:42,313 - INFO -  update query  
        update confarimamodeloaplicado
        set procesado=TRUE,
        confarimamodeloaplicadoporc=7782.963
        where confarimacabezalid=68 and
        confarimamodeloaplicadoindice= 5
        and confarimamodeloaplicadoanio = 2027 and confarimamodeloaplicadomes = 6

    
2024-03-11 20:51:42,313 - INFO - updating with  
        update confarimamodeloaplicado
        set procesado=TRUE,
        confarimamodeloaplicadoporc=7782.963
        where confarimacabezalid=68 and
        confarimamodeloaplicadoindice= 5
        and confarimamodeloaplicadoanio = 2027 and confarimamodeloaplicadomes = 7

     for 68
2024-03-11 20:51:42,315 - INFO - updated update_forecast 68
2024-03-11 20:51:42,315 - INFO -  update query  
        update confarimamodeloaplicado
        set procesado=TRUE,
        confarimamodeloaplicadoporc=7782.963
        where confarimacabezalid=68 and
        confarimamodeloaplicadoindice= 5
        and confarimamodeloaplicadoanio = 2027 and confarimamodeloaplicadomes = 7

    
2024-03-11 20:51:42,315 - INFO - updating with  
        update confarimamodeloaplicado
        set procesado=TRUE,
        confarimamodeloaplicadoporc=7782.963
        where confarimacabezalid=68 and
        confarimamodeloaplicadoindice= 5
        and confarimamodeloaplicadoanio = 2027 and confarimamodeloaplicadomes = 8

     for 68
2024-03-11 20:51:42,318 - INFO - updated update_forecast 68
2024-03-11 20:51:42,318 - INFO -  update query  
        update confarimamodeloaplicado
        set procesado=TRUE,
        confarimamodeloaplicadoporc=7782.963
        where confarimacabezalid=68 and
        confarimamodeloaplicadoindice= 5
        and confarimamodeloaplicadoanio = 2027 and confarimamodeloaplicadomes = 8

    
2024-03-11 20:51:42,319 - INFO - updating with  
        update confarimamodeloaplicado
        set procesado=TRUE,
        confarimamodeloaplicadoporc=7782.963
        where confarimacabezalid=68 and
        confarimamodeloaplicadoindice= 5
        and confarimamodeloaplicadoanio = 2027 and confarimamodeloaplicadomes = 9

     for 68
2024-03-11 20:51:42,321 - INFO - updated update_forecast 68
2024-03-11 20:51:42,321 - INFO -  update query  
        update confarimamodeloaplicado
        set procesado=TRUE,
        confarimamodeloaplicadoporc=7782.963
        where confarimacabezalid=68 and
        confarimamodeloaplicadoindice= 5
        and confarimamodeloaplicadoanio = 2027 and confarimamodeloaplicadomes = 9

    
2024-03-11 20:51:42,321 - INFO - updating with  
        update confarimamodeloaplicado
        set procesado=TRUE,
        confarimamodeloaplicadoporc=7782.963
        where confarimacabezalid=68 and
        confarimamodeloaplicadoindice= 5
        and confarimamodeloaplicadoanio = 2027 and confarimamodeloaplicadomes = 10

     for 68
2024-03-11 20:51:42,323 - INFO - updated update_forecast 68
2024-03-11 20:51:42,324 - INFO -  update query  
        update confarimamodeloaplicado
        set procesado=TRUE,
        confarimamodeloaplicadoporc=7782.963
        where confarimacabezalid=68 and
        confarimamodeloaplicadoindice= 5
        and confarimamodeloaplicadoanio = 2027 and confarimamodeloaplicadomes = 10

    
2024-03-11 20:51:42,324 - INFO - updating with  
        update confarimamodeloaplicado
        set procesado=TRUE,
        confarimamodeloaplicadoporc=7782.963
        where confarimacabezalid=68 and
        confarimamodeloaplicadoindice= 5
        and confarimamodeloaplicadoanio = 2027 and confarimamodeloaplicadomes = 11

     for 68
2024-03-11 20:51:42,326 - INFO - updated update_forecast 68
2024-03-11 20:51:42,326 - INFO -  update query  
        update confarimamodeloaplicado
        set procesado=TRUE,
        confarimamodeloaplicadoporc=7782.963
        where confarimacabezalid=68 and
        confarimamodeloaplicadoindice= 5
        and confarimamodeloaplicadoanio = 2027 and confarimamodeloaplicadomes = 11

    
2024-03-11 20:51:42,326 - INFO - updating with  
        update confarimamodeloaplicado
        set procesado=TRUE,
        confarimamodeloaplicadoporc=7782.963
        where confarimacabezalid=68 and
        confarimamodeloaplicadoindice= 5
        and confarimamodeloaplicadoanio = 2027 and confarimamodeloaplicadomes = 12

     for 68
2024-03-11 20:51:42,328 - INFO - updated update_forecast 68
2024-03-11 20:51:42,329 - INFO -  update query  
        update confarimamodeloaplicado
        set procesado=TRUE,
        confarimamodeloaplicadoporc=7782.963
        where confarimacabezalid=68 and
        confarimamodeloaplicadoindice= 5
        and confarimamodeloaplicadoanio = 2027 and confarimamodeloaplicadomes = 12

    
2024-03-11 20:51:42,329 - INFO - updating with  
        update confarimamodeloaplicado
        set procesado=TRUE,
        confarimamodeloaplicadoporc=7782.963
        where confarimacabezalid=68 and
        confarimamodeloaplicadoindice= 5
        and confarimamodeloaplicadoanio = 2027 and confarimamodeloaplicadomes = 13

     for 68
2024-03-11 20:51:42,331 - INFO - updated update_forecast 68
2024-03-11 20:51:42,331 - INFO -  update query  
        update confarimamodeloaplicado
        set procesado=TRUE,
        confarimamodeloaplicadoporc=7782.963
        where confarimacabezalid=68 and
        confarimamodeloaplicadoindice= 5
        and confarimamodeloaplicadoanio = 2027 and confarimamodeloaplicadomes = 13

    
2024-03-11 20:51:42,331 - INFO - updating with  
        update confarimamodeloaplicado
        set procesado=TRUE,
        confarimamodeloaplicadoporc=7782.963
        where confarimacabezalid=68 and
        confarimamodeloaplicadoindice= 5
        and confarimamodeloaplicadoanio = 2027 and confarimamodeloaplicadomes = 14

     for 68
2024-03-11 20:51:42,334 - INFO - updated update_forecast 68
2024-03-11 20:51:42,334 - INFO -  update query  
        update confarimamodeloaplicado
        set procesado=TRUE,
        confarimamodeloaplicadoporc=7782.963
        where confarimacabezalid=68 and
        confarimamodeloaplicadoindice= 5
        and confarimamodeloaplicadoanio = 2027 and confarimamodeloaplicadomes = 14

    
2024-03-11 20:51:42,335 - INFO - updating with  
        update confarimamodeloaplicado
        set procesado=TRUE,
        confarimamodeloaplicadoporc=7782.963
        where confarimacabezalid=68 and
        confarimamodeloaplicadoindice= 5
        and confarimamodeloaplicadoanio = 2027 and confarimamodeloaplicadomes = 15

     for 68
2024-03-11 20:51:42,337 - INFO - updated update_forecast 68
2024-03-11 20:51:42,337 - INFO -  update query  
        update confarimamodeloaplicado
        set procesado=TRUE,
        confarimamodeloaplicadoporc=7782.963
        where confarimacabezalid=68 and
        confarimamodeloaplicadoindice= 5
        and confarimamodeloaplicadoanio = 2027 and confarimamodeloaplicadomes = 15

    
2024-03-11 20:51:42,337 - INFO - updating with  
        update confarimamodeloaplicado
        set procesado=TRUE,
        confarimamodeloaplicadoporc=7782.963
        where confarimacabezalid=68 and
        confarimamodeloaplicadoindice= 5
        and confarimamodeloaplicadoanio = 2027 and confarimamodeloaplicadomes = 16

     for 68
2024-03-11 20:51:42,339 - INFO - updated update_forecast 68
2024-03-11 20:51:42,339 - INFO -  update query  
        update confarimamodeloaplicado
        set procesado=TRUE,
        confarimamodeloaplicadoporc=7782.963
        where confarimacabezalid=68 and
        confarimamodeloaplicadoindice= 5
        and confarimamodeloaplicadoanio = 2027 and confarimamodeloaplicadomes = 16

    
2024-03-11 20:51:42,340 - INFO - updating with  
        update confarimamodeloaplicado
        set procesado=TRUE,
        confarimamodeloaplicadoporc=7782.963
        where confarimacabezalid=68 and
        confarimamodeloaplicadoindice= 5
        and confarimamodeloaplicadoanio = 2027 and confarimamodeloaplicadomes = 17

     for 68
2024-03-11 20:51:42,341 - INFO - updated update_forecast 68
2024-03-11 20:51:42,342 - INFO -  update query  
        update confarimamodeloaplicado
        set procesado=TRUE,
        confarimamodeloaplicadoporc=7782.963
        where confarimacabezalid=68 and
        confarimamodeloaplicadoindice= 5
        and confarimamodeloaplicadoanio = 2027 and confarimamodeloaplicadomes = 17

    
2024-03-11 20:51:42,342 - INFO - updating with  
        update confarimamodeloaplicado
        set procesado=TRUE,
        confarimamodeloaplicadoporc=7782.963
        where confarimacabezalid=68 and
        confarimamodeloaplicadoindice= 5
        and confarimamodeloaplicadoanio = 2027 and confarimamodeloaplicadomes = 18

     for 68
2024-03-11 20:51:42,344 - INFO - updated update_forecast 68
2024-03-11 20:51:42,344 - INFO -  update query  
        update confarimamodeloaplicado
        set procesado=TRUE,
        confarimamodeloaplicadoporc=7782.963
        where confarimacabezalid=68 and
        confarimamodeloaplicadoindice= 5
        and confarimamodeloaplicadoanio = 2027 and confarimamodeloaplicadomes = 18

    
2024-03-11 20:51:42,344 - INFO - updating with  
        update confarimamodeloaplicado
        set procesado=TRUE,
        confarimamodeloaplicadoporc=7782.963
        where confarimacabezalid=68 and
        confarimamodeloaplicadoindice= 5
        and confarimamodeloaplicadoanio = 2028 and confarimamodeloaplicadomes = 1

     for 68
2024-03-11 20:51:42,346 - INFO - updated update_forecast 68
2024-03-11 20:51:42,346 - INFO -  update query  
        update confarimamodeloaplicado
        set procesado=TRUE,
        confarimamodeloaplicadoporc=7782.963
        where confarimacabezalid=68 and
        confarimamodeloaplicadoindice= 5
        and confarimamodeloaplicadoanio = 2028 and confarimamodeloaplicadomes = 1

    
2024-03-11 20:51:42,346 - INFO - updating with  
        update confarimamodeloaplicado
        set procesado=TRUE,
        confarimamodeloaplicadoporc=7782.963
        where confarimacabezalid=68 and
        confarimamodeloaplicadoindice= 5
        and confarimamodeloaplicadoanio = 2028 and confarimamodeloaplicadomes = 2

     for 68
2024-03-11 20:51:42,349 - INFO - updated update_forecast 68
2024-03-11 20:51:42,349 - INFO -  update query  
        update confarimamodeloaplicado
        set procesado=TRUE,
        confarimamodeloaplicadoporc=7782.963
        where confarimacabezalid=68 and
        confarimamodeloaplicadoindice= 5
        and confarimamodeloaplicadoanio = 2028 and confarimamodeloaplicadomes = 2

    
2024-03-11 20:51:42,350 - INFO - updating with  
        update confarimamodeloaplicado
        set procesado=TRUE,
        confarimamodeloaplicadoporc=7782.963
        where confarimacabezalid=68 and
        confarimamodeloaplicadoindice= 5
        and confarimamodeloaplicadoanio = 2028 and confarimamodeloaplicadomes = 3

     for 68
2024-03-11 20:51:42,352 - INFO - updated update_forecast 68
2024-03-11 20:51:42,352 - INFO -  update query  
        update confarimamodeloaplicado
        set procesado=TRUE,
        confarimamodeloaplicadoporc=7782.963
        where confarimacabezalid=68 and
        confarimamodeloaplicadoindice= 5
        and confarimamodeloaplicadoanio = 2028 and confarimamodeloaplicadomes = 3

    
2024-03-11 20:51:42,353 - INFO - updating with  
        update confarimamodeloaplicado
        set procesado=TRUE,
        confarimamodeloaplicadoporc=7782.963
        where confarimacabezalid=68 and
        confarimamodeloaplicadoindice= 5
        and confarimamodeloaplicadoanio = 2028 and confarimamodeloaplicadomes = 4

     for 68
2024-03-11 20:51:42,355 - INFO - updated update_forecast 68
2024-03-11 20:51:42,355 - INFO -  update query  
        update confarimamodeloaplicado
        set procesado=TRUE,
        confarimamodeloaplicadoporc=7782.963
        where confarimacabezalid=68 and
        confarimamodeloaplicadoindice= 5
        and confarimamodeloaplicadoanio = 2028 and confarimamodeloaplicadomes = 4

    
2024-03-11 20:51:42,355 - INFO - updating with  
        update confarimamodeloaplicado
        set procesado=TRUE,
        confarimamodeloaplicadoporc=7782.963
        where confarimacabezalid=68 and
        confarimamodeloaplicadoindice= 5
        and confarimamodeloaplicadoanio = 2028 and confarimamodeloaplicadomes = 5

     for 68
2024-03-11 20:51:42,358 - INFO - updated update_forecast 68
2024-03-11 20:51:42,358 - INFO -  update query  
        update confarimamodeloaplicado
        set procesado=TRUE,
        confarimamodeloaplicadoporc=7782.963
        where confarimacabezalid=68 and
        confarimamodeloaplicadoindice= 5
        and confarimamodeloaplicadoanio = 2028 and confarimamodeloaplicadomes = 5

    
2024-03-11 20:51:42,358 - INFO - updating with  
        update confarimamodeloaplicado
        set procesado=TRUE,
        confarimamodeloaplicadoporc=7782.963
        where confarimacabezalid=68 and
        confarimamodeloaplicadoindice= 5
        and confarimamodeloaplicadoanio = 2028 and confarimamodeloaplicadomes = 6

     for 68
2024-03-11 20:51:42,360 - INFO - updated update_forecast 68
2024-03-11 20:51:42,361 - INFO -  update query  
        update confarimamodeloaplicado
        set procesado=TRUE,
        confarimamodeloaplicadoporc=7782.963
        where confarimacabezalid=68 and
        confarimamodeloaplicadoindice= 5
        and confarimamodeloaplicadoanio = 2028 and confarimamodeloaplicadomes = 6

    
2024-03-11 20:51:42,361 - INFO - updating with  
        update confarimamodeloaplicado
        set procesado=TRUE,
        confarimamodeloaplicadoporc=7782.963
        where confarimacabezalid=68 and
        confarimamodeloaplicadoindice= 5
        and confarimamodeloaplicadoanio = 2028 and confarimamodeloaplicadomes = 7

     for 68
2024-03-11 20:51:42,363 - INFO - updated update_forecast 68
2024-03-11 20:51:42,363 - INFO -  update query  
        update confarimamodeloaplicado
        set procesado=TRUE,
        confarimamodeloaplicadoporc=7782.963
        where confarimacabezalid=68 and
        confarimamodeloaplicadoindice= 5
        and confarimamodeloaplicadoanio = 2028 and confarimamodeloaplicadomes = 7

    
2024-03-11 20:51:42,363 - INFO - updating with  
        update confarimamodeloaplicado
        set procesado=TRUE,
        confarimamodeloaplicadoporc=7782.963
        where confarimacabezalid=68 and
        confarimamodeloaplicadoindice= 5
        and confarimamodeloaplicadoanio = 2028 and confarimamodeloaplicadomes = 8

     for 68
2024-03-11 20:51:42,366 - INFO - updated update_forecast 68
2024-03-11 20:51:42,366 - INFO -  update query  
        update confarimamodeloaplicado
        set procesado=TRUE,
        confarimamodeloaplicadoporc=7782.963
        where confarimacabezalid=68 and
        confarimamodeloaplicadoindice= 5
        and confarimamodeloaplicadoanio = 2028 and confarimamodeloaplicadomes = 8

    
2024-03-11 20:51:42,366 - INFO - updating with  
        update confarimamodeloaplicado
        set procesado=TRUE,
        confarimamodeloaplicadoporc=7782.963
        where confarimacabezalid=68 and
        confarimamodeloaplicadoindice= 5
        and confarimamodeloaplicadoanio = 2028 and confarimamodeloaplicadomes = 9

     for 68
2024-03-11 20:51:42,369 - INFO - updated update_forecast 68
2024-03-11 20:51:42,369 - INFO -  update query  
        update confarimamodeloaplicado
        set procesado=TRUE,
        confarimamodeloaplicadoporc=7782.963
        where confarimacabezalid=68 and
        confarimamodeloaplicadoindice= 5
        and confarimamodeloaplicadoanio = 2028 and confarimamodeloaplicadomes = 9

    
2024-03-11 20:51:42,369 - INFO - updating with  
        update confarimamodeloaplicado
        set procesado=TRUE,
        confarimamodeloaplicadoporc=7782.963
        where confarimacabezalid=68 and
        confarimamodeloaplicadoindice= 5
        and confarimamodeloaplicadoanio = 2028 and confarimamodeloaplicadomes = 10

     for 68
2024-03-11 20:51:42,371 - INFO - updated update_forecast 68
2024-03-11 20:51:42,371 - INFO -  update query  
        update confarimamodeloaplicado
        set procesado=TRUE,
        confarimamodeloaplicadoporc=7782.963
        where confarimacabezalid=68 and
        confarimamodeloaplicadoindice= 5
        and confarimamodeloaplicadoanio = 2028 and confarimamodeloaplicadomes = 10

    
2024-03-11 20:51:42,371 - INFO - updating with  
        update confarimamodeloaplicado
        set procesado=TRUE,
        confarimamodeloaplicadoporc=7782.963
        where confarimacabezalid=68 and
        confarimamodeloaplicadoindice= 5
        and confarimamodeloaplicadoanio = 2028 and confarimamodeloaplicadomes = 11

     for 68
2024-03-11 20:51:42,373 - INFO - updated update_forecast 68
2024-03-11 20:51:42,373 - INFO -  update query  
        update confarimamodeloaplicado
        set procesado=TRUE,
        confarimamodeloaplicadoporc=7782.963
        where confarimacabezalid=68 and
        confarimamodeloaplicadoindice= 5
        and confarimamodeloaplicadoanio = 2028 and confarimamodeloaplicadomes = 11

    
2024-03-11 20:51:42,373 - INFO - updating with  
        update confarimamodeloaplicado
        set procesado=TRUE,
        confarimamodeloaplicadoporc=7782.963
        where confarimacabezalid=68 and
        confarimamodeloaplicadoindice= 5
        and confarimamodeloaplicadoanio = 2028 and confarimamodeloaplicadomes = 12

     for 68
2024-03-11 20:51:42,376 - INFO - updated update_forecast 68
2024-03-11 20:51:42,376 - INFO -  update query  
        update confarimamodeloaplicado
        set procesado=TRUE,
        confarimamodeloaplicadoporc=7782.963
        where confarimacabezalid=68 and
        confarimamodeloaplicadoindice= 5
        and confarimamodeloaplicadoanio = 2028 and confarimamodeloaplicadomes = 12

    
2024-03-11 20:51:42,376 - INFO - updating with  
        update confarimamodeloaplicado
        set procesado=TRUE,
        confarimamodeloaplicadoporc=7782.963
        where confarimacabezalid=68 and
        confarimamodeloaplicadoindice= 5
        and confarimamodeloaplicadoanio = 2028 and confarimamodeloaplicadomes = 13

     for 68
2024-03-11 20:51:42,378 - INFO - updated update_forecast 68
2024-03-11 20:51:42,378 - INFO -  update query  
        update confarimamodeloaplicado
        set procesado=TRUE,
        confarimamodeloaplicadoporc=7782.963
        where confarimacabezalid=68 and
        confarimamodeloaplicadoindice= 5
        and confarimamodeloaplicadoanio = 2028 and confarimamodeloaplicadomes = 13

    
2024-03-11 20:51:42,378 - INFO - updating with  
        update confarimamodeloaplicado
        set procesado=TRUE,
        confarimamodeloaplicadoporc=7782.963
        where confarimacabezalid=68 and
        confarimamodeloaplicadoindice= 5
        and confarimamodeloaplicadoanio = 2028 and confarimamodeloaplicadomes = 14

     for 68
2024-03-11 20:51:42,381 - INFO - updated update_forecast 68
2024-03-11 20:51:42,381 - INFO -  update query  
        update confarimamodeloaplicado
        set procesado=TRUE,
        confarimamodeloaplicadoporc=7782.963
        where confarimacabezalid=68 and
        confarimamodeloaplicadoindice= 5
        and confarimamodeloaplicadoanio = 2028 and confarimamodeloaplicadomes = 14

    
2024-03-11 20:51:42,381 - INFO - updating with  
        update confarimamodeloaplicado
        set procesado=TRUE,
        confarimamodeloaplicadoporc=7782.963
        where confarimacabezalid=68 and
        confarimamodeloaplicadoindice= 5
        and confarimamodeloaplicadoanio = 2028 and confarimamodeloaplicadomes = 15

     for 68
2024-03-11 20:51:42,384 - INFO - updated update_forecast 68
2024-03-11 20:51:42,384 - INFO -  update query  
        update confarimamodeloaplicado
        set procesado=TRUE,
        confarimamodeloaplicadoporc=7782.963
        where confarimacabezalid=68 and
        confarimamodeloaplicadoindice= 5
        and confarimamodeloaplicadoanio = 2028 and confarimamodeloaplicadomes = 15

    
2024-03-11 20:51:42,384 - INFO - updating with  
        update confarimamodeloaplicado
        set procesado=TRUE,
        confarimamodeloaplicadoporc=7782.963
        where confarimacabezalid=68 and
        confarimamodeloaplicadoindice= 5
        and confarimamodeloaplicadoanio = 2028 and confarimamodeloaplicadomes = 16

     for 68
2024-03-11 20:51:42,388 - INFO - updated update_forecast 68
2024-03-11 20:51:42,388 - INFO -  update query  
        update confarimamodeloaplicado
        set procesado=TRUE,
        confarimamodeloaplicadoporc=7782.963
        where confarimacabezalid=68 and
        confarimamodeloaplicadoindice= 5
        and confarimamodeloaplicadoanio = 2028 and confarimamodeloaplicadomes = 16

    
2024-03-11 20:51:42,389 - INFO - updating with  
        update confarimamodeloaplicado
        set procesado=TRUE,
        confarimamodeloaplicadoporc=7782.963
        where confarimacabezalid=68 and
        confarimamodeloaplicadoindice= 5
        and confarimamodeloaplicadoanio = 2028 and confarimamodeloaplicadomes = 17

     for 68
2024-03-11 20:51:42,391 - INFO - updated update_forecast 68
2024-03-11 20:51:42,391 - INFO -  update query  
        update confarimamodeloaplicado
        set procesado=TRUE,
        confarimamodeloaplicadoporc=7782.963
        where confarimacabezalid=68 and
        confarimamodeloaplicadoindice= 5
        and confarimamodeloaplicadoanio = 2028 and confarimamodeloaplicadomes = 17

    
2024-03-11 20:51:42,391 - INFO - updating with  
        update confarimamodeloaplicado
        set procesado=TRUE,
        confarimamodeloaplicadoporc=7782.963
        where confarimacabezalid=68 and
        confarimamodeloaplicadoindice= 5
        and confarimamodeloaplicadoanio = 2028 and confarimamodeloaplicadomes = 18

     for 68
2024-03-11 20:51:42,393 - INFO - updated update_forecast 68
2024-03-11 20:51:42,394 - INFO -  update query  
        update confarimamodeloaplicado
        set procesado=TRUE,
        confarimamodeloaplicadoporc=7782.963
        where confarimacabezalid=68 and
        confarimamodeloaplicadoindice= 5
        and confarimamodeloaplicadoanio = 2028 and confarimamodeloaplicadomes = 18

    
2024-03-11 21:16:34,868 - INFO - getting data for 68
2024-03-11 21:16:34,903 - INFO - anio_desde historico = 2022
2024-03-11 21:16:34,903 - INFO - anio_hasta historico = 2023
2024-03-11 21:16:34,912 - INFO - finishing geting data 2022 2023 and indice 5
2024-03-11 21:16:34,921 - INFO -  years for fore cast    aniodesde  aniohasta
0       2024       2028
2024-03-11 21:16:34,935 - INFO - geting total obs
2024-03-11 21:16:34,935 - INFO - estimating seasonal order using cannova-hansen test
2024-03-11 21:16:34,935 - INFO - estimating arima no season 
2024-03-11 21:16:37,173 - INFO - seasonal model was selected with aic846.9485072604386
2024-03-11 21:16:37,182 - INFO - updating with 
    update confarimaresultado set confarimaar=0,
    confarimai= 0, confarimama= 1
    where  confarimacabezalid= 68 and
    confarimaindice= 5
     for 68
2024-03-11 21:16:37,197 - INFO - updated specs 68
2024-03-11 21:16:37,198 - INFO -  update query 
    update confarimaresultado set confarimaar=0,
    confarimai= 0, confarimama= 1
    where  confarimacabezalid= 68 and
    confarimaindice= 5
    
2024-03-11 21:16:37,198 - INFO - finish load model info for 68
2024-03-11 21:17:15,877 - INFO - getting data for 68
2024-03-11 21:17:15,904 - INFO - anio_desde historico = 2022
2024-03-11 21:17:15,905 - INFO - anio_hasta historico = 2023
2024-03-11 21:17:15,917 - INFO - finishing geting data 2022 2023 and indice 5
2024-03-11 21:17:15,938 - INFO -  years for fore cast    aniodesde  aniohasta
0       2024       2028
2024-03-11 21:17:15,991 - INFO - geting total obs
2024-03-11 21:17:15,991 - INFO - estimating seasonal order using cannova-hansen test
2024-03-11 21:17:15,991 - INFO - estimating arima no season 
2024-03-11 21:17:19,621 - INFO - seasonal model was selected with aic846.9485072604386
2024-03-11 21:18:32,325 - INFO - getting data for 68
2024-03-11 21:18:32,354 - INFO - anio_desde historico = 2022
2024-03-11 21:18:32,355 - INFO - anio_hasta historico = 2023
2024-03-11 21:18:32,364 - INFO - finishing geting data 2022 2023 and indice 5
2024-03-11 21:18:32,384 - INFO -  years for fore cast    aniodesde  aniohasta
0       2024       2028
2024-03-11 21:18:32,432 - INFO - geting total obs
2024-03-11 21:18:32,432 - INFO - estimating seasonal order using cannova-hansen test
2024-03-11 21:18:32,433 - INFO - estimating arima no season 
2024-03-11 21:18:35,999 - INFO - seasonal model was selected with aic846.9485072604386
2024-03-11 21:19:10,548 - INFO - getting data for 68
2024-03-11 21:19:10,575 - INFO - anio_desde historico = 2022
2024-03-11 21:19:10,576 - INFO - anio_hasta historico = 2023
2024-03-11 21:19:10,585 - INFO - finishing geting data 2022 2023 and indice 5
2024-03-11 21:19:10,603 - INFO -  years for fore cast    aniodesde  aniohasta
0       2024       2028
2024-03-11 21:19:10,659 - INFO - geting total obs
2024-03-11 21:19:10,660 - INFO - estimating seasonal order using cannova-hansen test
2024-03-11 21:19:10,660 - INFO - estimating arima no season 
2024-03-11 21:19:14,260 - INFO - seasonal model was selected with aic846.9485072604386
2024-03-11 21:19:37,921 - INFO - updating with 
    update confarimaresultado set confarimaar=0,
    confarimai= 0, confarimama= 1
    where  confarimacabezalid= 68 and
    confarimaindice= 5
     for 68
2024-03-11 21:19:37,930 - INFO - updated specs 68
2024-03-11 21:19:37,930 - INFO -  update query 
    update confarimaresultado set confarimaar=0,
    confarimai= 0, confarimama= 1
    where  confarimacabezalid= 68 and
    confarimaindice= 5
    
2024-03-11 21:19:37,930 - INFO - finish load model info for 68
2024-03-11 21:20:06,264 - INFO - getting data for 68
2024-03-11 21:20:06,291 - INFO - anio_desde historico = 2022
2024-03-11 21:20:06,291 - INFO - anio_hasta historico = 2023
2024-03-11 21:20:06,300 - INFO - finishing geting data 2022 2023 and indice 5
2024-03-11 21:20:06,309 - INFO -  years for fore cast    aniodesde  aniohasta
0       2024       2028
2024-03-11 21:20:06,322 - INFO - geting total obs
2024-03-11 21:20:06,322 - INFO - estimating seasonal order using cannova-hansen test
2024-03-11 21:20:06,322 - INFO - estimating arima no season 
2024-03-11 21:20:08,447 - INFO - seasonal model was selected with aic846.9485072604386
2024-03-11 21:20:08,458 - INFO - updating with 
    update confarimaresultado set confarimaar=0,
    confarimai= 0, confarimama= 1
    where  confarimacabezalid= 68 and
    confarimaindice= 5
     for 68
2024-03-11 21:20:08,478 - INFO - updated specs 68
2024-03-11 21:20:08,478 - INFO -  update query 
    update confarimaresultado set confarimaar=0,
    confarimai= 0, confarimama= 1
    where  confarimacabezalid= 68 and
    confarimaindice= 5
    
2024-03-11 21:20:08,478 - INFO - finish load model info for 68
2024-03-11 21:20:08,480 - INFO - updating with  
        update confarimamodeloaplicado
        set procesado=TRUE,
        confarimamodeloaplicadoporc=-742.368
        where confarimacabezalid=68 and
        confarimamodeloaplicadoindice= 5
        and confarimamodeloaplicadoanio = 2024 and confarimamodeloaplicadomes = 1

     for 68
2024-03-11 21:20:08,487 - INFO - updated update_forecast 68
2024-03-11 21:20:08,487 - INFO -  update query  
        update confarimamodeloaplicado
        set procesado=TRUE,
        confarimamodeloaplicadoporc=-742.368
        where confarimacabezalid=68 and
        confarimamodeloaplicadoindice= 5
        and confarimamodeloaplicadoanio = 2024 and confarimamodeloaplicadomes = 1

    
2024-03-11 21:20:08,487 - INFO - updating with  
        update confarimamodeloaplicado
        set procesado=TRUE,
        confarimamodeloaplicadoporc=7782.963
        where confarimacabezalid=68 and
        confarimamodeloaplicadoindice= 5
        and confarimamodeloaplicadoanio = 2024 and confarimamodeloaplicadomes = 2

     for 68
2024-03-11 21:20:08,489 - INFO - updated update_forecast 68
2024-03-11 21:20:08,489 - INFO -  update query  
        update confarimamodeloaplicado
        set procesado=TRUE,
        confarimamodeloaplicadoporc=7782.963
        where confarimacabezalid=68 and
        confarimamodeloaplicadoindice= 5
        and confarimamodeloaplicadoanio = 2024 and confarimamodeloaplicadomes = 2

    
2024-03-11 21:20:08,490 - INFO - updating with  
        update confarimamodeloaplicado
        set procesado=TRUE,
        confarimamodeloaplicadoporc=7782.963
        where confarimacabezalid=68 and
        confarimamodeloaplicadoindice= 5
        and confarimamodeloaplicadoanio = 2024 and confarimamodeloaplicadomes = 3

     for 68
2024-03-11 21:20:08,491 - INFO - updated update_forecast 68
2024-03-11 21:20:08,491 - INFO -  update query  
        update confarimamodeloaplicado
        set procesado=TRUE,
        confarimamodeloaplicadoporc=7782.963
        where confarimacabezalid=68 and
        confarimamodeloaplicadoindice= 5
        and confarimamodeloaplicadoanio = 2024 and confarimamodeloaplicadomes = 3

    
2024-03-11 21:20:08,492 - INFO - updating with  
        update confarimamodeloaplicado
        set procesado=TRUE,
        confarimamodeloaplicadoporc=7782.963
        where confarimacabezalid=68 and
        confarimamodeloaplicadoindice= 5
        and confarimamodeloaplicadoanio = 2024 and confarimamodeloaplicadomes = 4

     for 68
2024-03-11 21:20:08,493 - INFO - updated update_forecast 68
2024-03-11 21:20:08,493 - INFO -  update query  
        update confarimamodeloaplicado
        set procesado=TRUE,
        confarimamodeloaplicadoporc=7782.963
        where confarimacabezalid=68 and
        confarimamodeloaplicadoindice= 5
        and confarimamodeloaplicadoanio = 2024 and confarimamodeloaplicadomes = 4

    
2024-03-11 21:20:08,494 - INFO - updating with  
        update confarimamodeloaplicado
        set procesado=TRUE,
        confarimamodeloaplicadoporc=7782.963
        where confarimacabezalid=68 and
        confarimamodeloaplicadoindice= 5
        and confarimamodeloaplicadoanio = 2024 and confarimamodeloaplicadomes = 5

     for 68
2024-03-11 21:20:08,496 - INFO - updated update_forecast 68
2024-03-11 21:20:08,496 - INFO -  update query  
        update confarimamodeloaplicado
        set procesado=TRUE,
        confarimamodeloaplicadoporc=7782.963
        where confarimacabezalid=68 and
        confarimamodeloaplicadoindice= 5
        and confarimamodeloaplicadoanio = 2024 and confarimamodeloaplicadomes = 5

    
2024-03-11 21:20:08,496 - INFO - updating with  
        update confarimamodeloaplicado
        set procesado=TRUE,
        confarimamodeloaplicadoporc=7782.963
        where confarimacabezalid=68 and
        confarimamodeloaplicadoindice= 5
        and confarimamodeloaplicadoanio = 2024 and confarimamodeloaplicadomes = 6

     for 68
2024-03-11 21:20:08,498 - INFO - updated update_forecast 68
2024-03-11 21:20:08,498 - INFO -  update query  
        update confarimamodeloaplicado
        set procesado=TRUE,
        confarimamodeloaplicadoporc=7782.963
        where confarimacabezalid=68 and
        confarimamodeloaplicadoindice= 5
        and confarimamodeloaplicadoanio = 2024 and confarimamodeloaplicadomes = 6

    
2024-03-11 21:20:08,498 - INFO - updating with  
        update confarimamodeloaplicado
        set procesado=TRUE,
        confarimamodeloaplicadoporc=7782.963
        where confarimacabezalid=68 and
        confarimamodeloaplicadoindice= 5
        and confarimamodeloaplicadoanio = 2024 and confarimamodeloaplicadomes = 7

     for 68
2024-03-11 21:20:08,500 - INFO - updated update_forecast 68
2024-03-11 21:20:08,500 - INFO -  update query  
        update confarimamodeloaplicado
        set procesado=TRUE,
        confarimamodeloaplicadoporc=7782.963
        where confarimacabezalid=68 and
        confarimamodeloaplicadoindice= 5
        and confarimamodeloaplicadoanio = 2024 and confarimamodeloaplicadomes = 7

    
2024-03-11 21:20:08,500 - INFO - updating with  
        update confarimamodeloaplicado
        set procesado=TRUE,
        confarimamodeloaplicadoporc=7782.963
        where confarimacabezalid=68 and
        confarimamodeloaplicadoindice= 5
        and confarimamodeloaplicadoanio = 2024 and confarimamodeloaplicadomes = 8

     for 68
2024-03-11 21:20:08,502 - INFO - updated update_forecast 68
2024-03-11 21:20:08,502 - INFO -  update query  
        update confarimamodeloaplicado
        set procesado=TRUE,
        confarimamodeloaplicadoporc=7782.963
        where confarimacabezalid=68 and
        confarimamodeloaplicadoindice= 5
        and confarimamodeloaplicadoanio = 2024 and confarimamodeloaplicadomes = 8

    
2024-03-11 21:20:08,502 - INFO - updating with  
        update confarimamodeloaplicado
        set procesado=TRUE,
        confarimamodeloaplicadoporc=7782.963
        where confarimacabezalid=68 and
        confarimamodeloaplicadoindice= 5
        and confarimamodeloaplicadoanio = 2024 and confarimamodeloaplicadomes = 9

     for 68
2024-03-11 21:20:08,504 - INFO - updated update_forecast 68
2024-03-11 21:20:08,504 - INFO -  update query  
        update confarimamodeloaplicado
        set procesado=TRUE,
        confarimamodeloaplicadoporc=7782.963
        where confarimacabezalid=68 and
        confarimamodeloaplicadoindice= 5
        and confarimamodeloaplicadoanio = 2024 and confarimamodeloaplicadomes = 9

    
2024-03-11 21:20:08,504 - INFO - updating with  
        update confarimamodeloaplicado
        set procesado=TRUE,
        confarimamodeloaplicadoporc=7782.963
        where confarimacabezalid=68 and
        confarimamodeloaplicadoindice= 5
        and confarimamodeloaplicadoanio = 2024 and confarimamodeloaplicadomes = 10

     for 68
2024-03-11 21:20:08,507 - INFO - updated update_forecast 68
2024-03-11 21:20:08,507 - INFO -  update query  
        update confarimamodeloaplicado
        set procesado=TRUE,
        confarimamodeloaplicadoporc=7782.963
        where confarimacabezalid=68 and
        confarimamodeloaplicadoindice= 5
        and confarimamodeloaplicadoanio = 2024 and confarimamodeloaplicadomes = 10

    
2024-03-11 21:20:08,507 - INFO - updating with  
        update confarimamodeloaplicado
        set procesado=TRUE,
        confarimamodeloaplicadoporc=7782.963
        where confarimacabezalid=68 and
        confarimamodeloaplicadoindice= 5
        and confarimamodeloaplicadoanio = 2024 and confarimamodeloaplicadomes = 11

     for 68
2024-03-11 21:20:08,509 - INFO - updated update_forecast 68
2024-03-11 21:20:08,509 - INFO -  update query  
        update confarimamodeloaplicado
        set procesado=TRUE,
        confarimamodeloaplicadoporc=7782.963
        where confarimacabezalid=68 and
        confarimamodeloaplicadoindice= 5
        and confarimamodeloaplicadoanio = 2024 and confarimamodeloaplicadomes = 11

    
2024-03-11 21:20:08,510 - INFO - updating with  
        update confarimamodeloaplicado
        set procesado=TRUE,
        confarimamodeloaplicadoporc=7782.963
        where confarimacabezalid=68 and
        confarimamodeloaplicadoindice= 5
        and confarimamodeloaplicadoanio = 2024 and confarimamodeloaplicadomes = 12

     for 68
2024-03-11 21:20:08,511 - INFO - updated update_forecast 68
2024-03-11 21:20:08,512 - INFO -  update query  
        update confarimamodeloaplicado
        set procesado=TRUE,
        confarimamodeloaplicadoporc=7782.963
        where confarimacabezalid=68 and
        confarimamodeloaplicadoindice= 5
        and confarimamodeloaplicadoanio = 2024 and confarimamodeloaplicadomes = 12

    
2024-03-11 21:20:08,512 - INFO - updating with  
        update confarimamodeloaplicado
        set procesado=TRUE,
        confarimamodeloaplicadoporc=7782.963
        where confarimacabezalid=68 and
        confarimamodeloaplicadoindice= 5
        and confarimamodeloaplicadoanio = 2024 and confarimamodeloaplicadomes = 13

     for 68
2024-03-11 21:20:08,514 - INFO - updated update_forecast 68
2024-03-11 21:20:08,514 - INFO -  update query  
        update confarimamodeloaplicado
        set procesado=TRUE,
        confarimamodeloaplicadoporc=7782.963
        where confarimacabezalid=68 and
        confarimamodeloaplicadoindice= 5
        and confarimamodeloaplicadoanio = 2024 and confarimamodeloaplicadomes = 13

    
2024-03-11 21:20:08,514 - INFO - updating with  
        update confarimamodeloaplicado
        set procesado=TRUE,
        confarimamodeloaplicadoporc=7782.963
        where confarimacabezalid=68 and
        confarimamodeloaplicadoindice= 5
        and confarimamodeloaplicadoanio = 2024 and confarimamodeloaplicadomes = 14

     for 68
2024-03-11 21:20:08,516 - INFO - updated update_forecast 68
2024-03-11 21:20:08,516 - INFO -  update query  
        update confarimamodeloaplicado
        set procesado=TRUE,
        confarimamodeloaplicadoporc=7782.963
        where confarimacabezalid=68 and
        confarimamodeloaplicadoindice= 5
        and confarimamodeloaplicadoanio = 2024 and confarimamodeloaplicadomes = 14

    
2024-03-11 21:20:08,516 - INFO - updating with  
        update confarimamodeloaplicado
        set procesado=TRUE,
        confarimamodeloaplicadoporc=7782.963
        where confarimacabezalid=68 and
        confarimamodeloaplicadoindice= 5
        and confarimamodeloaplicadoanio = 2024 and confarimamodeloaplicadomes = 15

     for 68
2024-03-11 21:20:08,518 - INFO - updated update_forecast 68
2024-03-11 21:20:08,518 - INFO -  update query  
        update confarimamodeloaplicado
        set procesado=TRUE,
        confarimamodeloaplicadoporc=7782.963
        where confarimacabezalid=68 and
        confarimamodeloaplicadoindice= 5
        and confarimamodeloaplicadoanio = 2024 and confarimamodeloaplicadomes = 15

    
2024-03-11 21:20:08,518 - INFO - updating with  
        update confarimamodeloaplicado
        set procesado=TRUE,
        confarimamodeloaplicadoporc=7782.963
        where confarimacabezalid=68 and
        confarimamodeloaplicadoindice= 5
        and confarimamodeloaplicadoanio = 2024 and confarimamodeloaplicadomes = 16

     for 68
2024-03-11 21:20:08,520 - INFO - updated update_forecast 68
2024-03-11 21:20:08,520 - INFO -  update query  
        update confarimamodeloaplicado
        set procesado=TRUE,
        confarimamodeloaplicadoporc=7782.963
        where confarimacabezalid=68 and
        confarimamodeloaplicadoindice= 5
        and confarimamodeloaplicadoanio = 2024 and confarimamodeloaplicadomes = 16

    
2024-03-11 21:20:08,520 - INFO - updating with  
        update confarimamodeloaplicado
        set procesado=TRUE,
        confarimamodeloaplicadoporc=7782.963
        where confarimacabezalid=68 and
        confarimamodeloaplicadoindice= 5
        and confarimamodeloaplicadoanio = 2024 and confarimamodeloaplicadomes = 17

     for 68
2024-03-11 21:20:08,522 - INFO - updated update_forecast 68
2024-03-11 21:20:08,522 - INFO -  update query  
        update confarimamodeloaplicado
        set procesado=TRUE,
        confarimamodeloaplicadoporc=7782.963
        where confarimacabezalid=68 and
        confarimamodeloaplicadoindice= 5
        and confarimamodeloaplicadoanio = 2024 and confarimamodeloaplicadomes = 17

    
2024-03-11 21:20:08,522 - INFO - updating with  
        update confarimamodeloaplicado
        set procesado=TRUE,
        confarimamodeloaplicadoporc=7782.963
        where confarimacabezalid=68 and
        confarimamodeloaplicadoindice= 5
        and confarimamodeloaplicadoanio = 2024 and confarimamodeloaplicadomes = 18

     for 68
2024-03-11 21:20:08,524 - INFO - updated update_forecast 68
2024-03-11 21:20:08,524 - INFO -  update query  
        update confarimamodeloaplicado
        set procesado=TRUE,
        confarimamodeloaplicadoporc=7782.963
        where confarimacabezalid=68 and
        confarimamodeloaplicadoindice= 5
        and confarimamodeloaplicadoanio = 2024 and confarimamodeloaplicadomes = 18

    
2024-03-11 21:20:08,524 - INFO - updating with  
        update confarimamodeloaplicado
        set procesado=TRUE,
        confarimamodeloaplicadoporc=7782.963
        where confarimacabezalid=68 and
        confarimamodeloaplicadoindice= 5
        and confarimamodeloaplicadoanio = 2025 and confarimamodeloaplicadomes = 1

     for 68
2024-03-11 21:20:08,526 - INFO - updated update_forecast 68
2024-03-11 21:20:08,526 - INFO -  update query  
        update confarimamodeloaplicado
        set procesado=TRUE,
        confarimamodeloaplicadoporc=7782.963
        where confarimacabezalid=68 and
        confarimamodeloaplicadoindice= 5
        and confarimamodeloaplicadoanio = 2025 and confarimamodeloaplicadomes = 1

    
2024-03-11 21:20:08,526 - INFO - updating with  
        update confarimamodeloaplicado
        set procesado=TRUE,
        confarimamodeloaplicadoporc=7782.963
        where confarimacabezalid=68 and
        confarimamodeloaplicadoindice= 5
        and confarimamodeloaplicadoanio = 2025 and confarimamodeloaplicadomes = 2

     for 68
2024-03-11 21:20:08,528 - INFO - updated update_forecast 68
2024-03-11 21:20:08,528 - INFO -  update query  
        update confarimamodeloaplicado
        set procesado=TRUE,
        confarimamodeloaplicadoporc=7782.963
        where confarimacabezalid=68 and
        confarimamodeloaplicadoindice= 5
        and confarimamodeloaplicadoanio = 2025 and confarimamodeloaplicadomes = 2

    
2024-03-11 21:20:08,529 - INFO - updating with  
        update confarimamodeloaplicado
        set procesado=TRUE,
        confarimamodeloaplicadoporc=7782.963
        where confarimacabezalid=68 and
        confarimamodeloaplicadoindice= 5
        and confarimamodeloaplicadoanio = 2025 and confarimamodeloaplicadomes = 3

     for 68
2024-03-11 21:20:08,531 - INFO - updated update_forecast 68
2024-03-11 21:20:08,531 - INFO -  update query  
        update confarimamodeloaplicado
        set procesado=TRUE,
        confarimamodeloaplicadoporc=7782.963
        where confarimacabezalid=68 and
        confarimamodeloaplicadoindice= 5
        and confarimamodeloaplicadoanio = 2025 and confarimamodeloaplicadomes = 3

    
2024-03-11 21:20:08,531 - INFO - updating with  
        update confarimamodeloaplicado
        set procesado=TRUE,
        confarimamodeloaplicadoporc=7782.963
        where confarimacabezalid=68 and
        confarimamodeloaplicadoindice= 5
        and confarimamodeloaplicadoanio = 2025 and confarimamodeloaplicadomes = 4

     for 68
2024-03-11 21:20:08,532 - INFO - updated update_forecast 68
2024-03-11 21:20:08,533 - INFO -  update query  
        update confarimamodeloaplicado
        set procesado=TRUE,
        confarimamodeloaplicadoporc=7782.963
        where confarimacabezalid=68 and
        confarimamodeloaplicadoindice= 5
        and confarimamodeloaplicadoanio = 2025 and confarimamodeloaplicadomes = 4

    
2024-03-11 21:20:08,533 - INFO - updating with  
        update confarimamodeloaplicado
        set procesado=TRUE,
        confarimamodeloaplicadoporc=7782.963
        where confarimacabezalid=68 and
        confarimamodeloaplicadoindice= 5
        and confarimamodeloaplicadoanio = 2025 and confarimamodeloaplicadomes = 5

     for 68
2024-03-11 21:20:08,535 - INFO - updated update_forecast 68
2024-03-11 21:20:08,535 - INFO -  update query  
        update confarimamodeloaplicado
        set procesado=TRUE,
        confarimamodeloaplicadoporc=7782.963
        where confarimacabezalid=68 and
        confarimamodeloaplicadoindice= 5
        and confarimamodeloaplicadoanio = 2025 and confarimamodeloaplicadomes = 5

    
2024-03-11 21:20:08,535 - INFO - updating with  
        update confarimamodeloaplicado
        set procesado=TRUE,
        confarimamodeloaplicadoporc=7782.963
        where confarimacabezalid=68 and
        confarimamodeloaplicadoindice= 5
        and confarimamodeloaplicadoanio = 2025 and confarimamodeloaplicadomes = 6

     for 68
2024-03-11 21:20:08,537 - INFO - updated update_forecast 68
2024-03-11 21:20:08,537 - INFO -  update query  
        update confarimamodeloaplicado
        set procesado=TRUE,
        confarimamodeloaplicadoporc=7782.963
        where confarimacabezalid=68 and
        confarimamodeloaplicadoindice= 5
        and confarimamodeloaplicadoanio = 2025 and confarimamodeloaplicadomes = 6

    
2024-03-11 21:20:08,538 - INFO - updating with  
        update confarimamodeloaplicado
        set procesado=TRUE,
        confarimamodeloaplicadoporc=7782.963
        where confarimacabezalid=68 and
        confarimamodeloaplicadoindice= 5
        and confarimamodeloaplicadoanio = 2025 and confarimamodeloaplicadomes = 7

     for 68
2024-03-11 21:20:08,539 - INFO - updated update_forecast 68
2024-03-11 21:20:08,539 - INFO -  update query  
        update confarimamodeloaplicado
        set procesado=TRUE,
        confarimamodeloaplicadoporc=7782.963
        where confarimacabezalid=68 and
        confarimamodeloaplicadoindice= 5
        and confarimamodeloaplicadoanio = 2025 and confarimamodeloaplicadomes = 7

    
2024-03-11 21:20:08,540 - INFO - updating with  
        update confarimamodeloaplicado
        set procesado=TRUE,
        confarimamodeloaplicadoporc=7782.963
        where confarimacabezalid=68 and
        confarimamodeloaplicadoindice= 5
        and confarimamodeloaplicadoanio = 2025 and confarimamodeloaplicadomes = 8

     for 68
2024-03-11 21:20:08,541 - INFO - updated update_forecast 68
2024-03-11 21:20:08,541 - INFO -  update query  
        update confarimamodeloaplicado
        set procesado=TRUE,
        confarimamodeloaplicadoporc=7782.963
        where confarimacabezalid=68 and
        confarimamodeloaplicadoindice= 5
        and confarimamodeloaplicadoanio = 2025 and confarimamodeloaplicadomes = 8

    
2024-03-11 21:20:08,542 - INFO - updating with  
        update confarimamodeloaplicado
        set procesado=TRUE,
        confarimamodeloaplicadoporc=7782.963
        where confarimacabezalid=68 and
        confarimamodeloaplicadoindice= 5
        and confarimamodeloaplicadoanio = 2025 and confarimamodeloaplicadomes = 9

     for 68
2024-03-11 21:20:08,543 - INFO - updated update_forecast 68
2024-03-11 21:20:08,543 - INFO -  update query  
        update confarimamodeloaplicado
        set procesado=TRUE,
        confarimamodeloaplicadoporc=7782.963
        where confarimacabezalid=68 and
        confarimamodeloaplicadoindice= 5
        and confarimamodeloaplicadoanio = 2025 and confarimamodeloaplicadomes = 9

    
2024-03-11 21:20:08,544 - INFO - updating with  
        update confarimamodeloaplicado
        set procesado=TRUE,
        confarimamodeloaplicadoporc=7782.963
        where confarimacabezalid=68 and
        confarimamodeloaplicadoindice= 5
        and confarimamodeloaplicadoanio = 2025 and confarimamodeloaplicadomes = 10

     for 68
2024-03-11 21:20:08,546 - INFO - updated update_forecast 68
2024-03-11 21:20:08,546 - INFO -  update query  
        update confarimamodeloaplicado
        set procesado=TRUE,
        confarimamodeloaplicadoporc=7782.963
        where confarimacabezalid=68 and
        confarimamodeloaplicadoindice= 5
        and confarimamodeloaplicadoanio = 2025 and confarimamodeloaplicadomes = 10

    
2024-03-11 21:20:08,546 - INFO - updating with  
        update confarimamodeloaplicado
        set procesado=TRUE,
        confarimamodeloaplicadoporc=7782.963
        where confarimacabezalid=68 and
        confarimamodeloaplicadoindice= 5
        and confarimamodeloaplicadoanio = 2025 and confarimamodeloaplicadomes = 11

     for 68
2024-03-11 21:20:08,548 - INFO - updated update_forecast 68
2024-03-11 21:20:08,548 - INFO -  update query  
        update confarimamodeloaplicado
        set procesado=TRUE,
        confarimamodeloaplicadoporc=7782.963
        where confarimacabezalid=68 and
        confarimamodeloaplicadoindice= 5
        and confarimamodeloaplicadoanio = 2025 and confarimamodeloaplicadomes = 11

    
2024-03-11 21:20:08,548 - INFO - updating with  
        update confarimamodeloaplicado
        set procesado=TRUE,
        confarimamodeloaplicadoporc=7782.963
        where confarimacabezalid=68 and
        confarimamodeloaplicadoindice= 5
        and confarimamodeloaplicadoanio = 2025 and confarimamodeloaplicadomes = 12

     for 68
2024-03-11 21:20:08,550 - INFO - updated update_forecast 68
2024-03-11 21:20:08,550 - INFO -  update query  
        update confarimamodeloaplicado
        set procesado=TRUE,
        confarimamodeloaplicadoporc=7782.963
        where confarimacabezalid=68 and
        confarimamodeloaplicadoindice= 5
        and confarimamodeloaplicadoanio = 2025 and confarimamodeloaplicadomes = 12

    
2024-03-11 21:20:08,550 - INFO - updating with  
        update confarimamodeloaplicado
        set procesado=TRUE,
        confarimamodeloaplicadoporc=7782.963
        where confarimacabezalid=68 and
        confarimamodeloaplicadoindice= 5
        and confarimamodeloaplicadoanio = 2025 and confarimamodeloaplicadomes = 13

     for 68
2024-03-11 21:20:08,552 - INFO - updated update_forecast 68
2024-03-11 21:20:08,552 - INFO -  update query  
        update confarimamodeloaplicado
        set procesado=TRUE,
        confarimamodeloaplicadoporc=7782.963
        where confarimacabezalid=68 and
        confarimamodeloaplicadoindice= 5
        and confarimamodeloaplicadoanio = 2025 and confarimamodeloaplicadomes = 13

    
2024-03-11 21:20:08,552 - INFO - updating with  
        update confarimamodeloaplicado
        set procesado=TRUE,
        confarimamodeloaplicadoporc=7782.963
        where confarimacabezalid=68 and
        confarimamodeloaplicadoindice= 5
        and confarimamodeloaplicadoanio = 2025 and confarimamodeloaplicadomes = 14

     for 68
2024-03-11 21:20:08,554 - INFO - updated update_forecast 68
2024-03-11 21:20:08,554 - INFO -  update query  
        update confarimamodeloaplicado
        set procesado=TRUE,
        confarimamodeloaplicadoporc=7782.963
        where confarimacabezalid=68 and
        confarimamodeloaplicadoindice= 5
        and confarimamodeloaplicadoanio = 2025 and confarimamodeloaplicadomes = 14

    
2024-03-11 21:20:08,554 - INFO - updating with  
        update confarimamodeloaplicado
        set procesado=TRUE,
        confarimamodeloaplicadoporc=7782.963
        where confarimacabezalid=68 and
        confarimamodeloaplicadoindice= 5
        and confarimamodeloaplicadoanio = 2025 and confarimamodeloaplicadomes = 15

     for 68
2024-03-11 21:20:08,556 - INFO - updated update_forecast 68
2024-03-11 21:20:08,556 - INFO -  update query  
        update confarimamodeloaplicado
        set procesado=TRUE,
        confarimamodeloaplicadoporc=7782.963
        where confarimacabezalid=68 and
        confarimamodeloaplicadoindice= 5
        and confarimamodeloaplicadoanio = 2025 and confarimamodeloaplicadomes = 15

    
2024-03-11 21:20:08,556 - INFO - updating with  
        update confarimamodeloaplicado
        set procesado=TRUE,
        confarimamodeloaplicadoporc=7782.963
        where confarimacabezalid=68 and
        confarimamodeloaplicadoindice= 5
        and confarimamodeloaplicadoanio = 2025 and confarimamodeloaplicadomes = 16

     for 68
2024-03-11 21:20:08,558 - INFO - updated update_forecast 68
2024-03-11 21:20:08,558 - INFO -  update query  
        update confarimamodeloaplicado
        set procesado=TRUE,
        confarimamodeloaplicadoporc=7782.963
        where confarimacabezalid=68 and
        confarimamodeloaplicadoindice= 5
        and confarimamodeloaplicadoanio = 2025 and confarimamodeloaplicadomes = 16

    
2024-03-11 21:20:08,558 - INFO - updating with  
        update confarimamodeloaplicado
        set procesado=TRUE,
        confarimamodeloaplicadoporc=7782.963
        where confarimacabezalid=68 and
        confarimamodeloaplicadoindice= 5
        and confarimamodeloaplicadoanio = 2025 and confarimamodeloaplicadomes = 17

     for 68
2024-03-11 21:20:08,560 - INFO - updated update_forecast 68
2024-03-11 21:20:08,560 - INFO -  update query  
        update confarimamodeloaplicado
        set procesado=TRUE,
        confarimamodeloaplicadoporc=7782.963
        where confarimacabezalid=68 and
        confarimamodeloaplicadoindice= 5
        and confarimamodeloaplicadoanio = 2025 and confarimamodeloaplicadomes = 17

    
2024-03-11 21:20:08,561 - INFO - updating with  
        update confarimamodeloaplicado
        set procesado=TRUE,
        confarimamodeloaplicadoporc=7782.963
        where confarimacabezalid=68 and
        confarimamodeloaplicadoindice= 5
        and confarimamodeloaplicadoanio = 2025 and confarimamodeloaplicadomes = 18

     for 68
2024-03-11 21:20:08,562 - INFO - updated update_forecast 68
2024-03-11 21:20:08,563 - INFO -  update query  
        update confarimamodeloaplicado
        set procesado=TRUE,
        confarimamodeloaplicadoporc=7782.963
        where confarimacabezalid=68 and
        confarimamodeloaplicadoindice= 5
        and confarimamodeloaplicadoanio = 2025 and confarimamodeloaplicadomes = 18

    
2024-03-11 21:20:08,563 - INFO - updating with  
        update confarimamodeloaplicado
        set procesado=TRUE,
        confarimamodeloaplicadoporc=7782.963
        where confarimacabezalid=68 and
        confarimamodeloaplicadoindice= 5
        and confarimamodeloaplicadoanio = 2026 and confarimamodeloaplicadomes = 1

     for 68
2024-03-11 21:20:08,564 - INFO - updated update_forecast 68
2024-03-11 21:20:08,565 - INFO -  update query  
        update confarimamodeloaplicado
        set procesado=TRUE,
        confarimamodeloaplicadoporc=7782.963
        where confarimacabezalid=68 and
        confarimamodeloaplicadoindice= 5
        and confarimamodeloaplicadoanio = 2026 and confarimamodeloaplicadomes = 1

    
2024-03-11 21:20:08,565 - INFO - updating with  
        update confarimamodeloaplicado
        set procesado=TRUE,
        confarimamodeloaplicadoporc=7782.963
        where confarimacabezalid=68 and
        confarimamodeloaplicadoindice= 5
        and confarimamodeloaplicadoanio = 2026 and confarimamodeloaplicadomes = 2

     for 68
2024-03-11 21:20:08,567 - INFO - updated update_forecast 68
2024-03-11 21:20:08,567 - INFO -  update query  
        update confarimamodeloaplicado
        set procesado=TRUE,
        confarimamodeloaplicadoporc=7782.963
        where confarimacabezalid=68 and
        confarimamodeloaplicadoindice= 5
        and confarimamodeloaplicadoanio = 2026 and confarimamodeloaplicadomes = 2

    
2024-03-11 21:20:08,567 - INFO - updating with  
        update confarimamodeloaplicado
        set procesado=TRUE,
        confarimamodeloaplicadoporc=7782.963
        where confarimacabezalid=68 and
        confarimamodeloaplicadoindice= 5
        and confarimamodeloaplicadoanio = 2026 and confarimamodeloaplicadomes = 3

     for 68
2024-03-11 21:20:08,569 - INFO - updated update_forecast 68
2024-03-11 21:20:08,569 - INFO -  update query  
        update confarimamodeloaplicado
        set procesado=TRUE,
        confarimamodeloaplicadoporc=7782.963
        where confarimacabezalid=68 and
        confarimamodeloaplicadoindice= 5
        and confarimamodeloaplicadoanio = 2026 and confarimamodeloaplicadomes = 3

    
2024-03-11 21:20:08,569 - INFO - updating with  
        update confarimamodeloaplicado
        set procesado=TRUE,
        confarimamodeloaplicadoporc=7782.963
        where confarimacabezalid=68 and
        confarimamodeloaplicadoindice= 5
        and confarimamodeloaplicadoanio = 2026 and confarimamodeloaplicadomes = 4

     for 68
2024-03-11 21:20:08,571 - INFO - updated update_forecast 68
2024-03-11 21:20:08,571 - INFO -  update query  
        update confarimamodeloaplicado
        set procesado=TRUE,
        confarimamodeloaplicadoporc=7782.963
        where confarimacabezalid=68 and
        confarimamodeloaplicadoindice= 5
        and confarimamodeloaplicadoanio = 2026 and confarimamodeloaplicadomes = 4

    
2024-03-11 21:20:08,571 - INFO - updating with  
        update confarimamodeloaplicado
        set procesado=TRUE,
        confarimamodeloaplicadoporc=7782.963
        where confarimacabezalid=68 and
        confarimamodeloaplicadoindice= 5
        and confarimamodeloaplicadoanio = 2026 and confarimamodeloaplicadomes = 5

     for 68
2024-03-11 21:20:08,573 - INFO - updated update_forecast 68
2024-03-11 21:20:08,573 - INFO -  update query  
        update confarimamodeloaplicado
        set procesado=TRUE,
        confarimamodeloaplicadoporc=7782.963
        where confarimacabezalid=68 and
        confarimamodeloaplicadoindice= 5
        and confarimamodeloaplicadoanio = 2026 and confarimamodeloaplicadomes = 5

    
2024-03-11 21:20:08,573 - INFO - updating with  
        update confarimamodeloaplicado
        set procesado=TRUE,
        confarimamodeloaplicadoporc=7782.963
        where confarimacabezalid=68 and
        confarimamodeloaplicadoindice= 5
        and confarimamodeloaplicadoanio = 2026 and confarimamodeloaplicadomes = 6

     for 68
2024-03-11 21:20:08,575 - INFO - updated update_forecast 68
2024-03-11 21:20:08,575 - INFO -  update query  
        update confarimamodeloaplicado
        set procesado=TRUE,
        confarimamodeloaplicadoporc=7782.963
        where confarimacabezalid=68 and
        confarimamodeloaplicadoindice= 5
        and confarimamodeloaplicadoanio = 2026 and confarimamodeloaplicadomes = 6

    
2024-03-11 21:20:08,575 - INFO - updating with  
        update confarimamodeloaplicado
        set procesado=TRUE,
        confarimamodeloaplicadoporc=7782.963
        where confarimacabezalid=68 and
        confarimamodeloaplicadoindice= 5
        and confarimamodeloaplicadoanio = 2026 and confarimamodeloaplicadomes = 7

     for 68
2024-03-11 21:20:08,577 - INFO - updated update_forecast 68
2024-03-11 21:20:08,577 - INFO -  update query  
        update confarimamodeloaplicado
        set procesado=TRUE,
        confarimamodeloaplicadoporc=7782.963
        where confarimacabezalid=68 and
        confarimamodeloaplicadoindice= 5
        and confarimamodeloaplicadoanio = 2026 and confarimamodeloaplicadomes = 7

    
2024-03-11 21:20:08,577 - INFO - updating with  
        update confarimamodeloaplicado
        set procesado=TRUE,
        confarimamodeloaplicadoporc=7782.963
        where confarimacabezalid=68 and
        confarimamodeloaplicadoindice= 5
        and confarimamodeloaplicadoanio = 2026 and confarimamodeloaplicadomes = 8

     for 68
2024-03-11 21:20:08,579 - INFO - updated update_forecast 68
2024-03-11 21:20:08,579 - INFO -  update query  
        update confarimamodeloaplicado
        set procesado=TRUE,
        confarimamodeloaplicadoporc=7782.963
        where confarimacabezalid=68 and
        confarimamodeloaplicadoindice= 5
        and confarimamodeloaplicadoanio = 2026 and confarimamodeloaplicadomes = 8

    
2024-03-11 21:20:08,579 - INFO - updating with  
        update confarimamodeloaplicado
        set procesado=TRUE,
        confarimamodeloaplicadoporc=7782.963
        where confarimacabezalid=68 and
        confarimamodeloaplicadoindice= 5
        and confarimamodeloaplicadoanio = 2026 and confarimamodeloaplicadomes = 9

     for 68
2024-03-11 21:20:08,581 - INFO - updated update_forecast 68
2024-03-11 21:20:08,581 - INFO -  update query  
        update confarimamodeloaplicado
        set procesado=TRUE,
        confarimamodeloaplicadoporc=7782.963
        where confarimacabezalid=68 and
        confarimamodeloaplicadoindice= 5
        and confarimamodeloaplicadoanio = 2026 and confarimamodeloaplicadomes = 9

    
2024-03-11 21:20:08,581 - INFO - updating with  
        update confarimamodeloaplicado
        set procesado=TRUE,
        confarimamodeloaplicadoporc=7782.963
        where confarimacabezalid=68 and
        confarimamodeloaplicadoindice= 5
        and confarimamodeloaplicadoanio = 2026 and confarimamodeloaplicadomes = 10

     for 68
2024-03-11 21:20:08,583 - INFO - updated update_forecast 68
2024-03-11 21:20:08,583 - INFO -  update query  
        update confarimamodeloaplicado
        set procesado=TRUE,
        confarimamodeloaplicadoporc=7782.963
        where confarimacabezalid=68 and
        confarimamodeloaplicadoindice= 5
        and confarimamodeloaplicadoanio = 2026 and confarimamodeloaplicadomes = 10

    
2024-03-11 21:20:08,583 - INFO - updating with  
        update confarimamodeloaplicado
        set procesado=TRUE,
        confarimamodeloaplicadoporc=7782.963
        where confarimacabezalid=68 and
        confarimamodeloaplicadoindice= 5
        and confarimamodeloaplicadoanio = 2026 and confarimamodeloaplicadomes = 11

     for 68
2024-03-11 21:20:08,585 - INFO - updated update_forecast 68
2024-03-11 21:20:08,585 - INFO -  update query  
        update confarimamodeloaplicado
        set procesado=TRUE,
        confarimamodeloaplicadoporc=7782.963
        where confarimacabezalid=68 and
        confarimamodeloaplicadoindice= 5
        and confarimamodeloaplicadoanio = 2026 and confarimamodeloaplicadomes = 11

    
2024-03-11 21:20:08,585 - INFO - updating with  
        update confarimamodeloaplicado
        set procesado=TRUE,
        confarimamodeloaplicadoporc=7782.963
        where confarimacabezalid=68 and
        confarimamodeloaplicadoindice= 5
        and confarimamodeloaplicadoanio = 2026 and confarimamodeloaplicadomes = 12

     for 68
2024-03-11 21:20:08,587 - INFO - updated update_forecast 68
2024-03-11 21:20:08,587 - INFO -  update query  
        update confarimamodeloaplicado
        set procesado=TRUE,
        confarimamodeloaplicadoporc=7782.963
        where confarimacabezalid=68 and
        confarimamodeloaplicadoindice= 5
        and confarimamodeloaplicadoanio = 2026 and confarimamodeloaplicadomes = 12

    
2024-03-11 21:20:08,587 - INFO - updating with  
        update confarimamodeloaplicado
        set procesado=TRUE,
        confarimamodeloaplicadoporc=7782.963
        where confarimacabezalid=68 and
        confarimamodeloaplicadoindice= 5
        and confarimamodeloaplicadoanio = 2026 and confarimamodeloaplicadomes = 13

     for 68
2024-03-11 21:20:08,589 - INFO - updated update_forecast 68
2024-03-11 21:20:08,589 - INFO -  update query  
        update confarimamodeloaplicado
        set procesado=TRUE,
        confarimamodeloaplicadoporc=7782.963
        where confarimacabezalid=68 and
        confarimamodeloaplicadoindice= 5
        and confarimamodeloaplicadoanio = 2026 and confarimamodeloaplicadomes = 13

    
2024-03-11 21:20:08,589 - INFO - updating with  
        update confarimamodeloaplicado
        set procesado=TRUE,
        confarimamodeloaplicadoporc=7782.963
        where confarimacabezalid=68 and
        confarimamodeloaplicadoindice= 5
        and confarimamodeloaplicadoanio = 2026 and confarimamodeloaplicadomes = 14

     for 68
2024-03-11 21:20:08,591 - INFO - updated update_forecast 68
2024-03-11 21:20:08,591 - INFO -  update query  
        update confarimamodeloaplicado
        set procesado=TRUE,
        confarimamodeloaplicadoporc=7782.963
        where confarimacabezalid=68 and
        confarimamodeloaplicadoindice= 5
        and confarimamodeloaplicadoanio = 2026 and confarimamodeloaplicadomes = 14

    
2024-03-11 21:20:08,591 - INFO - updating with  
        update confarimamodeloaplicado
        set procesado=TRUE,
        confarimamodeloaplicadoporc=7782.963
        where confarimacabezalid=68 and
        confarimamodeloaplicadoindice= 5
        and confarimamodeloaplicadoanio = 2026 and confarimamodeloaplicadomes = 15

     for 68
2024-03-11 21:20:08,593 - INFO - updated update_forecast 68
2024-03-11 21:20:08,593 - INFO -  update query  
        update confarimamodeloaplicado
        set procesado=TRUE,
        confarimamodeloaplicadoporc=7782.963
        where confarimacabezalid=68 and
        confarimamodeloaplicadoindice= 5
        and confarimamodeloaplicadoanio = 2026 and confarimamodeloaplicadomes = 15

    
2024-03-11 21:20:08,593 - INFO - updating with  
        update confarimamodeloaplicado
        set procesado=TRUE,
        confarimamodeloaplicadoporc=7782.963
        where confarimacabezalid=68 and
        confarimamodeloaplicadoindice= 5
        and confarimamodeloaplicadoanio = 2026 and confarimamodeloaplicadomes = 16

     for 68
2024-03-11 21:20:08,595 - INFO - updated update_forecast 68
2024-03-11 21:20:08,595 - INFO -  update query  
        update confarimamodeloaplicado
        set procesado=TRUE,
        confarimamodeloaplicadoporc=7782.963
        where confarimacabezalid=68 and
        confarimamodeloaplicadoindice= 5
        and confarimamodeloaplicadoanio = 2026 and confarimamodeloaplicadomes = 16

    
2024-03-11 21:20:08,596 - INFO - updating with  
        update confarimamodeloaplicado
        set procesado=TRUE,
        confarimamodeloaplicadoporc=7782.963
        where confarimacabezalid=68 and
        confarimamodeloaplicadoindice= 5
        and confarimamodeloaplicadoanio = 2026 and confarimamodeloaplicadomes = 17

     for 68
2024-03-11 21:20:08,597 - INFO - updated update_forecast 68
2024-03-11 21:20:08,597 - INFO -  update query  
        update confarimamodeloaplicado
        set procesado=TRUE,
        confarimamodeloaplicadoporc=7782.963
        where confarimacabezalid=68 and
        confarimamodeloaplicadoindice= 5
        and confarimamodeloaplicadoanio = 2026 and confarimamodeloaplicadomes = 17

    
2024-03-11 21:20:08,598 - INFO - updating with  
        update confarimamodeloaplicado
        set procesado=TRUE,
        confarimamodeloaplicadoporc=7782.963
        where confarimacabezalid=68 and
        confarimamodeloaplicadoindice= 5
        and confarimamodeloaplicadoanio = 2026 and confarimamodeloaplicadomes = 18

     for 68
2024-03-11 21:20:08,600 - INFO - updated update_forecast 68
2024-03-11 21:20:08,600 - INFO -  update query  
        update confarimamodeloaplicado
        set procesado=TRUE,
        confarimamodeloaplicadoporc=7782.963
        where confarimacabezalid=68 and
        confarimamodeloaplicadoindice= 5
        and confarimamodeloaplicadoanio = 2026 and confarimamodeloaplicadomes = 18

    
2024-03-11 21:20:08,600 - INFO - updating with  
        update confarimamodeloaplicado
        set procesado=TRUE,
        confarimamodeloaplicadoporc=7782.963
        where confarimacabezalid=68 and
        confarimamodeloaplicadoindice= 5
        and confarimamodeloaplicadoanio = 2027 and confarimamodeloaplicadomes = 1

     for 68
2024-03-11 21:20:08,602 - INFO - updated update_forecast 68
2024-03-11 21:20:08,602 - INFO -  update query  
        update confarimamodeloaplicado
        set procesado=TRUE,
        confarimamodeloaplicadoporc=7782.963
        where confarimacabezalid=68 and
        confarimamodeloaplicadoindice= 5
        and confarimamodeloaplicadoanio = 2027 and confarimamodeloaplicadomes = 1

    
2024-03-11 21:20:08,602 - INFO - updating with  
        update confarimamodeloaplicado
        set procesado=TRUE,
        confarimamodeloaplicadoporc=7782.963
        where confarimacabezalid=68 and
        confarimamodeloaplicadoindice= 5
        and confarimamodeloaplicadoanio = 2027 and confarimamodeloaplicadomes = 2

     for 68
2024-03-11 21:20:08,604 - INFO - updated update_forecast 68
2024-03-11 21:20:08,604 - INFO -  update query  
        update confarimamodeloaplicado
        set procesado=TRUE,
        confarimamodeloaplicadoporc=7782.963
        where confarimacabezalid=68 and
        confarimamodeloaplicadoindice= 5
        and confarimamodeloaplicadoanio = 2027 and confarimamodeloaplicadomes = 2

    
2024-03-11 21:20:08,604 - INFO - updating with  
        update confarimamodeloaplicado
        set procesado=TRUE,
        confarimamodeloaplicadoporc=7782.963
        where confarimacabezalid=68 and
        confarimamodeloaplicadoindice= 5
        and confarimamodeloaplicadoanio = 2027 and confarimamodeloaplicadomes = 3

     for 68
2024-03-11 21:20:08,606 - INFO - updated update_forecast 68
2024-03-11 21:20:08,606 - INFO -  update query  
        update confarimamodeloaplicado
        set procesado=TRUE,
        confarimamodeloaplicadoporc=7782.963
        where confarimacabezalid=68 and
        confarimamodeloaplicadoindice= 5
        and confarimamodeloaplicadoanio = 2027 and confarimamodeloaplicadomes = 3

    
2024-03-11 21:20:08,606 - INFO - updating with  
        update confarimamodeloaplicado
        set procesado=TRUE,
        confarimamodeloaplicadoporc=7782.963
        where confarimacabezalid=68 and
        confarimamodeloaplicadoindice= 5
        and confarimamodeloaplicadoanio = 2027 and confarimamodeloaplicadomes = 4

     for 68
2024-03-11 21:20:08,608 - INFO - updated update_forecast 68
2024-03-11 21:20:08,608 - INFO -  update query  
        update confarimamodeloaplicado
        set procesado=TRUE,
        confarimamodeloaplicadoporc=7782.963
        where confarimacabezalid=68 and
        confarimamodeloaplicadoindice= 5
        and confarimamodeloaplicadoanio = 2027 and confarimamodeloaplicadomes = 4

    
2024-03-11 21:20:08,608 - INFO - updating with  
        update confarimamodeloaplicado
        set procesado=TRUE,
        confarimamodeloaplicadoporc=7782.963
        where confarimacabezalid=68 and
        confarimamodeloaplicadoindice= 5
        and confarimamodeloaplicadoanio = 2027 and confarimamodeloaplicadomes = 5

     for 68
2024-03-11 21:20:08,610 - INFO - updated update_forecast 68
2024-03-11 21:20:08,610 - INFO -  update query  
        update confarimamodeloaplicado
        set procesado=TRUE,
        confarimamodeloaplicadoporc=7782.963
        where confarimacabezalid=68 and
        confarimamodeloaplicadoindice= 5
        and confarimamodeloaplicadoanio = 2027 and confarimamodeloaplicadomes = 5

    
2024-03-11 21:20:08,610 - INFO - updating with  
        update confarimamodeloaplicado
        set procesado=TRUE,
        confarimamodeloaplicadoporc=7782.963
        where confarimacabezalid=68 and
        confarimamodeloaplicadoindice= 5
        and confarimamodeloaplicadoanio = 2027 and confarimamodeloaplicadomes = 6

     for 68
2024-03-11 21:20:08,612 - INFO - updated update_forecast 68
2024-03-11 21:20:08,612 - INFO -  update query  
        update confarimamodeloaplicado
        set procesado=TRUE,
        confarimamodeloaplicadoporc=7782.963
        where confarimacabezalid=68 and
        confarimamodeloaplicadoindice= 5
        and confarimamodeloaplicadoanio = 2027 and confarimamodeloaplicadomes = 6

    
2024-03-11 21:20:08,612 - INFO - updating with  
        update confarimamodeloaplicado
        set procesado=TRUE,
        confarimamodeloaplicadoporc=7782.963
        where confarimacabezalid=68 and
        confarimamodeloaplicadoindice= 5
        and confarimamodeloaplicadoanio = 2027 and confarimamodeloaplicadomes = 7

     for 68
2024-03-11 21:20:08,614 - INFO - updated update_forecast 68
2024-03-11 21:20:08,614 - INFO -  update query  
        update confarimamodeloaplicado
        set procesado=TRUE,
        confarimamodeloaplicadoporc=7782.963
        where confarimacabezalid=68 and
        confarimamodeloaplicadoindice= 5
        and confarimamodeloaplicadoanio = 2027 and confarimamodeloaplicadomes = 7

    
2024-03-11 21:20:08,614 - INFO - updating with  
        update confarimamodeloaplicado
        set procesado=TRUE,
        confarimamodeloaplicadoporc=7782.963
        where confarimacabezalid=68 and
        confarimamodeloaplicadoindice= 5
        and confarimamodeloaplicadoanio = 2027 and confarimamodeloaplicadomes = 8

     for 68
2024-03-11 21:20:08,616 - INFO - updated update_forecast 68
2024-03-11 21:20:08,616 - INFO -  update query  
        update confarimamodeloaplicado
        set procesado=TRUE,
        confarimamodeloaplicadoporc=7782.963
        where confarimacabezalid=68 and
        confarimamodeloaplicadoindice= 5
        and confarimamodeloaplicadoanio = 2027 and confarimamodeloaplicadomes = 8

    
2024-03-11 21:20:08,616 - INFO - updating with  
        update confarimamodeloaplicado
        set procesado=TRUE,
        confarimamodeloaplicadoporc=7782.963
        where confarimacabezalid=68 and
        confarimamodeloaplicadoindice= 5
        and confarimamodeloaplicadoanio = 2027 and confarimamodeloaplicadomes = 9

     for 68
2024-03-11 21:20:08,618 - INFO - updated update_forecast 68
2024-03-11 21:20:08,618 - INFO -  update query  
        update confarimamodeloaplicado
        set procesado=TRUE,
        confarimamodeloaplicadoporc=7782.963
        where confarimacabezalid=68 and
        confarimamodeloaplicadoindice= 5
        and confarimamodeloaplicadoanio = 2027 and confarimamodeloaplicadomes = 9

    
2024-03-11 21:20:08,618 - INFO - updating with  
        update confarimamodeloaplicado
        set procesado=TRUE,
        confarimamodeloaplicadoporc=7782.963
        where confarimacabezalid=68 and
        confarimamodeloaplicadoindice= 5
        and confarimamodeloaplicadoanio = 2027 and confarimamodeloaplicadomes = 10

     for 68
2024-03-11 21:20:08,620 - INFO - updated update_forecast 68
2024-03-11 21:20:08,620 - INFO -  update query  
        update confarimamodeloaplicado
        set procesado=TRUE,
        confarimamodeloaplicadoporc=7782.963
        where confarimacabezalid=68 and
        confarimamodeloaplicadoindice= 5
        and confarimamodeloaplicadoanio = 2027 and confarimamodeloaplicadomes = 10

    
2024-03-11 21:20:08,620 - INFO - updating with  
        update confarimamodeloaplicado
        set procesado=TRUE,
        confarimamodeloaplicadoporc=7782.963
        where confarimacabezalid=68 and
        confarimamodeloaplicadoindice= 5
        and confarimamodeloaplicadoanio = 2027 and confarimamodeloaplicadomes = 11

     for 68
2024-03-11 21:20:08,622 - INFO - updated update_forecast 68
2024-03-11 21:20:08,622 - INFO -  update query  
        update confarimamodeloaplicado
        set procesado=TRUE,
        confarimamodeloaplicadoporc=7782.963
        where confarimacabezalid=68 and
        confarimamodeloaplicadoindice= 5
        and confarimamodeloaplicadoanio = 2027 and confarimamodeloaplicadomes = 11

    
2024-03-11 21:20:08,622 - INFO - updating with  
        update confarimamodeloaplicado
        set procesado=TRUE,
        confarimamodeloaplicadoporc=7782.963
        where confarimacabezalid=68 and
        confarimamodeloaplicadoindice= 5
        and confarimamodeloaplicadoanio = 2027 and confarimamodeloaplicadomes = 12

     for 68
2024-03-11 21:20:08,624 - INFO - updated update_forecast 68
2024-03-11 21:20:08,624 - INFO -  update query  
        update confarimamodeloaplicado
        set procesado=TRUE,
        confarimamodeloaplicadoporc=7782.963
        where confarimacabezalid=68 and
        confarimamodeloaplicadoindice= 5
        and confarimamodeloaplicadoanio = 2027 and confarimamodeloaplicadomes = 12

    
2024-03-11 21:20:08,624 - INFO - updating with  
        update confarimamodeloaplicado
        set procesado=TRUE,
        confarimamodeloaplicadoporc=7782.963
        where confarimacabezalid=68 and
        confarimamodeloaplicadoindice= 5
        and confarimamodeloaplicadoanio = 2027 and confarimamodeloaplicadomes = 13

     for 68
2024-03-11 21:20:08,626 - INFO - updated update_forecast 68
2024-03-11 21:20:08,626 - INFO -  update query  
        update confarimamodeloaplicado
        set procesado=TRUE,
        confarimamodeloaplicadoporc=7782.963
        where confarimacabezalid=68 and
        confarimamodeloaplicadoindice= 5
        and confarimamodeloaplicadoanio = 2027 and confarimamodeloaplicadomes = 13

    
2024-03-11 21:20:08,626 - INFO - updating with  
        update confarimamodeloaplicado
        set procesado=TRUE,
        confarimamodeloaplicadoporc=7782.963
        where confarimacabezalid=68 and
        confarimamodeloaplicadoindice= 5
        and confarimamodeloaplicadoanio = 2027 and confarimamodeloaplicadomes = 14

     for 68
2024-03-11 21:20:08,628 - INFO - updated update_forecast 68
2024-03-11 21:20:08,628 - INFO -  update query  
        update confarimamodeloaplicado
        set procesado=TRUE,
        confarimamodeloaplicadoporc=7782.963
        where confarimacabezalid=68 and
        confarimamodeloaplicadoindice= 5
        and confarimamodeloaplicadoanio = 2027 and confarimamodeloaplicadomes = 14

    
2024-03-11 21:20:08,628 - INFO - updating with  
        update confarimamodeloaplicado
        set procesado=TRUE,
        confarimamodeloaplicadoporc=7782.963
        where confarimacabezalid=68 and
        confarimamodeloaplicadoindice= 5
        and confarimamodeloaplicadoanio = 2027 and confarimamodeloaplicadomes = 15

     for 68
2024-03-11 21:20:08,630 - INFO - updated update_forecast 68
2024-03-11 21:20:08,630 - INFO -  update query  
        update confarimamodeloaplicado
        set procesado=TRUE,
        confarimamodeloaplicadoporc=7782.963
        where confarimacabezalid=68 and
        confarimamodeloaplicadoindice= 5
        and confarimamodeloaplicadoanio = 2027 and confarimamodeloaplicadomes = 15

    
2024-03-11 21:20:08,630 - INFO - updating with  
        update confarimamodeloaplicado
        set procesado=TRUE,
        confarimamodeloaplicadoporc=7782.963
        where confarimacabezalid=68 and
        confarimamodeloaplicadoindice= 5
        and confarimamodeloaplicadoanio = 2027 and confarimamodeloaplicadomes = 16

     for 68
2024-03-11 21:20:08,632 - INFO - updated update_forecast 68
2024-03-11 21:20:08,632 - INFO -  update query  
        update confarimamodeloaplicado
        set procesado=TRUE,
        confarimamodeloaplicadoporc=7782.963
        where confarimacabezalid=68 and
        confarimamodeloaplicadoindice= 5
        and confarimamodeloaplicadoanio = 2027 and confarimamodeloaplicadomes = 16

    
2024-03-11 21:20:08,633 - INFO - updating with  
        update confarimamodeloaplicado
        set procesado=TRUE,
        confarimamodeloaplicadoporc=7782.963
        where confarimacabezalid=68 and
        confarimamodeloaplicadoindice= 5
        and confarimamodeloaplicadoanio = 2027 and confarimamodeloaplicadomes = 17

     for 68
2024-03-11 21:20:08,634 - INFO - updated update_forecast 68
2024-03-11 21:20:08,634 - INFO -  update query  
        update confarimamodeloaplicado
        set procesado=TRUE,
        confarimamodeloaplicadoporc=7782.963
        where confarimacabezalid=68 and
        confarimamodeloaplicadoindice= 5
        and confarimamodeloaplicadoanio = 2027 and confarimamodeloaplicadomes = 17

    
2024-03-11 21:20:08,635 - INFO - updating with  
        update confarimamodeloaplicado
        set procesado=TRUE,
        confarimamodeloaplicadoporc=7782.963
        where confarimacabezalid=68 and
        confarimamodeloaplicadoindice= 5
        and confarimamodeloaplicadoanio = 2027 and confarimamodeloaplicadomes = 18

     for 68
2024-03-11 21:20:08,637 - INFO - updated update_forecast 68
2024-03-11 21:20:08,637 - INFO -  update query  
        update confarimamodeloaplicado
        set procesado=TRUE,
        confarimamodeloaplicadoporc=7782.963
        where confarimacabezalid=68 and
        confarimamodeloaplicadoindice= 5
        and confarimamodeloaplicadoanio = 2027 and confarimamodeloaplicadomes = 18

    
2024-03-11 21:20:08,637 - INFO - updating with  
        update confarimamodeloaplicado
        set procesado=TRUE,
        confarimamodeloaplicadoporc=7782.963
        where confarimacabezalid=68 and
        confarimamodeloaplicadoindice= 5
        and confarimamodeloaplicadoanio = 2028 and confarimamodeloaplicadomes = 1

     for 68
2024-03-11 21:20:08,638 - INFO - updated update_forecast 68
2024-03-11 21:20:08,638 - INFO -  update query  
        update confarimamodeloaplicado
        set procesado=TRUE,
        confarimamodeloaplicadoporc=7782.963
        where confarimacabezalid=68 and
        confarimamodeloaplicadoindice= 5
        and confarimamodeloaplicadoanio = 2028 and confarimamodeloaplicadomes = 1

    
2024-03-11 21:20:08,639 - INFO - updating with  
        update confarimamodeloaplicado
        set procesado=TRUE,
        confarimamodeloaplicadoporc=7782.963
        where confarimacabezalid=68 and
        confarimamodeloaplicadoindice= 5
        and confarimamodeloaplicadoanio = 2028 and confarimamodeloaplicadomes = 2

     for 68
2024-03-11 21:20:08,640 - INFO - updated update_forecast 68
2024-03-11 21:20:08,640 - INFO -  update query  
        update confarimamodeloaplicado
        set procesado=TRUE,
        confarimamodeloaplicadoporc=7782.963
        where confarimacabezalid=68 and
        confarimamodeloaplicadoindice= 5
        and confarimamodeloaplicadoanio = 2028 and confarimamodeloaplicadomes = 2

    
2024-03-11 21:20:08,640 - INFO - updating with  
        update confarimamodeloaplicado
        set procesado=TRUE,
        confarimamodeloaplicadoporc=7782.963
        where confarimacabezalid=68 and
        confarimamodeloaplicadoindice= 5
        and confarimamodeloaplicadoanio = 2028 and confarimamodeloaplicadomes = 3

     for 68
2024-03-11 21:20:08,642 - INFO - updated update_forecast 68
2024-03-11 21:20:08,642 - INFO -  update query  
        update confarimamodeloaplicado
        set procesado=TRUE,
        confarimamodeloaplicadoporc=7782.963
        where confarimacabezalid=68 and
        confarimamodeloaplicadoindice= 5
        and confarimamodeloaplicadoanio = 2028 and confarimamodeloaplicadomes = 3

    
2024-03-11 21:20:08,642 - INFO - updating with  
        update confarimamodeloaplicado
        set procesado=TRUE,
        confarimamodeloaplicadoporc=7782.963
        where confarimacabezalid=68 and
        confarimamodeloaplicadoindice= 5
        and confarimamodeloaplicadoanio = 2028 and confarimamodeloaplicadomes = 4

     for 68
2024-03-11 21:20:08,643 - INFO - updated update_forecast 68
2024-03-11 21:20:08,644 - INFO -  update query  
        update confarimamodeloaplicado
        set procesado=TRUE,
        confarimamodeloaplicadoporc=7782.963
        where confarimacabezalid=68 and
        confarimamodeloaplicadoindice= 5
        and confarimamodeloaplicadoanio = 2028 and confarimamodeloaplicadomes = 4

    
2024-03-11 21:20:08,644 - INFO - updating with  
        update confarimamodeloaplicado
        set procesado=TRUE,
        confarimamodeloaplicadoporc=7782.963
        where confarimacabezalid=68 and
        confarimamodeloaplicadoindice= 5
        and confarimamodeloaplicadoanio = 2028 and confarimamodeloaplicadomes = 5

     for 68
2024-03-11 21:20:08,646 - INFO - updated update_forecast 68
2024-03-11 21:20:08,646 - INFO -  update query  
        update confarimamodeloaplicado
        set procesado=TRUE,
        confarimamodeloaplicadoporc=7782.963
        where confarimacabezalid=68 and
        confarimamodeloaplicadoindice= 5
        and confarimamodeloaplicadoanio = 2028 and confarimamodeloaplicadomes = 5

    
2024-03-11 21:20:08,646 - INFO - updating with  
        update confarimamodeloaplicado
        set procesado=TRUE,
        confarimamodeloaplicadoporc=7782.963
        where confarimacabezalid=68 and
        confarimamodeloaplicadoindice= 5
        and confarimamodeloaplicadoanio = 2028 and confarimamodeloaplicadomes = 6

     for 68
2024-03-11 21:20:08,647 - INFO - updated update_forecast 68
2024-03-11 21:20:08,648 - INFO -  update query  
        update confarimamodeloaplicado
        set procesado=TRUE,
        confarimamodeloaplicadoporc=7782.963
        where confarimacabezalid=68 and
        confarimamodeloaplicadoindice= 5
        and confarimamodeloaplicadoanio = 2028 and confarimamodeloaplicadomes = 6

    
2024-03-11 21:20:08,648 - INFO - updating with  
        update confarimamodeloaplicado
        set procesado=TRUE,
        confarimamodeloaplicadoporc=7782.963
        where confarimacabezalid=68 and
        confarimamodeloaplicadoindice= 5
        and confarimamodeloaplicadoanio = 2028 and confarimamodeloaplicadomes = 7

     for 68
2024-03-11 21:20:08,649 - INFO - updated update_forecast 68
2024-03-11 21:20:08,650 - INFO -  update query  
        update confarimamodeloaplicado
        set procesado=TRUE,
        confarimamodeloaplicadoporc=7782.963
        where confarimacabezalid=68 and
        confarimamodeloaplicadoindice= 5
        and confarimamodeloaplicadoanio = 2028 and confarimamodeloaplicadomes = 7

    
2024-03-11 21:20:08,650 - INFO - updating with  
        update confarimamodeloaplicado
        set procesado=TRUE,
        confarimamodeloaplicadoporc=7782.963
        where confarimacabezalid=68 and
        confarimamodeloaplicadoindice= 5
        and confarimamodeloaplicadoanio = 2028 and confarimamodeloaplicadomes = 8

     for 68
2024-03-11 21:20:08,651 - INFO - updated update_forecast 68
2024-03-11 21:20:08,651 - INFO -  update query  
        update confarimamodeloaplicado
        set procesado=TRUE,
        confarimamodeloaplicadoporc=7782.963
        where confarimacabezalid=68 and
        confarimamodeloaplicadoindice= 5
        and confarimamodeloaplicadoanio = 2028 and confarimamodeloaplicadomes = 8

    
2024-03-11 21:20:08,651 - INFO - updating with  
        update confarimamodeloaplicado
        set procesado=TRUE,
        confarimamodeloaplicadoporc=7782.963
        where confarimacabezalid=68 and
        confarimamodeloaplicadoindice= 5
        and confarimamodeloaplicadoanio = 2028 and confarimamodeloaplicadomes = 9

     for 68
2024-03-11 21:20:08,653 - INFO - updated update_forecast 68
2024-03-11 21:20:08,653 - INFO -  update query  
        update confarimamodeloaplicado
        set procesado=TRUE,
        confarimamodeloaplicadoporc=7782.963
        where confarimacabezalid=68 and
        confarimamodeloaplicadoindice= 5
        and confarimamodeloaplicadoanio = 2028 and confarimamodeloaplicadomes = 9

    
2024-03-11 21:20:08,654 - INFO - updating with  
        update confarimamodeloaplicado
        set procesado=TRUE,
        confarimamodeloaplicadoporc=7782.963
        where confarimacabezalid=68 and
        confarimamodeloaplicadoindice= 5
        and confarimamodeloaplicadoanio = 2028 and confarimamodeloaplicadomes = 10

     for 68
2024-03-11 21:20:08,655 - INFO - updated update_forecast 68
2024-03-11 21:20:08,656 - INFO -  update query  
        update confarimamodeloaplicado
        set procesado=TRUE,
        confarimamodeloaplicadoporc=7782.963
        where confarimacabezalid=68 and
        confarimamodeloaplicadoindice= 5
        and confarimamodeloaplicadoanio = 2028 and confarimamodeloaplicadomes = 10

    
2024-03-11 21:20:08,656 - INFO - updating with  
        update confarimamodeloaplicado
        set procesado=TRUE,
        confarimamodeloaplicadoporc=7782.963
        where confarimacabezalid=68 and
        confarimamodeloaplicadoindice= 5
        and confarimamodeloaplicadoanio = 2028 and confarimamodeloaplicadomes = 11

     for 68
2024-03-11 21:20:08,657 - INFO - updated update_forecast 68
2024-03-11 21:20:08,658 - INFO -  update query  
        update confarimamodeloaplicado
        set procesado=TRUE,
        confarimamodeloaplicadoporc=7782.963
        where confarimacabezalid=68 and
        confarimamodeloaplicadoindice= 5
        and confarimamodeloaplicadoanio = 2028 and confarimamodeloaplicadomes = 11

    
2024-03-11 21:20:08,658 - INFO - updating with  
        update confarimamodeloaplicado
        set procesado=TRUE,
        confarimamodeloaplicadoporc=7782.963
        where confarimacabezalid=68 and
        confarimamodeloaplicadoindice= 5
        and confarimamodeloaplicadoanio = 2028 and confarimamodeloaplicadomes = 12

     for 68
2024-03-11 21:20:08,660 - INFO - updated update_forecast 68
2024-03-11 21:20:08,660 - INFO -  update query  
        update confarimamodeloaplicado
        set procesado=TRUE,
        confarimamodeloaplicadoporc=7782.963
        where confarimacabezalid=68 and
        confarimamodeloaplicadoindice= 5
        and confarimamodeloaplicadoanio = 2028 and confarimamodeloaplicadomes = 12

    
2024-03-11 21:20:08,661 - INFO - updating with  
        update confarimamodeloaplicado
        set procesado=TRUE,
        confarimamodeloaplicadoporc=7782.963
        where confarimacabezalid=68 and
        confarimamodeloaplicadoindice= 5
        and confarimamodeloaplicadoanio = 2028 and confarimamodeloaplicadomes = 13

     for 68
2024-03-11 21:20:08,663 - INFO - updated update_forecast 68
2024-03-11 21:20:08,663 - INFO -  update query  
        update confarimamodeloaplicado
        set procesado=TRUE,
        confarimamodeloaplicadoporc=7782.963
        where confarimacabezalid=68 and
        confarimamodeloaplicadoindice= 5
        and confarimamodeloaplicadoanio = 2028 and confarimamodeloaplicadomes = 13

    
2024-03-11 21:20:08,663 - INFO - updating with  
        update confarimamodeloaplicado
        set procesado=TRUE,
        confarimamodeloaplicadoporc=7782.963
        where confarimacabezalid=68 and
        confarimamodeloaplicadoindice= 5
        and confarimamodeloaplicadoanio = 2028 and confarimamodeloaplicadomes = 14

     for 68
2024-03-11 21:20:08,665 - INFO - updated update_forecast 68
2024-03-11 21:20:08,665 - INFO -  update query  
        update confarimamodeloaplicado
        set procesado=TRUE,
        confarimamodeloaplicadoporc=7782.963
        where confarimacabezalid=68 and
        confarimamodeloaplicadoindice= 5
        and confarimamodeloaplicadoanio = 2028 and confarimamodeloaplicadomes = 14

    
2024-03-11 21:20:08,666 - INFO - updating with  
        update confarimamodeloaplicado
        set procesado=TRUE,
        confarimamodeloaplicadoporc=7782.963
        where confarimacabezalid=68 and
        confarimamodeloaplicadoindice= 5
        and confarimamodeloaplicadoanio = 2028 and confarimamodeloaplicadomes = 15

     for 68
2024-03-11 21:20:08,667 - INFO - updated update_forecast 68
2024-03-11 21:20:08,668 - INFO -  update query  
        update confarimamodeloaplicado
        set procesado=TRUE,
        confarimamodeloaplicadoporc=7782.963
        where confarimacabezalid=68 and
        confarimamodeloaplicadoindice= 5
        and confarimamodeloaplicadoanio = 2028 and confarimamodeloaplicadomes = 15

    
2024-03-11 21:20:08,668 - INFO - updating with  
        update confarimamodeloaplicado
        set procesado=TRUE,
        confarimamodeloaplicadoporc=7782.963
        where confarimacabezalid=68 and
        confarimamodeloaplicadoindice= 5
        and confarimamodeloaplicadoanio = 2028 and confarimamodeloaplicadomes = 16

     for 68
2024-03-11 21:20:08,670 - INFO - updated update_forecast 68
2024-03-11 21:20:08,670 - INFO -  update query  
        update confarimamodeloaplicado
        set procesado=TRUE,
        confarimamodeloaplicadoporc=7782.963
        where confarimacabezalid=68 and
        confarimamodeloaplicadoindice= 5
        and confarimamodeloaplicadoanio = 2028 and confarimamodeloaplicadomes = 16

    
2024-03-11 21:20:08,670 - INFO - updating with  
        update confarimamodeloaplicado
        set procesado=TRUE,
        confarimamodeloaplicadoporc=7782.963
        where confarimacabezalid=68 and
        confarimamodeloaplicadoindice= 5
        and confarimamodeloaplicadoanio = 2028 and confarimamodeloaplicadomes = 17

     for 68
2024-03-11 21:20:08,672 - INFO - updated update_forecast 68
2024-03-11 21:20:08,672 - INFO -  update query  
        update confarimamodeloaplicado
        set procesado=TRUE,
        confarimamodeloaplicadoporc=7782.963
        where confarimacabezalid=68 and
        confarimamodeloaplicadoindice= 5
        and confarimamodeloaplicadoanio = 2028 and confarimamodeloaplicadomes = 17

    
2024-03-11 21:20:08,672 - INFO - updating with  
        update confarimamodeloaplicado
        set procesado=TRUE,
        confarimamodeloaplicadoporc=7782.963
        where confarimacabezalid=68 and
        confarimamodeloaplicadoindice= 5
        and confarimamodeloaplicadoanio = 2028 and confarimamodeloaplicadomes = 18

     for 68
2024-03-11 21:20:08,674 - INFO - updated update_forecast 68
2024-03-11 21:20:08,674 - INFO -  update query  
        update confarimamodeloaplicado
        set procesado=TRUE,
        confarimamodeloaplicadoporc=7782.963
        where confarimacabezalid=68 and
        confarimamodeloaplicadoindice= 5
        and confarimamodeloaplicadoanio = 2028 and confarimamodeloaplicadomes = 18

    
2024-03-12 19:33:01,340 - INFO - getting data for 68
2024-03-12 19:33:01,420 - INFO - anio_desde historico = 2022
2024-03-12 19:33:01,420 - INFO - anio_hasta historico = 2023
2024-03-12 19:33:01,437 - INFO - finishing geting data 2022 2023 and indice 5
2024-03-12 19:33:01,449 - INFO -  years for fore cast    aniodesde  aniohasta
0       2024       2028
2024-03-12 19:33:01,472 - INFO - geting total obs
2024-03-12 19:33:01,472 - INFO - estimating seasonal order using cannova-hansen test
2024-03-12 19:33:01,472 - INFO - estimating arima no season 
2024-03-12 19:33:04,485 - INFO - seasonal model was selected with aic846.9485072604386
2024-03-12 19:33:04,531 - INFO - updating with 
    update confarimaresultado set confarimaar=0,
    confarimai= 0, confarimama= 1
    where  confarimacabezalid= 68 and
    confarimaindice= 5
     for 68
2024-03-12 19:33:04,615 - INFO - updated specs 68
2024-03-12 19:33:04,615 - INFO -  update query 
    update confarimaresultado set confarimaar=0,
    confarimai= 0, confarimama= 1
    where  confarimacabezalid= 68 and
    confarimaindice= 5
    
2024-03-12 19:33:04,615 - INFO - finish load model info for 68
2024-03-12 19:33:04,617 - INFO - updating with  
        update confarimamodeloaplicado
        set procesado=TRUE,
        confarimamodeloaplicadoporc=-742.368
        where confarimacabezalid=68 and
        confarimamodeloaplicadoindice= 5
        and confarimamodeloaplicadoanio = 2024 and confarimamodeloaplicadomes = 1

     for 68
2024-03-12 19:33:04,641 - INFO - updated update_forecast 68
2024-03-12 19:33:04,641 - INFO -  update query  
        update confarimamodeloaplicado
        set procesado=TRUE,
        confarimamodeloaplicadoporc=-742.368
        where confarimacabezalid=68 and
        confarimamodeloaplicadoindice= 5
        and confarimamodeloaplicadoanio = 2024 and confarimamodeloaplicadomes = 1

    
2024-03-12 19:33:04,641 - INFO - updating with  
        update confarimamodeloaplicado
        set procesado=TRUE,
        confarimamodeloaplicadoporc=7782.963
        where confarimacabezalid=68 and
        confarimamodeloaplicadoindice= 5
        and confarimamodeloaplicadoanio = 2024 and confarimamodeloaplicadomes = 2

     for 68
2024-03-12 19:33:04,647 - INFO - updated update_forecast 68
2024-03-12 19:33:04,647 - INFO -  update query  
        update confarimamodeloaplicado
        set procesado=TRUE,
        confarimamodeloaplicadoporc=7782.963
        where confarimacabezalid=68 and
        confarimamodeloaplicadoindice= 5
        and confarimamodeloaplicadoanio = 2024 and confarimamodeloaplicadomes = 2

    
2024-03-12 19:33:04,647 - INFO - updating with  
        update confarimamodeloaplicado
        set procesado=TRUE,
        confarimamodeloaplicadoporc=7782.963
        where confarimacabezalid=68 and
        confarimamodeloaplicadoindice= 5
        and confarimamodeloaplicadoanio = 2024 and confarimamodeloaplicadomes = 3

     for 68
2024-03-12 19:33:04,657 - INFO - updated update_forecast 68
2024-03-12 19:33:04,658 - INFO -  update query  
        update confarimamodeloaplicado
        set procesado=TRUE,
        confarimamodeloaplicadoporc=7782.963
        where confarimacabezalid=68 and
        confarimamodeloaplicadoindice= 5
        and confarimamodeloaplicadoanio = 2024 and confarimamodeloaplicadomes = 3

    
2024-03-12 19:33:04,658 - INFO - updating with  
        update confarimamodeloaplicado
        set procesado=TRUE,
        confarimamodeloaplicadoporc=7782.963
        where confarimacabezalid=68 and
        confarimamodeloaplicadoindice= 5
        and confarimamodeloaplicadoanio = 2024 and confarimamodeloaplicadomes = 4

     for 68
2024-03-12 19:33:04,661 - INFO - updated update_forecast 68
2024-03-12 19:33:04,661 - INFO -  update query  
        update confarimamodeloaplicado
        set procesado=TRUE,
        confarimamodeloaplicadoporc=7782.963
        where confarimacabezalid=68 and
        confarimamodeloaplicadoindice= 5
        and confarimamodeloaplicadoanio = 2024 and confarimamodeloaplicadomes = 4

    
2024-03-12 19:33:04,661 - INFO - updating with  
        update confarimamodeloaplicado
        set procesado=TRUE,
        confarimamodeloaplicadoporc=7782.963
        where confarimacabezalid=68 and
        confarimamodeloaplicadoindice= 5
        and confarimamodeloaplicadoanio = 2024 and confarimamodeloaplicadomes = 5

     for 68
2024-03-12 19:33:04,685 - INFO - updated update_forecast 68
2024-03-12 19:33:04,685 - INFO -  update query  
        update confarimamodeloaplicado
        set procesado=TRUE,
        confarimamodeloaplicadoporc=7782.963
        where confarimacabezalid=68 and
        confarimamodeloaplicadoindice= 5
        and confarimamodeloaplicadoanio = 2024 and confarimamodeloaplicadomes = 5

    
2024-03-12 19:33:04,685 - INFO - updating with  
        update confarimamodeloaplicado
        set procesado=TRUE,
        confarimamodeloaplicadoporc=7782.963
        where confarimacabezalid=68 and
        confarimamodeloaplicadoindice= 5
        and confarimamodeloaplicadoanio = 2024 and confarimamodeloaplicadomes = 6

     for 68
2024-03-12 19:33:04,705 - INFO - updated update_forecast 68
2024-03-12 19:33:04,705 - INFO -  update query  
        update confarimamodeloaplicado
        set procesado=TRUE,
        confarimamodeloaplicadoporc=7782.963
        where confarimacabezalid=68 and
        confarimamodeloaplicadoindice= 5
        and confarimamodeloaplicadoanio = 2024 and confarimamodeloaplicadomes = 6

    
2024-03-12 19:33:04,706 - INFO - updating with  
        update confarimamodeloaplicado
        set procesado=TRUE,
        confarimamodeloaplicadoporc=7782.963
        where confarimacabezalid=68 and
        confarimamodeloaplicadoindice= 5
        and confarimamodeloaplicadoanio = 2024 and confarimamodeloaplicadomes = 7

     for 68
2024-03-12 19:33:04,708 - INFO - updated update_forecast 68
2024-03-12 19:33:04,708 - INFO -  update query  
        update confarimamodeloaplicado
        set procesado=TRUE,
        confarimamodeloaplicadoporc=7782.963
        where confarimacabezalid=68 and
        confarimamodeloaplicadoindice= 5
        and confarimamodeloaplicadoanio = 2024 and confarimamodeloaplicadomes = 7

    
2024-03-12 19:33:04,708 - INFO - updating with  
        update confarimamodeloaplicado
        set procesado=TRUE,
        confarimamodeloaplicadoporc=7782.963
        where confarimacabezalid=68 and
        confarimamodeloaplicadoindice= 5
        and confarimamodeloaplicadoanio = 2024 and confarimamodeloaplicadomes = 8

     for 68
2024-03-12 19:33:04,710 - INFO - updated update_forecast 68
2024-03-12 19:33:04,710 - INFO -  update query  
        update confarimamodeloaplicado
        set procesado=TRUE,
        confarimamodeloaplicadoporc=7782.963
        where confarimacabezalid=68 and
        confarimamodeloaplicadoindice= 5
        and confarimamodeloaplicadoanio = 2024 and confarimamodeloaplicadomes = 8

    
2024-03-12 19:33:04,711 - INFO - updating with  
        update confarimamodeloaplicado
        set procesado=TRUE,
        confarimamodeloaplicadoporc=7782.963
        where confarimacabezalid=68 and
        confarimamodeloaplicadoindice= 5
        and confarimamodeloaplicadoanio = 2024 and confarimamodeloaplicadomes = 9

     for 68
2024-03-12 19:33:04,712 - INFO - updated update_forecast 68
2024-03-12 19:33:04,712 - INFO -  update query  
        update confarimamodeloaplicado
        set procesado=TRUE,
        confarimamodeloaplicadoporc=7782.963
        where confarimacabezalid=68 and
        confarimamodeloaplicadoindice= 5
        and confarimamodeloaplicadoanio = 2024 and confarimamodeloaplicadomes = 9

    
2024-03-12 19:33:04,713 - INFO - updating with  
        update confarimamodeloaplicado
        set procesado=TRUE,
        confarimamodeloaplicadoporc=7782.963
        where confarimacabezalid=68 and
        confarimamodeloaplicadoindice= 5
        and confarimamodeloaplicadoanio = 2024 and confarimamodeloaplicadomes = 10

     for 68
2024-03-12 19:33:04,715 - INFO - updated update_forecast 68
2024-03-12 19:33:04,715 - INFO -  update query  
        update confarimamodeloaplicado
        set procesado=TRUE,
        confarimamodeloaplicadoporc=7782.963
        where confarimacabezalid=68 and
        confarimamodeloaplicadoindice= 5
        and confarimamodeloaplicadoanio = 2024 and confarimamodeloaplicadomes = 10

    
2024-03-12 19:33:04,715 - INFO - updating with  
        update confarimamodeloaplicado
        set procesado=TRUE,
        confarimamodeloaplicadoporc=7782.963
        where confarimacabezalid=68 and
        confarimamodeloaplicadoindice= 5
        and confarimamodeloaplicadoanio = 2024 and confarimamodeloaplicadomes = 11

     for 68
2024-03-12 19:33:04,725 - INFO - updated update_forecast 68
2024-03-12 19:33:04,725 - INFO -  update query  
        update confarimamodeloaplicado
        set procesado=TRUE,
        confarimamodeloaplicadoporc=7782.963
        where confarimacabezalid=68 and
        confarimamodeloaplicadoindice= 5
        and confarimamodeloaplicadoanio = 2024 and confarimamodeloaplicadomes = 11

    
2024-03-12 19:33:04,725 - INFO - updating with  
        update confarimamodeloaplicado
        set procesado=TRUE,
        confarimamodeloaplicadoporc=7782.963
        where confarimacabezalid=68 and
        confarimamodeloaplicadoindice= 5
        and confarimamodeloaplicadoanio = 2024 and confarimamodeloaplicadomes = 12

     for 68
2024-03-12 19:33:04,736 - INFO - updated update_forecast 68
2024-03-12 19:33:04,736 - INFO -  update query  
        update confarimamodeloaplicado
        set procesado=TRUE,
        confarimamodeloaplicadoporc=7782.963
        where confarimacabezalid=68 and
        confarimamodeloaplicadoindice= 5
        and confarimamodeloaplicadoanio = 2024 and confarimamodeloaplicadomes = 12

    
2024-03-12 19:33:04,736 - INFO - updating with  
        update confarimamodeloaplicado
        set procesado=TRUE,
        confarimamodeloaplicadoporc=7782.963
        where confarimacabezalid=68 and
        confarimamodeloaplicadoindice= 5
        and confarimamodeloaplicadoanio = 2024 and confarimamodeloaplicadomes = 13

     for 68
2024-03-12 19:33:04,758 - INFO - updated update_forecast 68
2024-03-12 19:33:04,758 - INFO -  update query  
        update confarimamodeloaplicado
        set procesado=TRUE,
        confarimamodeloaplicadoporc=7782.963
        where confarimacabezalid=68 and
        confarimamodeloaplicadoindice= 5
        and confarimamodeloaplicadoanio = 2024 and confarimamodeloaplicadomes = 13

    
2024-03-12 19:33:04,759 - INFO - updating with  
        update confarimamodeloaplicado
        set procesado=TRUE,
        confarimamodeloaplicadoporc=7782.963
        where confarimacabezalid=68 and
        confarimamodeloaplicadoindice= 5
        and confarimamodeloaplicadoanio = 2024 and confarimamodeloaplicadomes = 14

     for 68
2024-03-12 19:33:04,761 - INFO - updated update_forecast 68
2024-03-12 19:33:04,761 - INFO -  update query  
        update confarimamodeloaplicado
        set procesado=TRUE,
        confarimamodeloaplicadoporc=7782.963
        where confarimacabezalid=68 and
        confarimamodeloaplicadoindice= 5
        and confarimamodeloaplicadoanio = 2024 and confarimamodeloaplicadomes = 14

    
2024-03-12 19:33:04,761 - INFO - updating with  
        update confarimamodeloaplicado
        set procesado=TRUE,
        confarimamodeloaplicadoporc=7782.963
        where confarimacabezalid=68 and
        confarimamodeloaplicadoindice= 5
        and confarimamodeloaplicadoanio = 2024 and confarimamodeloaplicadomes = 15

     for 68
2024-03-12 19:33:04,766 - INFO - updated update_forecast 68
2024-03-12 19:33:04,766 - INFO -  update query  
        update confarimamodeloaplicado
        set procesado=TRUE,
        confarimamodeloaplicadoporc=7782.963
        where confarimacabezalid=68 and
        confarimamodeloaplicadoindice= 5
        and confarimamodeloaplicadoanio = 2024 and confarimamodeloaplicadomes = 15

    
2024-03-12 19:33:04,767 - INFO - updating with  
        update confarimamodeloaplicado
        set procesado=TRUE,
        confarimamodeloaplicadoporc=7782.963
        where confarimacabezalid=68 and
        confarimamodeloaplicadoindice= 5
        and confarimamodeloaplicadoanio = 2024 and confarimamodeloaplicadomes = 16

     for 68
2024-03-12 19:33:04,787 - INFO - updated update_forecast 68
2024-03-12 19:33:04,787 - INFO -  update query  
        update confarimamodeloaplicado
        set procesado=TRUE,
        confarimamodeloaplicadoporc=7782.963
        where confarimacabezalid=68 and
        confarimamodeloaplicadoindice= 5
        and confarimamodeloaplicadoanio = 2024 and confarimamodeloaplicadomes = 16

    
2024-03-12 19:33:04,787 - INFO - updating with  
        update confarimamodeloaplicado
        set procesado=TRUE,
        confarimamodeloaplicadoporc=7782.963
        where confarimacabezalid=68 and
        confarimamodeloaplicadoindice= 5
        and confarimamodeloaplicadoanio = 2024 and confarimamodeloaplicadomes = 17

     for 68
2024-03-12 19:33:04,789 - INFO - updated update_forecast 68
2024-03-12 19:33:04,789 - INFO -  update query  
        update confarimamodeloaplicado
        set procesado=TRUE,
        confarimamodeloaplicadoporc=7782.963
        where confarimacabezalid=68 and
        confarimamodeloaplicadoindice= 5
        and confarimamodeloaplicadoanio = 2024 and confarimamodeloaplicadomes = 17

    
2024-03-12 19:33:04,790 - INFO - updating with  
        update confarimamodeloaplicado
        set procesado=TRUE,
        confarimamodeloaplicadoporc=7782.963
        where confarimacabezalid=68 and
        confarimamodeloaplicadoindice= 5
        and confarimamodeloaplicadoanio = 2024 and confarimamodeloaplicadomes = 18

     for 68
2024-03-12 19:33:04,791 - INFO - updated update_forecast 68
2024-03-12 19:33:04,791 - INFO -  update query  
        update confarimamodeloaplicado
        set procesado=TRUE,
        confarimamodeloaplicadoporc=7782.963
        where confarimacabezalid=68 and
        confarimamodeloaplicadoindice= 5
        and confarimamodeloaplicadoanio = 2024 and confarimamodeloaplicadomes = 18

    
2024-03-12 19:33:04,792 - INFO - updating with  
        update confarimamodeloaplicado
        set procesado=TRUE,
        confarimamodeloaplicadoporc=7782.963
        where confarimacabezalid=68 and
        confarimamodeloaplicadoindice= 5
        and confarimamodeloaplicadoanio = 2025 and confarimamodeloaplicadomes = 1

     for 68
2024-03-12 19:33:04,793 - INFO - updated update_forecast 68
2024-03-12 19:33:04,793 - INFO -  update query  
        update confarimamodeloaplicado
        set procesado=TRUE,
        confarimamodeloaplicadoporc=7782.963
        where confarimacabezalid=68 and
        confarimamodeloaplicadoindice= 5
        and confarimamodeloaplicadoanio = 2025 and confarimamodeloaplicadomes = 1

    
2024-03-12 19:33:04,793 - INFO - updating with  
        update confarimamodeloaplicado
        set procesado=TRUE,
        confarimamodeloaplicadoporc=7782.963
        where confarimacabezalid=68 and
        confarimamodeloaplicadoindice= 5
        and confarimamodeloaplicadoanio = 2025 and confarimamodeloaplicadomes = 2

     for 68
2024-03-12 19:33:04,807 - INFO - updated update_forecast 68
2024-03-12 19:33:04,807 - INFO -  update query  
        update confarimamodeloaplicado
        set procesado=TRUE,
        confarimamodeloaplicadoporc=7782.963
        where confarimacabezalid=68 and
        confarimamodeloaplicadoindice= 5
        and confarimamodeloaplicadoanio = 2025 and confarimamodeloaplicadomes = 2

    
2024-03-12 19:33:04,807 - INFO - updating with  
        update confarimamodeloaplicado
        set procesado=TRUE,
        confarimamodeloaplicadoporc=7782.963
        where confarimacabezalid=68 and
        confarimamodeloaplicadoindice= 5
        and confarimamodeloaplicadoanio = 2025 and confarimamodeloaplicadomes = 3

     for 68
2024-03-12 19:33:04,817 - INFO - updated update_forecast 68
2024-03-12 19:33:04,817 - INFO -  update query  
        update confarimamodeloaplicado
        set procesado=TRUE,
        confarimamodeloaplicadoporc=7782.963
        where confarimacabezalid=68 and
        confarimamodeloaplicadoindice= 5
        and confarimamodeloaplicadoanio = 2025 and confarimamodeloaplicadomes = 3

    
2024-03-12 19:33:04,817 - INFO - updating with  
        update confarimamodeloaplicado
        set procesado=TRUE,
        confarimamodeloaplicadoporc=7782.963
        where confarimacabezalid=68 and
        confarimamodeloaplicadoindice= 5
        and confarimamodeloaplicadoanio = 2025 and confarimamodeloaplicadomes = 4

     for 68
2024-03-12 19:33:04,819 - INFO - updated update_forecast 68
2024-03-12 19:33:04,819 - INFO -  update query  
        update confarimamodeloaplicado
        set procesado=TRUE,
        confarimamodeloaplicadoporc=7782.963
        where confarimacabezalid=68 and
        confarimamodeloaplicadoindice= 5
        and confarimamodeloaplicadoanio = 2025 and confarimamodeloaplicadomes = 4

    
2024-03-12 19:33:04,820 - INFO - updating with  
        update confarimamodeloaplicado
        set procesado=TRUE,
        confarimamodeloaplicadoporc=7782.963
        where confarimacabezalid=68 and
        confarimamodeloaplicadoindice= 5
        and confarimamodeloaplicadoanio = 2025 and confarimamodeloaplicadomes = 5

     for 68
2024-03-12 19:33:04,840 - INFO - updated update_forecast 68
2024-03-12 19:33:04,841 - INFO -  update query  
        update confarimamodeloaplicado
        set procesado=TRUE,
        confarimamodeloaplicadoporc=7782.963
        where confarimacabezalid=68 and
        confarimamodeloaplicadoindice= 5
        and confarimamodeloaplicadoanio = 2025 and confarimamodeloaplicadomes = 5

    
2024-03-12 19:33:04,841 - INFO - updating with  
        update confarimamodeloaplicado
        set procesado=TRUE,
        confarimamodeloaplicadoporc=7782.963
        where confarimacabezalid=68 and
        confarimamodeloaplicadoindice= 5
        and confarimamodeloaplicadoanio = 2025 and confarimamodeloaplicadomes = 6

     for 68
2024-03-12 19:33:04,848 - INFO - updated update_forecast 68
2024-03-12 19:33:04,849 - INFO -  update query  
        update confarimamodeloaplicado
        set procesado=TRUE,
        confarimamodeloaplicadoporc=7782.963
        where confarimacabezalid=68 and
        confarimamodeloaplicadoindice= 5
        and confarimamodeloaplicadoanio = 2025 and confarimamodeloaplicadomes = 6

    
2024-03-12 19:33:04,849 - INFO - updating with  
        update confarimamodeloaplicado
        set procesado=TRUE,
        confarimamodeloaplicadoporc=7782.963
        where confarimacabezalid=68 and
        confarimamodeloaplicadoindice= 5
        and confarimamodeloaplicadoanio = 2025 and confarimamodeloaplicadomes = 7

     for 68
2024-03-12 19:33:04,864 - INFO - updated update_forecast 68
2024-03-12 19:33:04,864 - INFO -  update query  
        update confarimamodeloaplicado
        set procesado=TRUE,
        confarimamodeloaplicadoporc=7782.963
        where confarimacabezalid=68 and
        confarimamodeloaplicadoindice= 5
        and confarimamodeloaplicadoanio = 2025 and confarimamodeloaplicadomes = 7

    
2024-03-12 19:33:04,864 - INFO - updating with  
        update confarimamodeloaplicado
        set procesado=TRUE,
        confarimamodeloaplicadoporc=7782.963
        where confarimacabezalid=68 and
        confarimamodeloaplicadoindice= 5
        and confarimamodeloaplicadoanio = 2025 and confarimamodeloaplicadomes = 8

     for 68
2024-03-12 19:33:04,869 - INFO - updated update_forecast 68
2024-03-12 19:33:04,869 - INFO -  update query  
        update confarimamodeloaplicado
        set procesado=TRUE,
        confarimamodeloaplicadoporc=7782.963
        where confarimacabezalid=68 and
        confarimamodeloaplicadoindice= 5
        and confarimamodeloaplicadoanio = 2025 and confarimamodeloaplicadomes = 8

    
2024-03-12 19:33:04,869 - INFO - updating with  
        update confarimamodeloaplicado
        set procesado=TRUE,
        confarimamodeloaplicadoporc=7782.963
        where confarimacabezalid=68 and
        confarimamodeloaplicadoindice= 5
        and confarimamodeloaplicadoanio = 2025 and confarimamodeloaplicadomes = 9

     for 68
2024-03-12 19:33:04,871 - INFO - updated update_forecast 68
2024-03-12 19:33:04,871 - INFO -  update query  
        update confarimamodeloaplicado
        set procesado=TRUE,
        confarimamodeloaplicadoporc=7782.963
        where confarimacabezalid=68 and
        confarimamodeloaplicadoindice= 5
        and confarimamodeloaplicadoanio = 2025 and confarimamodeloaplicadomes = 9

    
2024-03-12 19:33:04,871 - INFO - updating with  
        update confarimamodeloaplicado
        set procesado=TRUE,
        confarimamodeloaplicadoporc=7782.963
        where confarimacabezalid=68 and
        confarimamodeloaplicadoindice= 5
        and confarimamodeloaplicadoanio = 2025 and confarimamodeloaplicadomes = 10

     for 68
2024-03-12 19:33:04,879 - INFO - updated update_forecast 68
2024-03-12 19:33:04,879 - INFO -  update query  
        update confarimamodeloaplicado
        set procesado=TRUE,
        confarimamodeloaplicadoporc=7782.963
        where confarimacabezalid=68 and
        confarimamodeloaplicadoindice= 5
        and confarimamodeloaplicadoanio = 2025 and confarimamodeloaplicadomes = 10

    
2024-03-12 19:33:04,879 - INFO - updating with  
        update confarimamodeloaplicado
        set procesado=TRUE,
        confarimamodeloaplicadoporc=7782.963
        where confarimacabezalid=68 and
        confarimamodeloaplicadoindice= 5
        and confarimamodeloaplicadoanio = 2025 and confarimamodeloaplicadomes = 11

     for 68
2024-03-12 19:33:04,898 - INFO - updated update_forecast 68
2024-03-12 19:33:04,898 - INFO -  update query  
        update confarimamodeloaplicado
        set procesado=TRUE,
        confarimamodeloaplicadoporc=7782.963
        where confarimacabezalid=68 and
        confarimamodeloaplicadoindice= 5
        and confarimamodeloaplicadoanio = 2025 and confarimamodeloaplicadomes = 11

    
2024-03-12 19:33:04,898 - INFO - updating with  
        update confarimamodeloaplicado
        set procesado=TRUE,
        confarimamodeloaplicadoporc=7782.963
        where confarimacabezalid=68 and
        confarimamodeloaplicadoindice= 5
        and confarimamodeloaplicadoanio = 2025 and confarimamodeloaplicadomes = 12

     for 68
2024-03-12 19:33:04,902 - INFO - updated update_forecast 68
2024-03-12 19:33:04,902 - INFO -  update query  
        update confarimamodeloaplicado
        set procesado=TRUE,
        confarimamodeloaplicadoporc=7782.963
        where confarimacabezalid=68 and
        confarimamodeloaplicadoindice= 5
        and confarimamodeloaplicadoanio = 2025 and confarimamodeloaplicadomes = 12

    
2024-03-12 19:33:04,902 - INFO - updating with  
        update confarimamodeloaplicado
        set procesado=TRUE,
        confarimamodeloaplicadoporc=7782.963
        where confarimacabezalid=68 and
        confarimamodeloaplicadoindice= 5
        and confarimamodeloaplicadoanio = 2025 and confarimamodeloaplicadomes = 13

     for 68
2024-03-12 19:33:04,918 - INFO - updated update_forecast 68
2024-03-12 19:33:04,918 - INFO -  update query  
        update confarimamodeloaplicado
        set procesado=TRUE,
        confarimamodeloaplicadoporc=7782.963
        where confarimacabezalid=68 and
        confarimamodeloaplicadoindice= 5
        and confarimamodeloaplicadoanio = 2025 and confarimamodeloaplicadomes = 13

    
2024-03-12 19:33:04,919 - INFO - updating with  
        update confarimamodeloaplicado
        set procesado=TRUE,
        confarimamodeloaplicadoporc=7782.963
        where confarimacabezalid=68 and
        confarimamodeloaplicadoindice= 5
        and confarimamodeloaplicadoanio = 2025 and confarimamodeloaplicadomes = 14

     for 68
2024-03-12 19:33:04,941 - INFO - updated update_forecast 68
2024-03-12 19:33:04,941 - INFO -  update query  
        update confarimamodeloaplicado
        set procesado=TRUE,
        confarimamodeloaplicadoporc=7782.963
        where confarimacabezalid=68 and
        confarimamodeloaplicadoindice= 5
        and confarimamodeloaplicadoanio = 2025 and confarimamodeloaplicadomes = 14

    
2024-03-12 19:33:04,942 - INFO - updating with  
        update confarimamodeloaplicado
        set procesado=TRUE,
        confarimamodeloaplicadoporc=7782.963
        where confarimacabezalid=68 and
        confarimamodeloaplicadoindice= 5
        and confarimamodeloaplicadoanio = 2025 and confarimamodeloaplicadomes = 15

     for 68
2024-03-12 19:33:04,944 - INFO - updated update_forecast 68
2024-03-12 19:33:04,944 - INFO -  update query  
        update confarimamodeloaplicado
        set procesado=TRUE,
        confarimamodeloaplicadoporc=7782.963
        where confarimacabezalid=68 and
        confarimamodeloaplicadoindice= 5
        and confarimamodeloaplicadoanio = 2025 and confarimamodeloaplicadomes = 15

    
2024-03-12 19:33:04,944 - INFO - updating with  
        update confarimamodeloaplicado
        set procesado=TRUE,
        confarimamodeloaplicadoporc=7782.963
        where confarimacabezalid=68 and
        confarimamodeloaplicadoindice= 5
        and confarimamodeloaplicadoanio = 2025 and confarimamodeloaplicadomes = 16

     for 68
2024-03-12 19:33:04,946 - INFO - updated update_forecast 68
2024-03-12 19:33:04,946 - INFO -  update query  
        update confarimamodeloaplicado
        set procesado=TRUE,
        confarimamodeloaplicadoporc=7782.963
        where confarimacabezalid=68 and
        confarimamodeloaplicadoindice= 5
        and confarimamodeloaplicadoanio = 2025 and confarimamodeloaplicadomes = 16

    
2024-03-12 19:33:04,947 - INFO - updating with  
        update confarimamodeloaplicado
        set procesado=TRUE,
        confarimamodeloaplicadoporc=7782.963
        where confarimacabezalid=68 and
        confarimamodeloaplicadoindice= 5
        and confarimamodeloaplicadoanio = 2025 and confarimamodeloaplicadomes = 17

     for 68
2024-03-12 19:33:04,949 - INFO - updated update_forecast 68
2024-03-12 19:33:04,949 - INFO -  update query  
        update confarimamodeloaplicado
        set procesado=TRUE,
        confarimamodeloaplicadoporc=7782.963
        where confarimacabezalid=68 and
        confarimamodeloaplicadoindice= 5
        and confarimamodeloaplicadoanio = 2025 and confarimamodeloaplicadomes = 17

    
2024-03-12 19:33:04,949 - INFO - updating with  
        update confarimamodeloaplicado
        set procesado=TRUE,
        confarimamodeloaplicadoporc=7782.963
        where confarimacabezalid=68 and
        confarimamodeloaplicadoindice= 5
        and confarimamodeloaplicadoanio = 2025 and confarimamodeloaplicadomes = 18

     for 68
2024-03-12 19:33:04,970 - INFO - updated update_forecast 68
2024-03-12 19:33:04,970 - INFO -  update query  
        update confarimamodeloaplicado
        set procesado=TRUE,
        confarimamodeloaplicadoporc=7782.963
        where confarimacabezalid=68 and
        confarimamodeloaplicadoindice= 5
        and confarimamodeloaplicadoanio = 2025 and confarimamodeloaplicadomes = 18

    
2024-03-12 19:33:04,970 - INFO - updating with  
        update confarimamodeloaplicado
        set procesado=TRUE,
        confarimamodeloaplicadoporc=7782.963
        where confarimacabezalid=68 and
        confarimamodeloaplicadoindice= 5
        and confarimamodeloaplicadoanio = 2026 and confarimamodeloaplicadomes = 1

     for 68
2024-03-12 19:33:04,989 - INFO - updated update_forecast 68
2024-03-12 19:33:04,989 - INFO -  update query  
        update confarimamodeloaplicado
        set procesado=TRUE,
        confarimamodeloaplicadoporc=7782.963
        where confarimacabezalid=68 and
        confarimamodeloaplicadoindice= 5
        and confarimamodeloaplicadoanio = 2026 and confarimamodeloaplicadomes = 1

    
2024-03-12 19:33:04,989 - INFO - updating with  
        update confarimamodeloaplicado
        set procesado=TRUE,
        confarimamodeloaplicadoporc=7782.963
        where confarimacabezalid=68 and
        confarimamodeloaplicadoindice= 5
        and confarimamodeloaplicadoanio = 2026 and confarimamodeloaplicadomes = 2

     for 68
2024-03-12 19:33:05,011 - INFO - updated update_forecast 68
2024-03-12 19:33:05,011 - INFO -  update query  
        update confarimamodeloaplicado
        set procesado=TRUE,
        confarimamodeloaplicadoporc=7782.963
        where confarimacabezalid=68 and
        confarimamodeloaplicadoindice= 5
        and confarimamodeloaplicadoanio = 2026 and confarimamodeloaplicadomes = 2

    
2024-03-12 19:33:05,011 - INFO - updating with  
        update confarimamodeloaplicado
        set procesado=TRUE,
        confarimamodeloaplicadoporc=7782.963
        where confarimacabezalid=68 and
        confarimamodeloaplicadoindice= 5
        and confarimamodeloaplicadoanio = 2026 and confarimamodeloaplicadomes = 3

     for 68
2024-03-12 19:33:05,031 - INFO - updated update_forecast 68
2024-03-12 19:33:05,032 - INFO -  update query  
        update confarimamodeloaplicado
        set procesado=TRUE,
        confarimamodeloaplicadoporc=7782.963
        where confarimacabezalid=68 and
        confarimamodeloaplicadoindice= 5
        and confarimamodeloaplicadoanio = 2026 and confarimamodeloaplicadomes = 3

    
2024-03-12 19:33:05,032 - INFO - updating with  
        update confarimamodeloaplicado
        set procesado=TRUE,
        confarimamodeloaplicadoporc=7782.963
        where confarimacabezalid=68 and
        confarimamodeloaplicadoindice= 5
        and confarimamodeloaplicadoanio = 2026 and confarimamodeloaplicadomes = 4

     for 68
2024-03-12 19:33:05,039 - INFO - updated update_forecast 68
2024-03-12 19:33:05,039 - INFO -  update query  
        update confarimamodeloaplicado
        set procesado=TRUE,
        confarimamodeloaplicadoporc=7782.963
        where confarimacabezalid=68 and
        confarimamodeloaplicadoindice= 5
        and confarimamodeloaplicadoanio = 2026 and confarimamodeloaplicadomes = 4

    
2024-03-12 19:33:05,039 - INFO - updating with  
        update confarimamodeloaplicado
        set procesado=TRUE,
        confarimamodeloaplicadoporc=7782.963
        where confarimacabezalid=68 and
        confarimamodeloaplicadoindice= 5
        and confarimamodeloaplicadoanio = 2026 and confarimamodeloaplicadomes = 5

     for 68
2024-03-12 19:33:05,059 - INFO - updated update_forecast 68
2024-03-12 19:33:05,059 - INFO -  update query  
        update confarimamodeloaplicado
        set procesado=TRUE,
        confarimamodeloaplicadoporc=7782.963
        where confarimacabezalid=68 and
        confarimamodeloaplicadoindice= 5
        and confarimamodeloaplicadoanio = 2026 and confarimamodeloaplicadomes = 5

    
2024-03-12 19:33:05,059 - INFO - updating with  
        update confarimamodeloaplicado
        set procesado=TRUE,
        confarimamodeloaplicadoporc=7782.963
        where confarimacabezalid=68 and
        confarimamodeloaplicadoindice= 5
        and confarimamodeloaplicadoanio = 2026 and confarimamodeloaplicadomes = 6

     for 68
2024-03-12 19:33:05,078 - INFO - updated update_forecast 68
2024-03-12 19:33:05,078 - INFO -  update query  
        update confarimamodeloaplicado
        set procesado=TRUE,
        confarimamodeloaplicadoporc=7782.963
        where confarimacabezalid=68 and
        confarimamodeloaplicadoindice= 5
        and confarimamodeloaplicadoanio = 2026 and confarimamodeloaplicadomes = 6

    
2024-03-12 19:33:05,078 - INFO - updating with  
        update confarimamodeloaplicado
        set procesado=TRUE,
        confarimamodeloaplicadoporc=7782.963
        where confarimacabezalid=68 and
        confarimamodeloaplicadoindice= 5
        and confarimamodeloaplicadoanio = 2026 and confarimamodeloaplicadomes = 7

     for 68
2024-03-12 19:33:05,081 - INFO - updated update_forecast 68
2024-03-12 19:33:05,082 - INFO -  update query  
        update confarimamodeloaplicado
        set procesado=TRUE,
        confarimamodeloaplicadoporc=7782.963
        where confarimacabezalid=68 and
        confarimamodeloaplicadoindice= 5
        and confarimamodeloaplicadoanio = 2026 and confarimamodeloaplicadomes = 7

    
2024-03-12 19:33:05,082 - INFO - updating with  
        update confarimamodeloaplicado
        set procesado=TRUE,
        confarimamodeloaplicadoporc=7782.963
        where confarimacabezalid=68 and
        confarimamodeloaplicadoindice= 5
        and confarimamodeloaplicadoanio = 2026 and confarimamodeloaplicadomes = 8

     for 68
2024-03-12 19:33:05,084 - INFO - updated update_forecast 68
2024-03-12 19:33:05,084 - INFO -  update query  
        update confarimamodeloaplicado
        set procesado=TRUE,
        confarimamodeloaplicadoporc=7782.963
        where confarimacabezalid=68 and
        confarimamodeloaplicadoindice= 5
        and confarimamodeloaplicadoanio = 2026 and confarimamodeloaplicadomes = 8

    
2024-03-12 19:33:05,084 - INFO - updating with  
        update confarimamodeloaplicado
        set procesado=TRUE,
        confarimamodeloaplicadoporc=7782.963
        where confarimacabezalid=68 and
        confarimamodeloaplicadoindice= 5
        and confarimamodeloaplicadoanio = 2026 and confarimamodeloaplicadomes = 9

     for 68
2024-03-12 19:33:05,086 - INFO - updated update_forecast 68
2024-03-12 19:33:05,086 - INFO -  update query  
        update confarimamodeloaplicado
        set procesado=TRUE,
        confarimamodeloaplicadoporc=7782.963
        where confarimacabezalid=68 and
        confarimamodeloaplicadoindice= 5
        and confarimamodeloaplicadoanio = 2026 and confarimamodeloaplicadomes = 9

    
2024-03-12 19:33:05,086 - INFO - updating with  
        update confarimamodeloaplicado
        set procesado=TRUE,
        confarimamodeloaplicadoporc=7782.963
        where confarimacabezalid=68 and
        confarimamodeloaplicadoindice= 5
        and confarimamodeloaplicadoanio = 2026 and confarimamodeloaplicadomes = 10

     for 68
2024-03-12 19:33:05,087 - INFO - updated update_forecast 68
2024-03-12 19:33:05,087 - INFO -  update query  
        update confarimamodeloaplicado
        set procesado=TRUE,
        confarimamodeloaplicadoporc=7782.963
        where confarimacabezalid=68 and
        confarimamodeloaplicadoindice= 5
        and confarimamodeloaplicadoanio = 2026 and confarimamodeloaplicadomes = 10

    
2024-03-12 19:33:05,088 - INFO - updating with  
        update confarimamodeloaplicado
        set procesado=TRUE,
        confarimamodeloaplicadoporc=7782.963
        where confarimacabezalid=68 and
        confarimamodeloaplicadoindice= 5
        and confarimamodeloaplicadoanio = 2026 and confarimamodeloaplicadomes = 11

     for 68
2024-03-12 19:33:05,089 - INFO - updated update_forecast 68
2024-03-12 19:33:05,090 - INFO -  update query  
        update confarimamodeloaplicado
        set procesado=TRUE,
        confarimamodeloaplicadoporc=7782.963
        where confarimacabezalid=68 and
        confarimamodeloaplicadoindice= 5
        and confarimamodeloaplicadoanio = 2026 and confarimamodeloaplicadomes = 11

    
2024-03-12 19:33:05,090 - INFO - updating with  
        update confarimamodeloaplicado
        set procesado=TRUE,
        confarimamodeloaplicadoporc=7782.963
        where confarimacabezalid=68 and
        confarimamodeloaplicadoindice= 5
        and confarimamodeloaplicadoanio = 2026 and confarimamodeloaplicadomes = 12

     for 68
2024-03-12 19:33:05,092 - INFO - updated update_forecast 68
2024-03-12 19:33:05,092 - INFO -  update query  
        update confarimamodeloaplicado
        set procesado=TRUE,
        confarimamodeloaplicadoporc=7782.963
        where confarimacabezalid=68 and
        confarimamodeloaplicadoindice= 5
        and confarimamodeloaplicadoanio = 2026 and confarimamodeloaplicadomes = 12

    
2024-03-12 19:33:05,092 - INFO - updating with  
        update confarimamodeloaplicado
        set procesado=TRUE,
        confarimamodeloaplicadoporc=7782.963
        where confarimacabezalid=68 and
        confarimamodeloaplicadoindice= 5
        and confarimamodeloaplicadoanio = 2026 and confarimamodeloaplicadomes = 13

     for 68
2024-03-12 19:33:05,104 - INFO - updated update_forecast 68
2024-03-12 19:33:05,104 - INFO -  update query  
        update confarimamodeloaplicado
        set procesado=TRUE,
        confarimamodeloaplicadoporc=7782.963
        where confarimacabezalid=68 and
        confarimamodeloaplicadoindice= 5
        and confarimamodeloaplicadoanio = 2026 and confarimamodeloaplicadomes = 13

    
2024-03-12 19:33:05,104 - INFO - updating with  
        update confarimamodeloaplicado
        set procesado=TRUE,
        confarimamodeloaplicadoporc=7782.963
        where confarimacabezalid=68 and
        confarimamodeloaplicadoindice= 5
        and confarimamodeloaplicadoanio = 2026 and confarimamodeloaplicadomes = 14

     for 68
2024-03-12 19:33:05,124 - INFO - updated update_forecast 68
2024-03-12 19:33:05,124 - INFO -  update query  
        update confarimamodeloaplicado
        set procesado=TRUE,
        confarimamodeloaplicadoporc=7782.963
        where confarimacabezalid=68 and
        confarimamodeloaplicadoindice= 5
        and confarimamodeloaplicadoanio = 2026 and confarimamodeloaplicadomes = 14

    
2024-03-12 19:33:05,124 - INFO - updating with  
        update confarimamodeloaplicado
        set procesado=TRUE,
        confarimamodeloaplicadoporc=7782.963
        where confarimacabezalid=68 and
        confarimamodeloaplicadoindice= 5
        and confarimamodeloaplicadoanio = 2026 and confarimamodeloaplicadomes = 15

     for 68
2024-03-12 19:33:05,127 - INFO - updated update_forecast 68
2024-03-12 19:33:05,128 - INFO -  update query  
        update confarimamodeloaplicado
        set procesado=TRUE,
        confarimamodeloaplicadoporc=7782.963
        where confarimacabezalid=68 and
        confarimamodeloaplicadoindice= 5
        and confarimamodeloaplicadoanio = 2026 and confarimamodeloaplicadomes = 15

    
2024-03-12 19:33:05,128 - INFO - updating with  
        update confarimamodeloaplicado
        set procesado=TRUE,
        confarimamodeloaplicadoporc=7782.963
        where confarimacabezalid=68 and
        confarimamodeloaplicadoindice= 5
        and confarimamodeloaplicadoanio = 2026 and confarimamodeloaplicadomes = 16

     for 68
2024-03-12 19:33:05,130 - INFO - updated update_forecast 68
2024-03-12 19:33:05,130 - INFO -  update query  
        update confarimamodeloaplicado
        set procesado=TRUE,
        confarimamodeloaplicadoporc=7782.963
        where confarimacabezalid=68 and
        confarimamodeloaplicadoindice= 5
        and confarimamodeloaplicadoanio = 2026 and confarimamodeloaplicadomes = 16

    
2024-03-12 19:33:05,130 - INFO - updating with  
        update confarimamodeloaplicado
        set procesado=TRUE,
        confarimamodeloaplicadoporc=7782.963
        where confarimacabezalid=68 and
        confarimamodeloaplicadoindice= 5
        and confarimamodeloaplicadoanio = 2026 and confarimamodeloaplicadomes = 17

     for 68
2024-03-12 19:33:05,133 - INFO - updated update_forecast 68
2024-03-12 19:33:05,133 - INFO -  update query  
        update confarimamodeloaplicado
        set procesado=TRUE,
        confarimamodeloaplicadoporc=7782.963
        where confarimacabezalid=68 and
        confarimamodeloaplicadoindice= 5
        and confarimamodeloaplicadoanio = 2026 and confarimamodeloaplicadomes = 17

    
2024-03-12 19:33:05,133 - INFO - updating with  
        update confarimamodeloaplicado
        set procesado=TRUE,
        confarimamodeloaplicadoporc=7782.963
        where confarimacabezalid=68 and
        confarimamodeloaplicadoindice= 5
        and confarimamodeloaplicadoanio = 2026 and confarimamodeloaplicadomes = 18

     for 68
2024-03-12 19:33:05,146 - INFO - updated update_forecast 68
2024-03-12 19:33:05,146 - INFO -  update query  
        update confarimamodeloaplicado
        set procesado=TRUE,
        confarimamodeloaplicadoporc=7782.963
        where confarimacabezalid=68 and
        confarimamodeloaplicadoindice= 5
        and confarimamodeloaplicadoanio = 2026 and confarimamodeloaplicadomes = 18

    
2024-03-12 19:33:05,147 - INFO - updating with  
        update confarimamodeloaplicado
        set procesado=TRUE,
        confarimamodeloaplicadoporc=7782.963
        where confarimacabezalid=68 and
        confarimamodeloaplicadoindice= 5
        and confarimamodeloaplicadoanio = 2027 and confarimamodeloaplicadomes = 1

     for 68
2024-03-12 19:33:05,155 - INFO - updated update_forecast 68
2024-03-12 19:33:05,156 - INFO -  update query  
        update confarimamodeloaplicado
        set procesado=TRUE,
        confarimamodeloaplicadoporc=7782.963
        where confarimacabezalid=68 and
        confarimamodeloaplicadoindice= 5
        and confarimamodeloaplicadoanio = 2027 and confarimamodeloaplicadomes = 1

    
2024-03-12 19:33:05,156 - INFO - updating with  
        update confarimamodeloaplicado
        set procesado=TRUE,
        confarimamodeloaplicadoporc=7782.963
        where confarimacabezalid=68 and
        confarimamodeloaplicadoindice= 5
        and confarimamodeloaplicadoanio = 2027 and confarimamodeloaplicadomes = 2

     for 68
2024-03-12 19:33:05,175 - INFO - updated update_forecast 68
2024-03-12 19:33:05,176 - INFO -  update query  
        update confarimamodeloaplicado
        set procesado=TRUE,
        confarimamodeloaplicadoporc=7782.963
        where confarimacabezalid=68 and
        confarimamodeloaplicadoindice= 5
        and confarimamodeloaplicadoanio = 2027 and confarimamodeloaplicadomes = 2

    
2024-03-12 19:33:05,176 - INFO - updating with  
        update confarimamodeloaplicado
        set procesado=TRUE,
        confarimamodeloaplicadoporc=7782.963
        where confarimacabezalid=68 and
        confarimamodeloaplicadoindice= 5
        and confarimamodeloaplicadoanio = 2027 and confarimamodeloaplicadomes = 3

     for 68
2024-03-12 19:33:05,192 - INFO - updated update_forecast 68
2024-03-12 19:33:05,192 - INFO -  update query  
        update confarimamodeloaplicado
        set procesado=TRUE,
        confarimamodeloaplicadoporc=7782.963
        where confarimacabezalid=68 and
        confarimamodeloaplicadoindice= 5
        and confarimamodeloaplicadoanio = 2027 and confarimamodeloaplicadomes = 3

    
2024-03-12 19:33:05,192 - INFO - updating with  
        update confarimamodeloaplicado
        set procesado=TRUE,
        confarimamodeloaplicadoporc=7782.963
        where confarimacabezalid=68 and
        confarimamodeloaplicadoindice= 5
        and confarimamodeloaplicadoanio = 2027 and confarimamodeloaplicadomes = 4

     for 68
2024-03-12 19:33:05,208 - INFO - updated update_forecast 68
2024-03-12 19:33:05,208 - INFO -  update query  
        update confarimamodeloaplicado
        set procesado=TRUE,
        confarimamodeloaplicadoporc=7782.963
        where confarimacabezalid=68 and
        confarimamodeloaplicadoindice= 5
        and confarimamodeloaplicadoanio = 2027 and confarimamodeloaplicadomes = 4

    
2024-03-12 19:33:05,208 - INFO - updating with  
        update confarimamodeloaplicado
        set procesado=TRUE,
        confarimamodeloaplicadoporc=7782.963
        where confarimacabezalid=68 and
        confarimamodeloaplicadoindice= 5
        and confarimamodeloaplicadoanio = 2027 and confarimamodeloaplicadomes = 5

     for 68
2024-03-12 19:33:05,235 - INFO - updated update_forecast 68
2024-03-12 19:33:05,235 - INFO -  update query  
        update confarimamodeloaplicado
        set procesado=TRUE,
        confarimamodeloaplicadoporc=7782.963
        where confarimacabezalid=68 and
        confarimamodeloaplicadoindice= 5
        and confarimamodeloaplicadoanio = 2027 and confarimamodeloaplicadomes = 5

    
2024-03-12 19:33:05,235 - INFO - updating with  
        update confarimamodeloaplicado
        set procesado=TRUE,
        confarimamodeloaplicadoporc=7782.963
        where confarimacabezalid=68 and
        confarimamodeloaplicadoindice= 5
        and confarimamodeloaplicadoanio = 2027 and confarimamodeloaplicadomes = 6

     for 68
2024-03-12 19:33:05,237 - INFO - updated update_forecast 68
2024-03-12 19:33:05,237 - INFO -  update query  
        update confarimamodeloaplicado
        set procesado=TRUE,
        confarimamodeloaplicadoporc=7782.963
        where confarimacabezalid=68 and
        confarimamodeloaplicadoindice= 5
        and confarimamodeloaplicadoanio = 2027 and confarimamodeloaplicadomes = 6

    
2024-03-12 19:33:05,237 - INFO - updating with  
        update confarimamodeloaplicado
        set procesado=TRUE,
        confarimamodeloaplicadoporc=7782.963
        where confarimacabezalid=68 and
        confarimamodeloaplicadoindice= 5
        and confarimamodeloaplicadoanio = 2027 and confarimamodeloaplicadomes = 7

     for 68
2024-03-12 19:33:05,239 - INFO - updated update_forecast 68
2024-03-12 19:33:05,239 - INFO -  update query  
        update confarimamodeloaplicado
        set procesado=TRUE,
        confarimamodeloaplicadoporc=7782.963
        where confarimacabezalid=68 and
        confarimamodeloaplicadoindice= 5
        and confarimamodeloaplicadoanio = 2027 and confarimamodeloaplicadomes = 7

    
2024-03-12 19:33:05,239 - INFO - updating with  
        update confarimamodeloaplicado
        set procesado=TRUE,
        confarimamodeloaplicadoporc=7782.963
        where confarimacabezalid=68 and
        confarimamodeloaplicadoindice= 5
        and confarimamodeloaplicadoanio = 2027 and confarimamodeloaplicadomes = 8

     for 68
2024-03-12 19:33:05,240 - INFO - updated update_forecast 68
2024-03-12 19:33:05,241 - INFO -  update query  
        update confarimamodeloaplicado
        set procesado=TRUE,
        confarimamodeloaplicadoporc=7782.963
        where confarimacabezalid=68 and
        confarimamodeloaplicadoindice= 5
        and confarimamodeloaplicadoanio = 2027 and confarimamodeloaplicadomes = 8

    
2024-03-12 19:33:05,241 - INFO - updating with  
        update confarimamodeloaplicado
        set procesado=TRUE,
        confarimamodeloaplicadoporc=7782.963
        where confarimacabezalid=68 and
        confarimamodeloaplicadoindice= 5
        and confarimamodeloaplicadoanio = 2027 and confarimamodeloaplicadomes = 9

     for 68
2024-03-12 19:33:05,242 - INFO - updated update_forecast 68
2024-03-12 19:33:05,242 - INFO -  update query  
        update confarimamodeloaplicado
        set procesado=TRUE,
        confarimamodeloaplicadoporc=7782.963
        where confarimacabezalid=68 and
        confarimamodeloaplicadoindice= 5
        and confarimamodeloaplicadoanio = 2027 and confarimamodeloaplicadomes = 9

    
2024-03-12 19:33:05,243 - INFO - updating with  
        update confarimamodeloaplicado
        set procesado=TRUE,
        confarimamodeloaplicadoporc=7782.963
        where confarimacabezalid=68 and
        confarimamodeloaplicadoindice= 5
        and confarimamodeloaplicadoanio = 2027 and confarimamodeloaplicadomes = 10

     for 68
2024-03-12 19:33:05,244 - INFO - updated update_forecast 68
2024-03-12 19:33:05,244 - INFO -  update query  
        update confarimamodeloaplicado
        set procesado=TRUE,
        confarimamodeloaplicadoporc=7782.963
        where confarimacabezalid=68 and
        confarimamodeloaplicadoindice= 5
        and confarimamodeloaplicadoanio = 2027 and confarimamodeloaplicadomes = 10

    
2024-03-12 19:33:05,244 - INFO - updating with  
        update confarimamodeloaplicado
        set procesado=TRUE,
        confarimamodeloaplicadoporc=7782.963
        where confarimacabezalid=68 and
        confarimamodeloaplicadoindice= 5
        and confarimamodeloaplicadoanio = 2027 and confarimamodeloaplicadomes = 11

     for 68
2024-03-12 19:33:05,246 - INFO - updated update_forecast 68
2024-03-12 19:33:05,246 - INFO -  update query  
        update confarimamodeloaplicado
        set procesado=TRUE,
        confarimamodeloaplicadoporc=7782.963
        where confarimacabezalid=68 and
        confarimamodeloaplicadoindice= 5
        and confarimamodeloaplicadoanio = 2027 and confarimamodeloaplicadomes = 11

    
2024-03-12 19:33:05,246 - INFO - updating with  
        update confarimamodeloaplicado
        set procesado=TRUE,
        confarimamodeloaplicadoporc=7782.963
        where confarimacabezalid=68 and
        confarimamodeloaplicadoindice= 5
        and confarimamodeloaplicadoanio = 2027 and confarimamodeloaplicadomes = 12

     for 68
2024-03-12 19:33:05,250 - INFO - updated update_forecast 68
2024-03-12 19:33:05,250 - INFO -  update query  
        update confarimamodeloaplicado
        set procesado=TRUE,
        confarimamodeloaplicadoporc=7782.963
        where confarimacabezalid=68 and
        confarimamodeloaplicadoindice= 5
        and confarimamodeloaplicadoanio = 2027 and confarimamodeloaplicadomes = 12

    
2024-03-12 19:33:05,250 - INFO - updating with  
        update confarimamodeloaplicado
        set procesado=TRUE,
        confarimamodeloaplicadoporc=7782.963
        where confarimacabezalid=68 and
        confarimamodeloaplicadoindice= 5
        and confarimamodeloaplicadoanio = 2027 and confarimamodeloaplicadomes = 13

     for 68
2024-03-12 19:33:05,268 - INFO - updated update_forecast 68
2024-03-12 19:33:05,268 - INFO -  update query  
        update confarimamodeloaplicado
        set procesado=TRUE,
        confarimamodeloaplicadoporc=7782.963
        where confarimacabezalid=68 and
        confarimamodeloaplicadoindice= 5
        and confarimamodeloaplicadoanio = 2027 and confarimamodeloaplicadomes = 13

    
2024-03-12 19:33:05,268 - INFO - updating with  
        update confarimamodeloaplicado
        set procesado=TRUE,
        confarimamodeloaplicadoporc=7782.963
        where confarimacabezalid=68 and
        confarimamodeloaplicadoindice= 5
        and confarimamodeloaplicadoanio = 2027 and confarimamodeloaplicadomes = 14

     for 68
2024-03-12 19:33:05,272 - INFO - updated update_forecast 68
2024-03-12 19:33:05,273 - INFO -  update query  
        update confarimamodeloaplicado
        set procesado=TRUE,
        confarimamodeloaplicadoporc=7782.963
        where confarimacabezalid=68 and
        confarimamodeloaplicadoindice= 5
        and confarimamodeloaplicadoanio = 2027 and confarimamodeloaplicadomes = 14

    
2024-03-12 19:33:05,273 - INFO - updating with  
        update confarimamodeloaplicado
        set procesado=TRUE,
        confarimamodeloaplicadoporc=7782.963
        where confarimacabezalid=68 and
        confarimamodeloaplicadoindice= 5
        and confarimamodeloaplicadoanio = 2027 and confarimamodeloaplicadomes = 15

     for 68
2024-03-12 19:33:05,277 - INFO - updated update_forecast 68
2024-03-12 19:33:05,277 - INFO -  update query  
        update confarimamodeloaplicado
        set procesado=TRUE,
        confarimamodeloaplicadoporc=7782.963
        where confarimacabezalid=68 and
        confarimamodeloaplicadoindice= 5
        and confarimamodeloaplicadoanio = 2027 and confarimamodeloaplicadomes = 15

    
2024-03-12 19:33:05,278 - INFO - updating with  
        update confarimamodeloaplicado
        set procesado=TRUE,
        confarimamodeloaplicadoporc=7782.963
        where confarimacabezalid=68 and
        confarimamodeloaplicadoindice= 5
        and confarimamodeloaplicadoanio = 2027 and confarimamodeloaplicadomes = 16

     for 68
2024-03-12 19:33:05,289 - INFO - updated update_forecast 68
2024-03-12 19:33:05,289 - INFO -  update query  
        update confarimamodeloaplicado
        set procesado=TRUE,
        confarimamodeloaplicadoporc=7782.963
        where confarimacabezalid=68 and
        confarimamodeloaplicadoindice= 5
        and confarimamodeloaplicadoanio = 2027 and confarimamodeloaplicadomes = 16

    
2024-03-12 19:33:05,289 - INFO - updating with  
        update confarimamodeloaplicado
        set procesado=TRUE,
        confarimamodeloaplicadoporc=7782.963
        where confarimacabezalid=68 and
        confarimamodeloaplicadoindice= 5
        and confarimamodeloaplicadoanio = 2027 and confarimamodeloaplicadomes = 17

     for 68
2024-03-12 19:33:05,299 - INFO - updated update_forecast 68
2024-03-12 19:33:05,299 - INFO -  update query  
        update confarimamodeloaplicado
        set procesado=TRUE,
        confarimamodeloaplicadoporc=7782.963
        where confarimacabezalid=68 and
        confarimamodeloaplicadoindice= 5
        and confarimamodeloaplicadoanio = 2027 and confarimamodeloaplicadomes = 17

    
2024-03-12 19:33:05,299 - INFO - updating with  
        update confarimamodeloaplicado
        set procesado=TRUE,
        confarimamodeloaplicadoporc=7782.963
        where confarimacabezalid=68 and
        confarimamodeloaplicadoindice= 5
        and confarimamodeloaplicadoanio = 2027 and confarimamodeloaplicadomes = 18

     for 68
2024-03-12 19:33:05,308 - INFO - updated update_forecast 68
2024-03-12 19:33:05,308 - INFO -  update query  
        update confarimamodeloaplicado
        set procesado=TRUE,
        confarimamodeloaplicadoporc=7782.963
        where confarimacabezalid=68 and
        confarimamodeloaplicadoindice= 5
        and confarimamodeloaplicadoanio = 2027 and confarimamodeloaplicadomes = 18

    
2024-03-12 19:33:05,309 - INFO - updating with  
        update confarimamodeloaplicado
        set procesado=TRUE,
        confarimamodeloaplicadoporc=7782.963
        where confarimacabezalid=68 and
        confarimamodeloaplicadoindice= 5
        and confarimamodeloaplicadoanio = 2028 and confarimamodeloaplicadomes = 1

     for 68
2024-03-12 19:33:05,335 - INFO - updated update_forecast 68
2024-03-12 19:33:05,336 - INFO -  update query  
        update confarimamodeloaplicado
        set procesado=TRUE,
        confarimamodeloaplicadoporc=7782.963
        where confarimacabezalid=68 and
        confarimamodeloaplicadoindice= 5
        and confarimamodeloaplicadoanio = 2028 and confarimamodeloaplicadomes = 1

    
2024-03-12 19:33:05,336 - INFO - updating with  
        update confarimamodeloaplicado
        set procesado=TRUE,
        confarimamodeloaplicadoporc=7782.963
        where confarimacabezalid=68 and
        confarimamodeloaplicadoindice= 5
        and confarimamodeloaplicadoanio = 2028 and confarimamodeloaplicadomes = 2

     for 68
2024-03-12 19:33:05,338 - INFO - updated update_forecast 68
2024-03-12 19:33:05,338 - INFO -  update query  
        update confarimamodeloaplicado
        set procesado=TRUE,
        confarimamodeloaplicadoporc=7782.963
        where confarimacabezalid=68 and
        confarimamodeloaplicadoindice= 5
        and confarimamodeloaplicadoanio = 2028 and confarimamodeloaplicadomes = 2

    
2024-03-12 19:33:05,338 - INFO - updating with  
        update confarimamodeloaplicado
        set procesado=TRUE,
        confarimamodeloaplicadoporc=7782.963
        where confarimacabezalid=68 and
        confarimamodeloaplicadoindice= 5
        and confarimamodeloaplicadoanio = 2028 and confarimamodeloaplicadomes = 3

     for 68
2024-03-12 19:33:05,354 - INFO - updated update_forecast 68
2024-03-12 19:33:05,354 - INFO -  update query  
        update confarimamodeloaplicado
        set procesado=TRUE,
        confarimamodeloaplicadoporc=7782.963
        where confarimacabezalid=68 and
        confarimamodeloaplicadoindice= 5
        and confarimamodeloaplicadoanio = 2028 and confarimamodeloaplicadomes = 3

    
2024-03-12 19:33:05,355 - INFO - updating with  
        update confarimamodeloaplicado
        set procesado=TRUE,
        confarimamodeloaplicadoporc=7782.963
        where confarimacabezalid=68 and
        confarimamodeloaplicadoindice= 5
        and confarimamodeloaplicadoanio = 2028 and confarimamodeloaplicadomes = 4

     for 68
2024-03-12 19:33:05,360 - INFO - updated update_forecast 68
2024-03-12 19:33:05,360 - INFO -  update query  
        update confarimamodeloaplicado
        set procesado=TRUE,
        confarimamodeloaplicadoporc=7782.963
        where confarimacabezalid=68 and
        confarimamodeloaplicadoindice= 5
        and confarimamodeloaplicadoanio = 2028 and confarimamodeloaplicadomes = 4

    
2024-03-12 19:33:05,360 - INFO - updating with  
        update confarimamodeloaplicado
        set procesado=TRUE,
        confarimamodeloaplicadoporc=7782.963
        where confarimacabezalid=68 and
        confarimamodeloaplicadoindice= 5
        and confarimamodeloaplicadoanio = 2028 and confarimamodeloaplicadomes = 5

     for 68
2024-03-12 19:33:05,382 - INFO - updated update_forecast 68
2024-03-12 19:33:05,382 - INFO -  update query  
        update confarimamodeloaplicado
        set procesado=TRUE,
        confarimamodeloaplicadoporc=7782.963
        where confarimacabezalid=68 and
        confarimamodeloaplicadoindice= 5
        and confarimamodeloaplicadoanio = 2028 and confarimamodeloaplicadomes = 5

    
2024-03-12 19:33:05,382 - INFO - updating with  
        update confarimamodeloaplicado
        set procesado=TRUE,
        confarimamodeloaplicadoporc=7782.963
        where confarimacabezalid=68 and
        confarimamodeloaplicadoindice= 5
        and confarimamodeloaplicadoanio = 2028 and confarimamodeloaplicadomes = 6

     for 68
2024-03-12 19:33:05,384 - INFO - updated update_forecast 68
2024-03-12 19:33:05,384 - INFO -  update query  
        update confarimamodeloaplicado
        set procesado=TRUE,
        confarimamodeloaplicadoporc=7782.963
        where confarimacabezalid=68 and
        confarimamodeloaplicadoindice= 5
        and confarimamodeloaplicadoanio = 2028 and confarimamodeloaplicadomes = 6

    
2024-03-12 19:33:05,384 - INFO - updating with  
        update confarimamodeloaplicado
        set procesado=TRUE,
        confarimamodeloaplicadoporc=7782.963
        where confarimacabezalid=68 and
        confarimamodeloaplicadoindice= 5
        and confarimamodeloaplicadoanio = 2028 and confarimamodeloaplicadomes = 7

     for 68
2024-03-12 19:33:05,386 - INFO - updated update_forecast 68
2024-03-12 19:33:05,386 - INFO -  update query  
        update confarimamodeloaplicado
        set procesado=TRUE,
        confarimamodeloaplicadoporc=7782.963
        where confarimacabezalid=68 and
        confarimamodeloaplicadoindice= 5
        and confarimamodeloaplicadoanio = 2028 and confarimamodeloaplicadomes = 7

    
2024-03-12 19:33:05,387 - INFO - updating with  
        update confarimamodeloaplicado
        set procesado=TRUE,
        confarimamodeloaplicadoporc=7782.963
        where confarimacabezalid=68 and
        confarimamodeloaplicadoindice= 5
        and confarimamodeloaplicadoanio = 2028 and confarimamodeloaplicadomes = 8

     for 68
2024-03-12 19:33:05,389 - INFO - updated update_forecast 68
2024-03-12 19:33:05,389 - INFO -  update query  
        update confarimamodeloaplicado
        set procesado=TRUE,
        confarimamodeloaplicadoporc=7782.963
        where confarimacabezalid=68 and
        confarimamodeloaplicadoindice= 5
        and confarimamodeloaplicadoanio = 2028 and confarimamodeloaplicadomes = 8

    
2024-03-12 19:33:05,390 - INFO - updating with  
        update confarimamodeloaplicado
        set procesado=TRUE,
        confarimamodeloaplicadoporc=7782.963
        where confarimacabezalid=68 and
        confarimamodeloaplicadoindice= 5
        and confarimamodeloaplicadoanio = 2028 and confarimamodeloaplicadomes = 9

     for 68
2024-03-12 19:33:05,397 - INFO - updated update_forecast 68
2024-03-12 19:33:05,397 - INFO -  update query  
        update confarimamodeloaplicado
        set procesado=TRUE,
        confarimamodeloaplicadoporc=7782.963
        where confarimacabezalid=68 and
        confarimamodeloaplicadoindice= 5
        and confarimamodeloaplicadoanio = 2028 and confarimamodeloaplicadomes = 9

    
2024-03-12 19:33:05,397 - INFO - updating with  
        update confarimamodeloaplicado
        set procesado=TRUE,
        confarimamodeloaplicadoporc=7782.963
        where confarimacabezalid=68 and
        confarimamodeloaplicadoindice= 5
        and confarimamodeloaplicadoanio = 2028 and confarimamodeloaplicadomes = 10

     for 68
2024-03-12 19:33:05,407 - INFO - updated update_forecast 68
2024-03-12 19:33:05,408 - INFO -  update query  
        update confarimamodeloaplicado
        set procesado=TRUE,
        confarimamodeloaplicadoporc=7782.963
        where confarimacabezalid=68 and
        confarimamodeloaplicadoindice= 5
        and confarimamodeloaplicadoanio = 2028 and confarimamodeloaplicadomes = 10

    
2024-03-12 19:33:05,408 - INFO - updating with  
        update confarimamodeloaplicado
        set procesado=TRUE,
        confarimamodeloaplicadoporc=7782.963
        where confarimacabezalid=68 and
        confarimamodeloaplicadoindice= 5
        and confarimamodeloaplicadoanio = 2028 and confarimamodeloaplicadomes = 11

     for 68
2024-03-12 19:33:05,411 - INFO - updated update_forecast 68
2024-03-12 19:33:05,411 - INFO -  update query  
        update confarimamodeloaplicado
        set procesado=TRUE,
        confarimamodeloaplicadoporc=7782.963
        where confarimacabezalid=68 and
        confarimamodeloaplicadoindice= 5
        and confarimamodeloaplicadoanio = 2028 and confarimamodeloaplicadomes = 11

    
2024-03-12 19:33:05,411 - INFO - updating with  
        update confarimamodeloaplicado
        set procesado=TRUE,
        confarimamodeloaplicadoporc=7782.963
        where confarimacabezalid=68 and
        confarimamodeloaplicadoindice= 5
        and confarimamodeloaplicadoanio = 2028 and confarimamodeloaplicadomes = 12

     for 68
2024-03-12 19:33:05,415 - INFO - updated update_forecast 68
2024-03-12 19:33:05,415 - INFO -  update query  
        update confarimamodeloaplicado
        set procesado=TRUE,
        confarimamodeloaplicadoporc=7782.963
        where confarimacabezalid=68 and
        confarimamodeloaplicadoindice= 5
        and confarimamodeloaplicadoanio = 2028 and confarimamodeloaplicadomes = 12

    
2024-03-12 19:33:05,415 - INFO - updating with  
        update confarimamodeloaplicado
        set procesado=TRUE,
        confarimamodeloaplicadoporc=7782.963
        where confarimacabezalid=68 and
        confarimamodeloaplicadoindice= 5
        and confarimamodeloaplicadoanio = 2028 and confarimamodeloaplicadomes = 13

     for 68
2024-03-12 19:33:05,420 - INFO - updated update_forecast 68
2024-03-12 19:33:05,420 - INFO -  update query  
        update confarimamodeloaplicado
        set procesado=TRUE,
        confarimamodeloaplicadoporc=7782.963
        where confarimacabezalid=68 and
        confarimamodeloaplicadoindice= 5
        and confarimamodeloaplicadoanio = 2028 and confarimamodeloaplicadomes = 13

    
2024-03-12 19:33:05,420 - INFO - updating with  
        update confarimamodeloaplicado
        set procesado=TRUE,
        confarimamodeloaplicadoporc=7782.963
        where confarimacabezalid=68 and
        confarimamodeloaplicadoindice= 5
        and confarimamodeloaplicadoanio = 2028 and confarimamodeloaplicadomes = 14

     for 68
2024-03-12 19:33:05,433 - INFO - updated update_forecast 68
2024-03-12 19:33:05,434 - INFO -  update query  
        update confarimamodeloaplicado
        set procesado=TRUE,
        confarimamodeloaplicadoporc=7782.963
        where confarimacabezalid=68 and
        confarimamodeloaplicadoindice= 5
        and confarimamodeloaplicadoanio = 2028 and confarimamodeloaplicadomes = 14

    
2024-03-12 19:33:05,434 - INFO - updating with  
        update confarimamodeloaplicado
        set procesado=TRUE,
        confarimamodeloaplicadoporc=7782.963
        where confarimacabezalid=68 and
        confarimamodeloaplicadoindice= 5
        and confarimamodeloaplicadoanio = 2028 and confarimamodeloaplicadomes = 15

     for 68
2024-03-12 19:33:05,436 - INFO - updated update_forecast 68
2024-03-12 19:33:05,436 - INFO -  update query  
        update confarimamodeloaplicado
        set procesado=TRUE,
        confarimamodeloaplicadoporc=7782.963
        where confarimacabezalid=68 and
        confarimamodeloaplicadoindice= 5
        and confarimamodeloaplicadoanio = 2028 and confarimamodeloaplicadomes = 15

    
2024-03-12 19:33:05,436 - INFO - updating with  
        update confarimamodeloaplicado
        set procesado=TRUE,
        confarimamodeloaplicadoporc=7782.963
        where confarimacabezalid=68 and
        confarimamodeloaplicadoindice= 5
        and confarimamodeloaplicadoanio = 2028 and confarimamodeloaplicadomes = 16

     for 68
2024-03-12 19:33:05,437 - INFO - updated update_forecast 68
2024-03-12 19:33:05,438 - INFO -  update query  
        update confarimamodeloaplicado
        set procesado=TRUE,
        confarimamodeloaplicadoporc=7782.963
        where confarimacabezalid=68 and
        confarimamodeloaplicadoindice= 5
        and confarimamodeloaplicadoanio = 2028 and confarimamodeloaplicadomes = 16

    
2024-03-12 19:33:05,438 - INFO - updating with  
        update confarimamodeloaplicado
        set procesado=TRUE,
        confarimamodeloaplicadoporc=7782.963
        where confarimacabezalid=68 and
        confarimamodeloaplicadoindice= 5
        and confarimamodeloaplicadoanio = 2028 and confarimamodeloaplicadomes = 17

     for 68
2024-03-12 19:33:05,439 - INFO - updated update_forecast 68
2024-03-12 19:33:05,439 - INFO -  update query  
        update confarimamodeloaplicado
        set procesado=TRUE,
        confarimamodeloaplicadoporc=7782.963
        where confarimacabezalid=68 and
        confarimamodeloaplicadoindice= 5
        and confarimamodeloaplicadoanio = 2028 and confarimamodeloaplicadomes = 17

    
2024-03-12 19:33:05,440 - INFO - updating with  
        update confarimamodeloaplicado
        set procesado=TRUE,
        confarimamodeloaplicadoporc=7782.963
        where confarimacabezalid=68 and
        confarimamodeloaplicadoindice= 5
        and confarimamodeloaplicadoanio = 2028 and confarimamodeloaplicadomes = 18

     for 68
2024-03-12 19:33:05,459 - INFO - updated update_forecast 68
2024-03-12 19:33:05,459 - INFO -  update query  
        update confarimamodeloaplicado
        set procesado=TRUE,
        confarimamodeloaplicadoporc=7782.963
        where confarimacabezalid=68 and
        confarimamodeloaplicadoindice= 5
        and confarimamodeloaplicadoanio = 2028 and confarimamodeloaplicadomes = 18

    
2024-03-12 20:56:24,213 - INFO - getting data for 68
2024-03-12 20:56:24,242 - INFO - anio_desde historico = 2022
2024-03-12 20:56:24,242 - INFO - anio_hasta historico = 2023
2024-03-12 20:56:24,251 - INFO - finishing geting data 2022 2023 and indice 5
2024-03-12 20:56:24,259 - INFO -  years for fore cast    aniodesde  aniohasta
0       2024       2028
2024-03-12 20:56:24,271 - INFO - geting total obs
2024-03-12 20:56:24,271 - INFO - estimating seasonal order using cannova-hansen test
2024-03-12 20:56:24,271 - INFO - estimating arima no season 
2024-03-12 20:56:26,452 - INFO - seasonal model was selected with aic846.9485072604386
2024-03-12 20:56:26,461 - INFO - updating with 
    update confarimaresultado set confarimaar=0,
    confarimai= 0, confarimama= 1
    where  confarimacabezalid= 68 and
    confarimaindice= 5
     for 68
2024-03-12 20:56:26,468 - INFO - updated specs 68
2024-03-12 20:56:26,468 - INFO -  update query 
    update confarimaresultado set confarimaar=0,
    confarimai= 0, confarimama= 1
    where  confarimacabezalid= 68 and
    confarimaindice= 5
    
2024-03-12 20:56:26,468 - INFO - finish load model info for 68
2024-03-12 20:56:26,469 - INFO - updating with  
        update confarimamodeloaplicado
        set procesado=TRUE,
        confarimamodeloaplicadoporc=-742.368
        where confarimacabezalid=68 and
        confarimamodeloaplicadoindice= 5
        and confarimamodeloaplicadoanio = 2024 and confarimamodeloaplicadomes = 1

     for 68
2024-03-12 20:56:26,477 - INFO - updated update_forecast 68
2024-03-12 20:56:26,477 - INFO -  update query  
        update confarimamodeloaplicado
        set procesado=TRUE,
        confarimamodeloaplicadoporc=-742.368
        where confarimacabezalid=68 and
        confarimamodeloaplicadoindice= 5
        and confarimamodeloaplicadoanio = 2024 and confarimamodeloaplicadomes = 1

    
2024-03-12 20:56:26,477 - INFO - updating with  
        update confarimamodeloaplicado
        set procesado=TRUE,
        confarimamodeloaplicadoporc=7782.963
        where confarimacabezalid=68 and
        confarimamodeloaplicadoindice= 5
        and confarimamodeloaplicadoanio = 2024 and confarimamodeloaplicadomes = 2

     for 68
2024-03-12 20:56:26,479 - INFO - updated update_forecast 68
2024-03-12 20:56:26,479 - INFO -  update query  
        update confarimamodeloaplicado
        set procesado=TRUE,
        confarimamodeloaplicadoporc=7782.963
        where confarimacabezalid=68 and
        confarimamodeloaplicadoindice= 5
        and confarimamodeloaplicadoanio = 2024 and confarimamodeloaplicadomes = 2

    
2024-03-12 20:56:26,479 - INFO - updating with  
        update confarimamodeloaplicado
        set procesado=TRUE,
        confarimamodeloaplicadoporc=7782.963
        where confarimacabezalid=68 and
        confarimamodeloaplicadoindice= 5
        and confarimamodeloaplicadoanio = 2024 and confarimamodeloaplicadomes = 3

     for 68
2024-03-12 20:56:26,481 - INFO - updated update_forecast 68
2024-03-12 20:56:26,481 - INFO -  update query  
        update confarimamodeloaplicado
        set procesado=TRUE,
        confarimamodeloaplicadoporc=7782.963
        where confarimacabezalid=68 and
        confarimamodeloaplicadoindice= 5
        and confarimamodeloaplicadoanio = 2024 and confarimamodeloaplicadomes = 3

    
2024-03-12 20:56:26,481 - INFO - updating with  
        update confarimamodeloaplicado
        set procesado=TRUE,
        confarimamodeloaplicadoporc=7782.963
        where confarimacabezalid=68 and
        confarimamodeloaplicadoindice= 5
        and confarimamodeloaplicadoanio = 2024 and confarimamodeloaplicadomes = 4

     for 68
2024-03-12 20:56:26,483 - INFO - updated update_forecast 68
2024-03-12 20:56:26,483 - INFO -  update query  
        update confarimamodeloaplicado
        set procesado=TRUE,
        confarimamodeloaplicadoporc=7782.963
        where confarimacabezalid=68 and
        confarimamodeloaplicadoindice= 5
        and confarimamodeloaplicadoanio = 2024 and confarimamodeloaplicadomes = 4

    
2024-03-12 20:56:26,484 - INFO - updating with  
        update confarimamodeloaplicado
        set procesado=TRUE,
        confarimamodeloaplicadoporc=7782.963
        where confarimacabezalid=68 and
        confarimamodeloaplicadoindice= 5
        and confarimamodeloaplicadoanio = 2024 and confarimamodeloaplicadomes = 5

     for 68
2024-03-12 20:56:26,485 - INFO - updated update_forecast 68
2024-03-12 20:56:26,486 - INFO -  update query  
        update confarimamodeloaplicado
        set procesado=TRUE,
        confarimamodeloaplicadoporc=7782.963
        where confarimacabezalid=68 and
        confarimamodeloaplicadoindice= 5
        and confarimamodeloaplicadoanio = 2024 and confarimamodeloaplicadomes = 5

    
2024-03-12 20:56:26,486 - INFO - updating with  
        update confarimamodeloaplicado
        set procesado=TRUE,
        confarimamodeloaplicadoporc=7782.963
        where confarimacabezalid=68 and
        confarimamodeloaplicadoindice= 5
        and confarimamodeloaplicadoanio = 2024 and confarimamodeloaplicadomes = 6

     for 68
2024-03-12 20:56:26,487 - INFO - updated update_forecast 68
2024-03-12 20:56:26,487 - INFO -  update query  
        update confarimamodeloaplicado
        set procesado=TRUE,
        confarimamodeloaplicadoporc=7782.963
        where confarimacabezalid=68 and
        confarimamodeloaplicadoindice= 5
        and confarimamodeloaplicadoanio = 2024 and confarimamodeloaplicadomes = 6

    
2024-03-12 20:56:26,488 - INFO - updating with  
        update confarimamodeloaplicado
        set procesado=TRUE,
        confarimamodeloaplicadoporc=7782.963
        where confarimacabezalid=68 and
        confarimamodeloaplicadoindice= 5
        and confarimamodeloaplicadoanio = 2024 and confarimamodeloaplicadomes = 7

     for 68
2024-03-12 20:56:26,489 - INFO - updated update_forecast 68
2024-03-12 20:56:26,489 - INFO -  update query  
        update confarimamodeloaplicado
        set procesado=TRUE,
        confarimamodeloaplicadoporc=7782.963
        where confarimacabezalid=68 and
        confarimamodeloaplicadoindice= 5
        and confarimamodeloaplicadoanio = 2024 and confarimamodeloaplicadomes = 7

    
2024-03-12 20:56:26,490 - INFO - updating with  
        update confarimamodeloaplicado
        set procesado=TRUE,
        confarimamodeloaplicadoporc=7782.963
        where confarimacabezalid=68 and
        confarimamodeloaplicadoindice= 5
        and confarimamodeloaplicadoanio = 2024 and confarimamodeloaplicadomes = 8

     for 68
2024-03-12 20:56:26,491 - INFO - updated update_forecast 68
2024-03-12 20:56:26,491 - INFO -  update query  
        update confarimamodeloaplicado
        set procesado=TRUE,
        confarimamodeloaplicadoporc=7782.963
        where confarimacabezalid=68 and
        confarimamodeloaplicadoindice= 5
        and confarimamodeloaplicadoanio = 2024 and confarimamodeloaplicadomes = 8

    
2024-03-12 20:56:26,491 - INFO - updating with  
        update confarimamodeloaplicado
        set procesado=TRUE,
        confarimamodeloaplicadoporc=7782.963
        where confarimacabezalid=68 and
        confarimamodeloaplicadoindice= 5
        and confarimamodeloaplicadoanio = 2024 and confarimamodeloaplicadomes = 9

     for 68
2024-03-12 20:56:26,493 - INFO - updated update_forecast 68
2024-03-12 20:56:26,493 - INFO -  update query  
        update confarimamodeloaplicado
        set procesado=TRUE,
        confarimamodeloaplicadoporc=7782.963
        where confarimacabezalid=68 and
        confarimamodeloaplicadoindice= 5
        and confarimamodeloaplicadoanio = 2024 and confarimamodeloaplicadomes = 9

    
2024-03-12 20:56:26,493 - INFO - updating with  
        update confarimamodeloaplicado
        set procesado=TRUE,
        confarimamodeloaplicadoporc=7782.963
        where confarimacabezalid=68 and
        confarimamodeloaplicadoindice= 5
        and confarimamodeloaplicadoanio = 2024 and confarimamodeloaplicadomes = 10

     for 68
2024-03-12 20:56:26,495 - INFO - updated update_forecast 68
2024-03-12 20:56:26,495 - INFO -  update query  
        update confarimamodeloaplicado
        set procesado=TRUE,
        confarimamodeloaplicadoporc=7782.963
        where confarimacabezalid=68 and
        confarimamodeloaplicadoindice= 5
        and confarimamodeloaplicadoanio = 2024 and confarimamodeloaplicadomes = 10

    
2024-03-12 20:56:26,495 - INFO - updating with  
        update confarimamodeloaplicado
        set procesado=TRUE,
        confarimamodeloaplicadoporc=7782.963
        where confarimacabezalid=68 and
        confarimamodeloaplicadoindice= 5
        and confarimamodeloaplicadoanio = 2024 and confarimamodeloaplicadomes = 11

     for 68
2024-03-12 20:56:26,497 - INFO - updated update_forecast 68
2024-03-12 20:56:26,497 - INFO -  update query  
        update confarimamodeloaplicado
        set procesado=TRUE,
        confarimamodeloaplicadoporc=7782.963
        where confarimacabezalid=68 and
        confarimamodeloaplicadoindice= 5
        and confarimamodeloaplicadoanio = 2024 and confarimamodeloaplicadomes = 11

    
2024-03-12 20:56:26,497 - INFO - updating with  
        update confarimamodeloaplicado
        set procesado=TRUE,
        confarimamodeloaplicadoporc=7782.963
        where confarimacabezalid=68 and
        confarimamodeloaplicadoindice= 5
        and confarimamodeloaplicadoanio = 2024 and confarimamodeloaplicadomes = 12

     for 68
2024-03-12 20:56:26,499 - INFO - updated update_forecast 68
2024-03-12 20:56:26,499 - INFO -  update query  
        update confarimamodeloaplicado
        set procesado=TRUE,
        confarimamodeloaplicadoporc=7782.963
        where confarimacabezalid=68 and
        confarimamodeloaplicadoindice= 5
        and confarimamodeloaplicadoanio = 2024 and confarimamodeloaplicadomes = 12

    
2024-03-12 20:56:26,499 - INFO - updating with  
        update confarimamodeloaplicado
        set procesado=TRUE,
        confarimamodeloaplicadoporc=7782.963
        where confarimacabezalid=68 and
        confarimamodeloaplicadoindice= 5
        and confarimamodeloaplicadoanio = 2024 and confarimamodeloaplicadomes = 13

     for 68
2024-03-12 20:56:26,501 - INFO - updated update_forecast 68
2024-03-12 20:56:26,501 - INFO -  update query  
        update confarimamodeloaplicado
        set procesado=TRUE,
        confarimamodeloaplicadoporc=7782.963
        where confarimacabezalid=68 and
        confarimamodeloaplicadoindice= 5
        and confarimamodeloaplicadoanio = 2024 and confarimamodeloaplicadomes = 13

    
2024-03-12 20:56:26,501 - INFO - updating with  
        update confarimamodeloaplicado
        set procesado=TRUE,
        confarimamodeloaplicadoporc=7782.963
        where confarimacabezalid=68 and
        confarimamodeloaplicadoindice= 5
        and confarimamodeloaplicadoanio = 2024 and confarimamodeloaplicadomes = 14

     for 68
2024-03-12 20:56:26,503 - INFO - updated update_forecast 68
2024-03-12 20:56:26,503 - INFO -  update query  
        update confarimamodeloaplicado
        set procesado=TRUE,
        confarimamodeloaplicadoporc=7782.963
        where confarimacabezalid=68 and
        confarimamodeloaplicadoindice= 5
        and confarimamodeloaplicadoanio = 2024 and confarimamodeloaplicadomes = 14

    
2024-03-12 20:56:26,503 - INFO - updating with  
        update confarimamodeloaplicado
        set procesado=TRUE,
        confarimamodeloaplicadoporc=7782.963
        where confarimacabezalid=68 and
        confarimamodeloaplicadoindice= 5
        and confarimamodeloaplicadoanio = 2024 and confarimamodeloaplicadomes = 15

     for 68
2024-03-12 20:56:26,505 - INFO - updated update_forecast 68
2024-03-12 20:56:26,505 - INFO -  update query  
        update confarimamodeloaplicado
        set procesado=TRUE,
        confarimamodeloaplicadoporc=7782.963
        where confarimacabezalid=68 and
        confarimamodeloaplicadoindice= 5
        and confarimamodeloaplicadoanio = 2024 and confarimamodeloaplicadomes = 15

    
2024-03-12 20:56:26,505 - INFO - updating with  
        update confarimamodeloaplicado
        set procesado=TRUE,
        confarimamodeloaplicadoporc=7782.963
        where confarimacabezalid=68 and
        confarimamodeloaplicadoindice= 5
        and confarimamodeloaplicadoanio = 2024 and confarimamodeloaplicadomes = 16

     for 68
2024-03-12 20:56:26,506 - INFO - updated update_forecast 68
2024-03-12 20:56:26,507 - INFO -  update query  
        update confarimamodeloaplicado
        set procesado=TRUE,
        confarimamodeloaplicadoporc=7782.963
        where confarimacabezalid=68 and
        confarimamodeloaplicadoindice= 5
        and confarimamodeloaplicadoanio = 2024 and confarimamodeloaplicadomes = 16

    
2024-03-12 20:56:26,507 - INFO - updating with  
        update confarimamodeloaplicado
        set procesado=TRUE,
        confarimamodeloaplicadoporc=7782.963
        where confarimacabezalid=68 and
        confarimamodeloaplicadoindice= 5
        and confarimamodeloaplicadoanio = 2024 and confarimamodeloaplicadomes = 17

     for 68
2024-03-12 20:56:26,508 - INFO - updated update_forecast 68
2024-03-12 20:56:26,509 - INFO -  update query  
        update confarimamodeloaplicado
        set procesado=TRUE,
        confarimamodeloaplicadoporc=7782.963
        where confarimacabezalid=68 and
        confarimamodeloaplicadoindice= 5
        and confarimamodeloaplicadoanio = 2024 and confarimamodeloaplicadomes = 17

    
2024-03-12 20:56:26,509 - INFO - updating with  
        update confarimamodeloaplicado
        set procesado=TRUE,
        confarimamodeloaplicadoporc=7782.963
        where confarimacabezalid=68 and
        confarimamodeloaplicadoindice= 5
        and confarimamodeloaplicadoanio = 2024 and confarimamodeloaplicadomes = 18

     for 68
2024-03-12 20:56:26,511 - INFO - updated update_forecast 68
2024-03-12 20:56:26,511 - INFO -  update query  
        update confarimamodeloaplicado
        set procesado=TRUE,
        confarimamodeloaplicadoporc=7782.963
        where confarimacabezalid=68 and
        confarimamodeloaplicadoindice= 5
        and confarimamodeloaplicadoanio = 2024 and confarimamodeloaplicadomes = 18

    
2024-03-12 20:56:26,511 - INFO - updating with  
        update confarimamodeloaplicado
        set procesado=TRUE,
        confarimamodeloaplicadoporc=7782.963
        where confarimacabezalid=68 and
        confarimamodeloaplicadoindice= 5
        and confarimamodeloaplicadoanio = 2025 and confarimamodeloaplicadomes = 1

     for 68
2024-03-12 20:56:26,513 - INFO - updated update_forecast 68
2024-03-12 20:56:26,513 - INFO -  update query  
        update confarimamodeloaplicado
        set procesado=TRUE,
        confarimamodeloaplicadoporc=7782.963
        where confarimacabezalid=68 and
        confarimamodeloaplicadoindice= 5
        and confarimamodeloaplicadoanio = 2025 and confarimamodeloaplicadomes = 1

    
2024-03-12 20:56:26,513 - INFO - updating with  
        update confarimamodeloaplicado
        set procesado=TRUE,
        confarimamodeloaplicadoporc=7782.963
        where confarimacabezalid=68 and
        confarimamodeloaplicadoindice= 5
        and confarimamodeloaplicadoanio = 2025 and confarimamodeloaplicadomes = 2

     for 68
2024-03-12 20:56:26,515 - INFO - updated update_forecast 68
2024-03-12 20:56:26,515 - INFO -  update query  
        update confarimamodeloaplicado
        set procesado=TRUE,
        confarimamodeloaplicadoporc=7782.963
        where confarimacabezalid=68 and
        confarimamodeloaplicadoindice= 5
        and confarimamodeloaplicadoanio = 2025 and confarimamodeloaplicadomes = 2

    
2024-03-12 20:56:26,515 - INFO - updating with  
        update confarimamodeloaplicado
        set procesado=TRUE,
        confarimamodeloaplicadoporc=7782.963
        where confarimacabezalid=68 and
        confarimamodeloaplicadoindice= 5
        and confarimamodeloaplicadoanio = 2025 and confarimamodeloaplicadomes = 3

     for 68
2024-03-12 20:56:26,517 - INFO - updated update_forecast 68
2024-03-12 20:56:26,517 - INFO -  update query  
        update confarimamodeloaplicado
        set procesado=TRUE,
        confarimamodeloaplicadoporc=7782.963
        where confarimacabezalid=68 and
        confarimamodeloaplicadoindice= 5
        and confarimamodeloaplicadoanio = 2025 and confarimamodeloaplicadomes = 3

    
2024-03-12 20:56:26,517 - INFO - updating with  
        update confarimamodeloaplicado
        set procesado=TRUE,
        confarimamodeloaplicadoporc=7782.963
        where confarimacabezalid=68 and
        confarimamodeloaplicadoindice= 5
        and confarimamodeloaplicadoanio = 2025 and confarimamodeloaplicadomes = 4

     for 68
2024-03-12 20:56:26,519 - INFO - updated update_forecast 68
2024-03-12 20:56:26,519 - INFO -  update query  
        update confarimamodeloaplicado
        set procesado=TRUE,
        confarimamodeloaplicadoporc=7782.963
        where confarimacabezalid=68 and
        confarimamodeloaplicadoindice= 5
        and confarimamodeloaplicadoanio = 2025 and confarimamodeloaplicadomes = 4

    
2024-03-12 20:56:26,519 - INFO - updating with  
        update confarimamodeloaplicado
        set procesado=TRUE,
        confarimamodeloaplicadoporc=7782.963
        where confarimacabezalid=68 and
        confarimamodeloaplicadoindice= 5
        and confarimamodeloaplicadoanio = 2025 and confarimamodeloaplicadomes = 5

     for 68
2024-03-12 20:56:26,521 - INFO - updated update_forecast 68
2024-03-12 20:56:26,521 - INFO -  update query  
        update confarimamodeloaplicado
        set procesado=TRUE,
        confarimamodeloaplicadoporc=7782.963
        where confarimacabezalid=68 and
        confarimamodeloaplicadoindice= 5
        and confarimamodeloaplicadoanio = 2025 and confarimamodeloaplicadomes = 5

    
2024-03-12 20:56:26,522 - INFO - updating with  
        update confarimamodeloaplicado
        set procesado=TRUE,
        confarimamodeloaplicadoporc=7782.963
        where confarimacabezalid=68 and
        confarimamodeloaplicadoindice= 5
        and confarimamodeloaplicadoanio = 2025 and confarimamodeloaplicadomes = 6

     for 68
2024-03-12 20:56:26,523 - INFO - updated update_forecast 68
2024-03-12 20:56:26,524 - INFO -  update query  
        update confarimamodeloaplicado
        set procesado=TRUE,
        confarimamodeloaplicadoporc=7782.963
        where confarimacabezalid=68 and
        confarimamodeloaplicadoindice= 5
        and confarimamodeloaplicadoanio = 2025 and confarimamodeloaplicadomes = 6

    
2024-03-12 20:56:26,524 - INFO - updating with  
        update confarimamodeloaplicado
        set procesado=TRUE,
        confarimamodeloaplicadoporc=7782.963
        where confarimacabezalid=68 and
        confarimamodeloaplicadoindice= 5
        and confarimamodeloaplicadoanio = 2025 and confarimamodeloaplicadomes = 7

     for 68
2024-03-12 20:56:26,525 - INFO - updated update_forecast 68
2024-03-12 20:56:26,526 - INFO -  update query  
        update confarimamodeloaplicado
        set procesado=TRUE,
        confarimamodeloaplicadoporc=7782.963
        where confarimacabezalid=68 and
        confarimamodeloaplicadoindice= 5
        and confarimamodeloaplicadoanio = 2025 and confarimamodeloaplicadomes = 7

    
2024-03-12 20:56:26,526 - INFO - updating with  
        update confarimamodeloaplicado
        set procesado=TRUE,
        confarimamodeloaplicadoporc=7782.963
        where confarimacabezalid=68 and
        confarimamodeloaplicadoindice= 5
        and confarimamodeloaplicadoanio = 2025 and confarimamodeloaplicadomes = 8

     for 68
2024-03-12 20:56:26,527 - INFO - updated update_forecast 68
2024-03-12 20:56:26,527 - INFO -  update query  
        update confarimamodeloaplicado
        set procesado=TRUE,
        confarimamodeloaplicadoporc=7782.963
        where confarimacabezalid=68 and
        confarimamodeloaplicadoindice= 5
        and confarimamodeloaplicadoanio = 2025 and confarimamodeloaplicadomes = 8

    
2024-03-12 20:56:26,528 - INFO - updating with  
        update confarimamodeloaplicado
        set procesado=TRUE,
        confarimamodeloaplicadoporc=7782.963
        where confarimacabezalid=68 and
        confarimamodeloaplicadoindice= 5
        and confarimamodeloaplicadoanio = 2025 and confarimamodeloaplicadomes = 9

     for 68
2024-03-12 20:56:26,530 - INFO - updated update_forecast 68
2024-03-12 20:56:26,530 - INFO -  update query  
        update confarimamodeloaplicado
        set procesado=TRUE,
        confarimamodeloaplicadoporc=7782.963
        where confarimacabezalid=68 and
        confarimamodeloaplicadoindice= 5
        and confarimamodeloaplicadoanio = 2025 and confarimamodeloaplicadomes = 9

    
2024-03-12 20:56:26,530 - INFO - updating with  
        update confarimamodeloaplicado
        set procesado=TRUE,
        confarimamodeloaplicadoporc=7782.963
        where confarimacabezalid=68 and
        confarimamodeloaplicadoindice= 5
        and confarimamodeloaplicadoanio = 2025 and confarimamodeloaplicadomes = 10

     for 68
2024-03-12 20:56:26,532 - INFO - updated update_forecast 68
2024-03-12 20:56:26,532 - INFO -  update query  
        update confarimamodeloaplicado
        set procesado=TRUE,
        confarimamodeloaplicadoporc=7782.963
        where confarimacabezalid=68 and
        confarimamodeloaplicadoindice= 5
        and confarimamodeloaplicadoanio = 2025 and confarimamodeloaplicadomes = 10

    
2024-03-12 20:56:26,532 - INFO - updating with  
        update confarimamodeloaplicado
        set procesado=TRUE,
        confarimamodeloaplicadoporc=7782.963
        where confarimacabezalid=68 and
        confarimamodeloaplicadoindice= 5
        and confarimamodeloaplicadoanio = 2025 and confarimamodeloaplicadomes = 11

     for 68
2024-03-12 20:56:26,534 - INFO - updated update_forecast 68
2024-03-12 20:56:26,534 - INFO -  update query  
        update confarimamodeloaplicado
        set procesado=TRUE,
        confarimamodeloaplicadoporc=7782.963
        where confarimacabezalid=68 and
        confarimamodeloaplicadoindice= 5
        and confarimamodeloaplicadoanio = 2025 and confarimamodeloaplicadomes = 11

    
2024-03-12 20:56:26,534 - INFO - updating with  
        update confarimamodeloaplicado
        set procesado=TRUE,
        confarimamodeloaplicadoporc=7782.963
        where confarimacabezalid=68 and
        confarimamodeloaplicadoindice= 5
        and confarimamodeloaplicadoanio = 2025 and confarimamodeloaplicadomes = 12

     for 68
2024-03-12 20:56:26,536 - INFO - updated update_forecast 68
2024-03-12 20:56:26,536 - INFO -  update query  
        update confarimamodeloaplicado
        set procesado=TRUE,
        confarimamodeloaplicadoporc=7782.963
        where confarimacabezalid=68 and
        confarimamodeloaplicadoindice= 5
        and confarimamodeloaplicadoanio = 2025 and confarimamodeloaplicadomes = 12

    
2024-03-12 20:56:26,536 - INFO - updating with  
        update confarimamodeloaplicado
        set procesado=TRUE,
        confarimamodeloaplicadoporc=7782.963
        where confarimacabezalid=68 and
        confarimamodeloaplicadoindice= 5
        and confarimamodeloaplicadoanio = 2025 and confarimamodeloaplicadomes = 13

     for 68
2024-03-12 20:56:26,538 - INFO - updated update_forecast 68
2024-03-12 20:56:26,538 - INFO -  update query  
        update confarimamodeloaplicado
        set procesado=TRUE,
        confarimamodeloaplicadoporc=7782.963
        where confarimacabezalid=68 and
        confarimamodeloaplicadoindice= 5
        and confarimamodeloaplicadoanio = 2025 and confarimamodeloaplicadomes = 13

    
2024-03-12 20:56:26,538 - INFO - updating with  
        update confarimamodeloaplicado
        set procesado=TRUE,
        confarimamodeloaplicadoporc=7782.963
        where confarimacabezalid=68 and
        confarimamodeloaplicadoindice= 5
        and confarimamodeloaplicadoanio = 2025 and confarimamodeloaplicadomes = 14

     for 68
2024-03-12 20:56:26,540 - INFO - updated update_forecast 68
2024-03-12 20:56:26,540 - INFO -  update query  
        update confarimamodeloaplicado
        set procesado=TRUE,
        confarimamodeloaplicadoporc=7782.963
        where confarimacabezalid=68 and
        confarimamodeloaplicadoindice= 5
        and confarimamodeloaplicadoanio = 2025 and confarimamodeloaplicadomes = 14

    
2024-03-12 20:56:26,540 - INFO - updating with  
        update confarimamodeloaplicado
        set procesado=TRUE,
        confarimamodeloaplicadoporc=7782.963
        where confarimacabezalid=68 and
        confarimamodeloaplicadoindice= 5
        and confarimamodeloaplicadoanio = 2025 and confarimamodeloaplicadomes = 15

     for 68
2024-03-12 20:56:26,542 - INFO - updated update_forecast 68
2024-03-12 20:56:26,542 - INFO -  update query  
        update confarimamodeloaplicado
        set procesado=TRUE,
        confarimamodeloaplicadoporc=7782.963
        where confarimacabezalid=68 and
        confarimamodeloaplicadoindice= 5
        and confarimamodeloaplicadoanio = 2025 and confarimamodeloaplicadomes = 15

    
2024-03-12 20:56:26,543 - INFO - updating with  
        update confarimamodeloaplicado
        set procesado=TRUE,
        confarimamodeloaplicadoporc=7782.963
        where confarimacabezalid=68 and
        confarimamodeloaplicadoindice= 5
        and confarimamodeloaplicadoanio = 2025 and confarimamodeloaplicadomes = 16

     for 68
2024-03-12 20:56:26,544 - INFO - updated update_forecast 68
2024-03-12 20:56:26,544 - INFO -  update query  
        update confarimamodeloaplicado
        set procesado=TRUE,
        confarimamodeloaplicadoporc=7782.963
        where confarimacabezalid=68 and
        confarimamodeloaplicadoindice= 5
        and confarimamodeloaplicadoanio = 2025 and confarimamodeloaplicadomes = 16

    
2024-03-12 20:56:26,545 - INFO - updating with  
        update confarimamodeloaplicado
        set procesado=TRUE,
        confarimamodeloaplicadoporc=7782.963
        where confarimacabezalid=68 and
        confarimamodeloaplicadoindice= 5
        and confarimamodeloaplicadoanio = 2025 and confarimamodeloaplicadomes = 17

     for 68
2024-03-12 20:56:26,546 - INFO - updated update_forecast 68
2024-03-12 20:56:26,547 - INFO -  update query  
        update confarimamodeloaplicado
        set procesado=TRUE,
        confarimamodeloaplicadoporc=7782.963
        where confarimacabezalid=68 and
        confarimamodeloaplicadoindice= 5
        and confarimamodeloaplicadoanio = 2025 and confarimamodeloaplicadomes = 17

    
2024-03-12 20:56:26,547 - INFO - updating with  
        update confarimamodeloaplicado
        set procesado=TRUE,
        confarimamodeloaplicadoporc=7782.963
        where confarimacabezalid=68 and
        confarimamodeloaplicadoindice= 5
        and confarimamodeloaplicadoanio = 2025 and confarimamodeloaplicadomes = 18

     for 68
2024-03-12 20:56:26,548 - INFO - updated update_forecast 68
2024-03-12 20:56:26,549 - INFO -  update query  
        update confarimamodeloaplicado
        set procesado=TRUE,
        confarimamodeloaplicadoporc=7782.963
        where confarimacabezalid=68 and
        confarimamodeloaplicadoindice= 5
        and confarimamodeloaplicadoanio = 2025 and confarimamodeloaplicadomes = 18

    
2024-03-12 20:56:26,549 - INFO - updating with  
        update confarimamodeloaplicado
        set procesado=TRUE,
        confarimamodeloaplicadoporc=7782.963
        where confarimacabezalid=68 and
        confarimamodeloaplicadoindice= 5
        and confarimamodeloaplicadoanio = 2026 and confarimamodeloaplicadomes = 1

     for 68
2024-03-12 20:56:26,550 - INFO - updated update_forecast 68
2024-03-12 20:56:26,551 - INFO -  update query  
        update confarimamodeloaplicado
        set procesado=TRUE,
        confarimamodeloaplicadoporc=7782.963
        where confarimacabezalid=68 and
        confarimamodeloaplicadoindice= 5
        and confarimamodeloaplicadoanio = 2026 and confarimamodeloaplicadomes = 1

    
2024-03-12 20:56:26,551 - INFO - updating with  
        update confarimamodeloaplicado
        set procesado=TRUE,
        confarimamodeloaplicadoporc=7782.963
        where confarimacabezalid=68 and
        confarimamodeloaplicadoindice= 5
        and confarimamodeloaplicadoanio = 2026 and confarimamodeloaplicadomes = 2

     for 68
2024-03-12 20:56:26,553 - INFO - updated update_forecast 68
2024-03-12 20:56:26,553 - INFO -  update query  
        update confarimamodeloaplicado
        set procesado=TRUE,
        confarimamodeloaplicadoporc=7782.963
        where confarimacabezalid=68 and
        confarimamodeloaplicadoindice= 5
        and confarimamodeloaplicadoanio = 2026 and confarimamodeloaplicadomes = 2

    
2024-03-12 20:56:26,553 - INFO - updating with  
        update confarimamodeloaplicado
        set procesado=TRUE,
        confarimamodeloaplicadoporc=7782.963
        where confarimacabezalid=68 and
        confarimamodeloaplicadoindice= 5
        and confarimamodeloaplicadoanio = 2026 and confarimamodeloaplicadomes = 3

     for 68
2024-03-12 20:56:26,555 - INFO - updated update_forecast 68
2024-03-12 20:56:26,555 - INFO -  update query  
        update confarimamodeloaplicado
        set procesado=TRUE,
        confarimamodeloaplicadoporc=7782.963
        where confarimacabezalid=68 and
        confarimamodeloaplicadoindice= 5
        and confarimamodeloaplicadoanio = 2026 and confarimamodeloaplicadomes = 3

    
2024-03-12 20:56:26,555 - INFO - updating with  
        update confarimamodeloaplicado
        set procesado=TRUE,
        confarimamodeloaplicadoporc=7782.963
        where confarimacabezalid=68 and
        confarimamodeloaplicadoindice= 5
        and confarimamodeloaplicadoanio = 2026 and confarimamodeloaplicadomes = 4

     for 68
2024-03-12 20:56:26,557 - INFO - updated update_forecast 68
2024-03-12 20:56:26,557 - INFO -  update query  
        update confarimamodeloaplicado
        set procesado=TRUE,
        confarimamodeloaplicadoporc=7782.963
        where confarimacabezalid=68 and
        confarimamodeloaplicadoindice= 5
        and confarimamodeloaplicadoanio = 2026 and confarimamodeloaplicadomes = 4

    
2024-03-12 20:56:26,557 - INFO - updating with  
        update confarimamodeloaplicado
        set procesado=TRUE,
        confarimamodeloaplicadoporc=7782.963
        where confarimacabezalid=68 and
        confarimamodeloaplicadoindice= 5
        and confarimamodeloaplicadoanio = 2026 and confarimamodeloaplicadomes = 5

     for 68
2024-03-12 20:56:26,559 - INFO - updated update_forecast 68
2024-03-12 20:56:26,559 - INFO -  update query  
        update confarimamodeloaplicado
        set procesado=TRUE,
        confarimamodeloaplicadoporc=7782.963
        where confarimacabezalid=68 and
        confarimamodeloaplicadoindice= 5
        and confarimamodeloaplicadoanio = 2026 and confarimamodeloaplicadomes = 5

    
2024-03-12 20:56:26,559 - INFO - updating with  
        update confarimamodeloaplicado
        set procesado=TRUE,
        confarimamodeloaplicadoporc=7782.963
        where confarimacabezalid=68 and
        confarimamodeloaplicadoindice= 5
        and confarimamodeloaplicadoanio = 2026 and confarimamodeloaplicadomes = 6

     for 68
2024-03-12 20:56:26,561 - INFO - updated update_forecast 68
2024-03-12 20:56:26,561 - INFO -  update query  
        update confarimamodeloaplicado
        set procesado=TRUE,
        confarimamodeloaplicadoporc=7782.963
        where confarimacabezalid=68 and
        confarimamodeloaplicadoindice= 5
        and confarimamodeloaplicadoanio = 2026 and confarimamodeloaplicadomes = 6

    
2024-03-12 20:56:26,561 - INFO - updating with  
        update confarimamodeloaplicado
        set procesado=TRUE,
        confarimamodeloaplicadoporc=7782.963
        where confarimacabezalid=68 and
        confarimamodeloaplicadoindice= 5
        and confarimamodeloaplicadoanio = 2026 and confarimamodeloaplicadomes = 7

     for 68
2024-03-12 20:56:26,563 - INFO - updated update_forecast 68
2024-03-12 20:56:26,563 - INFO -  update query  
        update confarimamodeloaplicado
        set procesado=TRUE,
        confarimamodeloaplicadoporc=7782.963
        where confarimacabezalid=68 and
        confarimamodeloaplicadoindice= 5
        and confarimamodeloaplicadoanio = 2026 and confarimamodeloaplicadomes = 7

    
2024-03-12 20:56:26,563 - INFO - updating with  
        update confarimamodeloaplicado
        set procesado=TRUE,
        confarimamodeloaplicadoporc=7782.963
        where confarimacabezalid=68 and
        confarimamodeloaplicadoindice= 5
        and confarimamodeloaplicadoanio = 2026 and confarimamodeloaplicadomes = 8

     for 68
2024-03-12 20:56:26,565 - INFO - updated update_forecast 68
2024-03-12 20:56:26,565 - INFO -  update query  
        update confarimamodeloaplicado
        set procesado=TRUE,
        confarimamodeloaplicadoporc=7782.963
        where confarimacabezalid=68 and
        confarimamodeloaplicadoindice= 5
        and confarimamodeloaplicadoanio = 2026 and confarimamodeloaplicadomes = 8

    
2024-03-12 20:56:26,566 - INFO - updating with  
        update confarimamodeloaplicado
        set procesado=TRUE,
        confarimamodeloaplicadoporc=7782.963
        where confarimacabezalid=68 and
        confarimamodeloaplicadoindice= 5
        and confarimamodeloaplicadoanio = 2026 and confarimamodeloaplicadomes = 9

     for 68
2024-03-12 20:56:26,567 - INFO - updated update_forecast 68
2024-03-12 20:56:26,567 - INFO -  update query  
        update confarimamodeloaplicado
        set procesado=TRUE,
        confarimamodeloaplicadoporc=7782.963
        where confarimacabezalid=68 and
        confarimamodeloaplicadoindice= 5
        and confarimamodeloaplicadoanio = 2026 and confarimamodeloaplicadomes = 9

    
2024-03-12 20:56:26,568 - INFO - updating with  
        update confarimamodeloaplicado
        set procesado=TRUE,
        confarimamodeloaplicadoporc=7782.963
        where confarimacabezalid=68 and
        confarimamodeloaplicadoindice= 5
        and confarimamodeloaplicadoanio = 2026 and confarimamodeloaplicadomes = 10

     for 68
2024-03-12 20:56:26,569 - INFO - updated update_forecast 68
2024-03-12 20:56:26,569 - INFO -  update query  
        update confarimamodeloaplicado
        set procesado=TRUE,
        confarimamodeloaplicadoporc=7782.963
        where confarimacabezalid=68 and
        confarimamodeloaplicadoindice= 5
        and confarimamodeloaplicadoanio = 2026 and confarimamodeloaplicadomes = 10

    
2024-03-12 20:56:26,569 - INFO - updating with  
        update confarimamodeloaplicado
        set procesado=TRUE,
        confarimamodeloaplicadoporc=7782.963
        where confarimacabezalid=68 and
        confarimamodeloaplicadoindice= 5
        and confarimamodeloaplicadoanio = 2026 and confarimamodeloaplicadomes = 11

     for 68
2024-03-12 20:56:26,571 - INFO - updated update_forecast 68
2024-03-12 20:56:26,571 - INFO -  update query  
        update confarimamodeloaplicado
        set procesado=TRUE,
        confarimamodeloaplicadoporc=7782.963
        where confarimacabezalid=68 and
        confarimamodeloaplicadoindice= 5
        and confarimamodeloaplicadoanio = 2026 and confarimamodeloaplicadomes = 11

    
2024-03-12 20:56:26,571 - INFO - updating with  
        update confarimamodeloaplicado
        set procesado=TRUE,
        confarimamodeloaplicadoporc=7782.963
        where confarimacabezalid=68 and
        confarimamodeloaplicadoindice= 5
        and confarimamodeloaplicadoanio = 2026 and confarimamodeloaplicadomes = 12

     for 68
2024-03-12 20:56:26,573 - INFO - updated update_forecast 68
2024-03-12 20:56:26,573 - INFO -  update query  
        update confarimamodeloaplicado
        set procesado=TRUE,
        confarimamodeloaplicadoporc=7782.963
        where confarimacabezalid=68 and
        confarimamodeloaplicadoindice= 5
        and confarimamodeloaplicadoanio = 2026 and confarimamodeloaplicadomes = 12

    
2024-03-12 20:56:26,573 - INFO - updating with  
        update confarimamodeloaplicado
        set procesado=TRUE,
        confarimamodeloaplicadoporc=7782.963
        where confarimacabezalid=68 and
        confarimamodeloaplicadoindice= 5
        and confarimamodeloaplicadoanio = 2026 and confarimamodeloaplicadomes = 13

     for 68
2024-03-12 20:56:26,575 - INFO - updated update_forecast 68
2024-03-12 20:56:26,575 - INFO -  update query  
        update confarimamodeloaplicado
        set procesado=TRUE,
        confarimamodeloaplicadoporc=7782.963
        where confarimacabezalid=68 and
        confarimamodeloaplicadoindice= 5
        and confarimamodeloaplicadoanio = 2026 and confarimamodeloaplicadomes = 13

    
2024-03-12 20:56:26,575 - INFO - updating with  
        update confarimamodeloaplicado
        set procesado=TRUE,
        confarimamodeloaplicadoporc=7782.963
        where confarimacabezalid=68 and
        confarimamodeloaplicadoindice= 5
        and confarimamodeloaplicadoanio = 2026 and confarimamodeloaplicadomes = 14

     for 68
2024-03-12 20:56:26,578 - INFO - updated update_forecast 68
2024-03-12 20:56:26,578 - INFO -  update query  
        update confarimamodeloaplicado
        set procesado=TRUE,
        confarimamodeloaplicadoporc=7782.963
        where confarimacabezalid=68 and
        confarimamodeloaplicadoindice= 5
        and confarimamodeloaplicadoanio = 2026 and confarimamodeloaplicadomes = 14

    
2024-03-12 20:56:26,578 - INFO - updating with  
        update confarimamodeloaplicado
        set procesado=TRUE,
        confarimamodeloaplicadoporc=7782.963
        where confarimacabezalid=68 and
        confarimamodeloaplicadoindice= 5
        and confarimamodeloaplicadoanio = 2026 and confarimamodeloaplicadomes = 15

     for 68
2024-03-12 20:56:26,580 - INFO - updated update_forecast 68
2024-03-12 20:56:26,580 - INFO -  update query  
        update confarimamodeloaplicado
        set procesado=TRUE,
        confarimamodeloaplicadoporc=7782.963
        where confarimacabezalid=68 and
        confarimamodeloaplicadoindice= 5
        and confarimamodeloaplicadoanio = 2026 and confarimamodeloaplicadomes = 15

    
2024-03-12 20:56:26,580 - INFO - updating with  
        update confarimamodeloaplicado
        set procesado=TRUE,
        confarimamodeloaplicadoporc=7782.963
        where confarimacabezalid=68 and
        confarimamodeloaplicadoindice= 5
        and confarimamodeloaplicadoanio = 2026 and confarimamodeloaplicadomes = 16

     for 68
2024-03-12 20:56:26,582 - INFO - updated update_forecast 68
2024-03-12 20:56:26,582 - INFO -  update query  
        update confarimamodeloaplicado
        set procesado=TRUE,
        confarimamodeloaplicadoporc=7782.963
        where confarimacabezalid=68 and
        confarimamodeloaplicadoindice= 5
        and confarimamodeloaplicadoanio = 2026 and confarimamodeloaplicadomes = 16

    
2024-03-12 20:56:26,582 - INFO - updating with  
        update confarimamodeloaplicado
        set procesado=TRUE,
        confarimamodeloaplicadoporc=7782.963
        where confarimacabezalid=68 and
        confarimamodeloaplicadoindice= 5
        and confarimamodeloaplicadoanio = 2026 and confarimamodeloaplicadomes = 17

     for 68
2024-03-12 20:56:26,584 - INFO - updated update_forecast 68
2024-03-12 20:56:26,584 - INFO -  update query  
        update confarimamodeloaplicado
        set procesado=TRUE,
        confarimamodeloaplicadoporc=7782.963
        where confarimacabezalid=68 and
        confarimamodeloaplicadoindice= 5
        and confarimamodeloaplicadoanio = 2026 and confarimamodeloaplicadomes = 17

    
2024-03-12 20:56:26,584 - INFO - updating with  
        update confarimamodeloaplicado
        set procesado=TRUE,
        confarimamodeloaplicadoporc=7782.963
        where confarimacabezalid=68 and
        confarimamodeloaplicadoindice= 5
        and confarimamodeloaplicadoanio = 2026 and confarimamodeloaplicadomes = 18

     for 68
2024-03-12 20:56:26,586 - INFO - updated update_forecast 68
2024-03-12 20:56:26,586 - INFO -  update query  
        update confarimamodeloaplicado
        set procesado=TRUE,
        confarimamodeloaplicadoporc=7782.963
        where confarimacabezalid=68 and
        confarimamodeloaplicadoindice= 5
        and confarimamodeloaplicadoanio = 2026 and confarimamodeloaplicadomes = 18

    
2024-03-12 20:56:26,586 - INFO - updating with  
        update confarimamodeloaplicado
        set procesado=TRUE,
        confarimamodeloaplicadoporc=7782.963
        where confarimacabezalid=68 and
        confarimamodeloaplicadoindice= 5
        and confarimamodeloaplicadoanio = 2027 and confarimamodeloaplicadomes = 1

     for 68
2024-03-12 20:56:26,588 - INFO - updated update_forecast 68
2024-03-12 20:56:26,588 - INFO -  update query  
        update confarimamodeloaplicado
        set procesado=TRUE,
        confarimamodeloaplicadoporc=7782.963
        where confarimacabezalid=68 and
        confarimamodeloaplicadoindice= 5
        and confarimamodeloaplicadoanio = 2027 and confarimamodeloaplicadomes = 1

    
2024-03-12 20:56:26,588 - INFO - updating with  
        update confarimamodeloaplicado
        set procesado=TRUE,
        confarimamodeloaplicadoporc=7782.963
        where confarimacabezalid=68 and
        confarimamodeloaplicadoindice= 5
        and confarimamodeloaplicadoanio = 2027 and confarimamodeloaplicadomes = 2

     for 68
2024-03-12 20:56:26,590 - INFO - updated update_forecast 68
2024-03-12 20:56:26,590 - INFO -  update query  
        update confarimamodeloaplicado
        set procesado=TRUE,
        confarimamodeloaplicadoporc=7782.963
        where confarimacabezalid=68 and
        confarimamodeloaplicadoindice= 5
        and confarimamodeloaplicadoanio = 2027 and confarimamodeloaplicadomes = 2

    
2024-03-12 20:56:26,590 - INFO - updating with  
        update confarimamodeloaplicado
        set procesado=TRUE,
        confarimamodeloaplicadoporc=7782.963
        where confarimacabezalid=68 and
        confarimamodeloaplicadoindice= 5
        and confarimamodeloaplicadoanio = 2027 and confarimamodeloaplicadomes = 3

     for 68
2024-03-12 20:56:26,592 - INFO - updated update_forecast 68
2024-03-12 20:56:26,592 - INFO -  update query  
        update confarimamodeloaplicado
        set procesado=TRUE,
        confarimamodeloaplicadoporc=7782.963
        where confarimacabezalid=68 and
        confarimamodeloaplicadoindice= 5
        and confarimamodeloaplicadoanio = 2027 and confarimamodeloaplicadomes = 3

    
2024-03-12 20:56:26,592 - INFO - updating with  
        update confarimamodeloaplicado
        set procesado=TRUE,
        confarimamodeloaplicadoporc=7782.963
        where confarimacabezalid=68 and
        confarimamodeloaplicadoindice= 5
        and confarimamodeloaplicadoanio = 2027 and confarimamodeloaplicadomes = 4

     for 68
2024-03-12 20:56:26,594 - INFO - updated update_forecast 68
2024-03-12 20:56:26,594 - INFO -  update query  
        update confarimamodeloaplicado
        set procesado=TRUE,
        confarimamodeloaplicadoporc=7782.963
        where confarimacabezalid=68 and
        confarimamodeloaplicadoindice= 5
        and confarimamodeloaplicadoanio = 2027 and confarimamodeloaplicadomes = 4

    
2024-03-12 20:56:26,595 - INFO - updating with  
        update confarimamodeloaplicado
        set procesado=TRUE,
        confarimamodeloaplicadoporc=7782.963
        where confarimacabezalid=68 and
        confarimamodeloaplicadoindice= 5
        and confarimamodeloaplicadoanio = 2027 and confarimamodeloaplicadomes = 5

     for 68
2024-03-12 20:56:26,596 - INFO - updated update_forecast 68
2024-03-12 20:56:26,597 - INFO -  update query  
        update confarimamodeloaplicado
        set procesado=TRUE,
        confarimamodeloaplicadoporc=7782.963
        where confarimacabezalid=68 and
        confarimamodeloaplicadoindice= 5
        and confarimamodeloaplicadoanio = 2027 and confarimamodeloaplicadomes = 5

    
2024-03-12 20:56:26,597 - INFO - updating with  
        update confarimamodeloaplicado
        set procesado=TRUE,
        confarimamodeloaplicadoporc=7782.963
        where confarimacabezalid=68 and
        confarimamodeloaplicadoindice= 5
        and confarimamodeloaplicadoanio = 2027 and confarimamodeloaplicadomes = 6

     for 68
2024-03-12 20:56:26,599 - INFO - updated update_forecast 68
2024-03-12 20:56:26,599 - INFO -  update query  
        update confarimamodeloaplicado
        set procesado=TRUE,
        confarimamodeloaplicadoporc=7782.963
        where confarimacabezalid=68 and
        confarimamodeloaplicadoindice= 5
        and confarimamodeloaplicadoanio = 2027 and confarimamodeloaplicadomes = 6

    
2024-03-12 20:56:26,599 - INFO - updating with  
        update confarimamodeloaplicado
        set procesado=TRUE,
        confarimamodeloaplicadoporc=7782.963
        where confarimacabezalid=68 and
        confarimamodeloaplicadoindice= 5
        and confarimamodeloaplicadoanio = 2027 and confarimamodeloaplicadomes = 7

     for 68
2024-03-12 20:56:26,601 - INFO - updated update_forecast 68
2024-03-12 20:56:26,601 - INFO -  update query  
        update confarimamodeloaplicado
        set procesado=TRUE,
        confarimamodeloaplicadoporc=7782.963
        where confarimacabezalid=68 and
        confarimamodeloaplicadoindice= 5
        and confarimamodeloaplicadoanio = 2027 and confarimamodeloaplicadomes = 7

    
2024-03-12 20:56:26,601 - INFO - updating with  
        update confarimamodeloaplicado
        set procesado=TRUE,
        confarimamodeloaplicadoporc=7782.963
        where confarimacabezalid=68 and
        confarimamodeloaplicadoindice= 5
        and confarimamodeloaplicadoanio = 2027 and confarimamodeloaplicadomes = 8

     for 68
2024-03-12 20:56:26,603 - INFO - updated update_forecast 68
2024-03-12 20:56:26,603 - INFO -  update query  
        update confarimamodeloaplicado
        set procesado=TRUE,
        confarimamodeloaplicadoporc=7782.963
        where confarimacabezalid=68 and
        confarimamodeloaplicadoindice= 5
        and confarimamodeloaplicadoanio = 2027 and confarimamodeloaplicadomes = 8

    
2024-03-12 20:56:26,603 - INFO - updating with  
        update confarimamodeloaplicado
        set procesado=TRUE,
        confarimamodeloaplicadoporc=7782.963
        where confarimacabezalid=68 and
        confarimamodeloaplicadoindice= 5
        and confarimamodeloaplicadoanio = 2027 and confarimamodeloaplicadomes = 9

     for 68
2024-03-12 20:56:26,605 - INFO - updated update_forecast 68
2024-03-12 20:56:26,605 - INFO -  update query  
        update confarimamodeloaplicado
        set procesado=TRUE,
        confarimamodeloaplicadoporc=7782.963
        where confarimacabezalid=68 and
        confarimamodeloaplicadoindice= 5
        and confarimamodeloaplicadoanio = 2027 and confarimamodeloaplicadomes = 9

    
2024-03-12 20:56:26,606 - INFO - updating with  
        update confarimamodeloaplicado
        set procesado=TRUE,
        confarimamodeloaplicadoporc=7782.963
        where confarimacabezalid=68 and
        confarimamodeloaplicadoindice= 5
        and confarimamodeloaplicadoanio = 2027 and confarimamodeloaplicadomes = 10

     for 68
2024-03-12 20:56:26,607 - INFO - updated update_forecast 68
2024-03-12 20:56:26,607 - INFO -  update query  
        update confarimamodeloaplicado
        set procesado=TRUE,
        confarimamodeloaplicadoporc=7782.963
        where confarimacabezalid=68 and
        confarimamodeloaplicadoindice= 5
        and confarimamodeloaplicadoanio = 2027 and confarimamodeloaplicadomes = 10

    
2024-03-12 20:56:26,608 - INFO - updating with  
        update confarimamodeloaplicado
        set procesado=TRUE,
        confarimamodeloaplicadoporc=7782.963
        where confarimacabezalid=68 and
        confarimamodeloaplicadoindice= 5
        and confarimamodeloaplicadoanio = 2027 and confarimamodeloaplicadomes = 11

     for 68
2024-03-12 20:56:26,609 - INFO - updated update_forecast 68
2024-03-12 20:56:26,609 - INFO -  update query  
        update confarimamodeloaplicado
        set procesado=TRUE,
        confarimamodeloaplicadoporc=7782.963
        where confarimacabezalid=68 and
        confarimamodeloaplicadoindice= 5
        and confarimamodeloaplicadoanio = 2027 and confarimamodeloaplicadomes = 11

    
2024-03-12 20:56:26,610 - INFO - updating with  
        update confarimamodeloaplicado
        set procesado=TRUE,
        confarimamodeloaplicadoporc=7782.963
        where confarimacabezalid=68 and
        confarimamodeloaplicadoindice= 5
        and confarimamodeloaplicadoanio = 2027 and confarimamodeloaplicadomes = 12

     for 68
2024-03-12 20:56:26,611 - INFO - updated update_forecast 68
2024-03-12 20:56:26,611 - INFO -  update query  
        update confarimamodeloaplicado
        set procesado=TRUE,
        confarimamodeloaplicadoporc=7782.963
        where confarimacabezalid=68 and
        confarimamodeloaplicadoindice= 5
        and confarimamodeloaplicadoanio = 2027 and confarimamodeloaplicadomes = 12

    
2024-03-12 20:56:26,612 - INFO - updating with  
        update confarimamodeloaplicado
        set procesado=TRUE,
        confarimamodeloaplicadoporc=7782.963
        where confarimacabezalid=68 and
        confarimamodeloaplicadoindice= 5
        and confarimamodeloaplicadoanio = 2027 and confarimamodeloaplicadomes = 13

     for 68
2024-03-12 20:56:26,613 - INFO - updated update_forecast 68
2024-03-12 20:56:26,613 - INFO -  update query  
        update confarimamodeloaplicado
        set procesado=TRUE,
        confarimamodeloaplicadoporc=7782.963
        where confarimacabezalid=68 and
        confarimamodeloaplicadoindice= 5
        and confarimamodeloaplicadoanio = 2027 and confarimamodeloaplicadomes = 13

    
2024-03-12 20:56:26,614 - INFO - updating with  
        update confarimamodeloaplicado
        set procesado=TRUE,
        confarimamodeloaplicadoporc=7782.963
        where confarimacabezalid=68 and
        confarimamodeloaplicadoindice= 5
        and confarimamodeloaplicadoanio = 2027 and confarimamodeloaplicadomes = 14

     for 68
2024-03-12 20:56:26,615 - INFO - updated update_forecast 68
2024-03-12 20:56:26,615 - INFO -  update query  
        update confarimamodeloaplicado
        set procesado=TRUE,
        confarimamodeloaplicadoporc=7782.963
        where confarimacabezalid=68 and
        confarimamodeloaplicadoindice= 5
        and confarimamodeloaplicadoanio = 2027 and confarimamodeloaplicadomes = 14

    
2024-03-12 20:56:26,616 - INFO - updating with  
        update confarimamodeloaplicado
        set procesado=TRUE,
        confarimamodeloaplicadoporc=7782.963
        where confarimacabezalid=68 and
        confarimamodeloaplicadoindice= 5
        and confarimamodeloaplicadoanio = 2027 and confarimamodeloaplicadomes = 15

     for 68
2024-03-12 20:56:26,617 - INFO - updated update_forecast 68
2024-03-12 20:56:26,617 - INFO -  update query  
        update confarimamodeloaplicado
        set procesado=TRUE,
        confarimamodeloaplicadoporc=7782.963
        where confarimacabezalid=68 and
        confarimamodeloaplicadoindice= 5
        and confarimamodeloaplicadoanio = 2027 and confarimamodeloaplicadomes = 15

    
2024-03-12 20:56:26,618 - INFO - updating with  
        update confarimamodeloaplicado
        set procesado=TRUE,
        confarimamodeloaplicadoporc=7782.963
        where confarimacabezalid=68 and
        confarimamodeloaplicadoindice= 5
        and confarimamodeloaplicadoanio = 2027 and confarimamodeloaplicadomes = 16

     for 68
2024-03-12 20:56:26,619 - INFO - updated update_forecast 68
2024-03-12 20:56:26,620 - INFO -  update query  
        update confarimamodeloaplicado
        set procesado=TRUE,
        confarimamodeloaplicadoporc=7782.963
        where confarimacabezalid=68 and
        confarimamodeloaplicadoindice= 5
        and confarimamodeloaplicadoanio = 2027 and confarimamodeloaplicadomes = 16

    
2024-03-12 20:56:26,620 - INFO - updating with  
        update confarimamodeloaplicado
        set procesado=TRUE,
        confarimamodeloaplicadoporc=7782.963
        where confarimacabezalid=68 and
        confarimamodeloaplicadoindice= 5
        and confarimamodeloaplicadoanio = 2027 and confarimamodeloaplicadomes = 17

     for 68
2024-03-12 20:56:26,621 - INFO - updated update_forecast 68
2024-03-12 20:56:26,621 - INFO -  update query  
        update confarimamodeloaplicado
        set procesado=TRUE,
        confarimamodeloaplicadoporc=7782.963
        where confarimacabezalid=68 and
        confarimamodeloaplicadoindice= 5
        and confarimamodeloaplicadoanio = 2027 and confarimamodeloaplicadomes = 17

    
2024-03-12 20:56:26,622 - INFO - updating with  
        update confarimamodeloaplicado
        set procesado=TRUE,
        confarimamodeloaplicadoporc=7782.963
        where confarimacabezalid=68 and
        confarimamodeloaplicadoindice= 5
        and confarimamodeloaplicadoanio = 2027 and confarimamodeloaplicadomes = 18

     for 68
2024-03-12 20:56:26,623 - INFO - updated update_forecast 68
2024-03-12 20:56:26,623 - INFO -  update query  
        update confarimamodeloaplicado
        set procesado=TRUE,
        confarimamodeloaplicadoporc=7782.963
        where confarimacabezalid=68 and
        confarimamodeloaplicadoindice= 5
        and confarimamodeloaplicadoanio = 2027 and confarimamodeloaplicadomes = 18

    
2024-03-12 20:56:26,624 - INFO - updating with  
        update confarimamodeloaplicado
        set procesado=TRUE,
        confarimamodeloaplicadoporc=7782.963
        where confarimacabezalid=68 and
        confarimamodeloaplicadoindice= 5
        and confarimamodeloaplicadoanio = 2028 and confarimamodeloaplicadomes = 1

     for 68
2024-03-12 20:56:26,626 - INFO - updated update_forecast 68
2024-03-12 20:56:26,626 - INFO -  update query  
        update confarimamodeloaplicado
        set procesado=TRUE,
        confarimamodeloaplicadoporc=7782.963
        where confarimacabezalid=68 and
        confarimamodeloaplicadoindice= 5
        and confarimamodeloaplicadoanio = 2028 and confarimamodeloaplicadomes = 1

    
2024-03-12 20:56:26,626 - INFO - updating with  
        update confarimamodeloaplicado
        set procesado=TRUE,
        confarimamodeloaplicadoporc=7782.963
        where confarimacabezalid=68 and
        confarimamodeloaplicadoindice= 5
        and confarimamodeloaplicadoanio = 2028 and confarimamodeloaplicadomes = 2

     for 68
2024-03-12 20:56:26,628 - INFO - updated update_forecast 68
2024-03-12 20:56:26,628 - INFO -  update query  
        update confarimamodeloaplicado
        set procesado=TRUE,
        confarimamodeloaplicadoporc=7782.963
        where confarimacabezalid=68 and
        confarimamodeloaplicadoindice= 5
        and confarimamodeloaplicadoanio = 2028 and confarimamodeloaplicadomes = 2

    
2024-03-12 20:56:26,628 - INFO - updating with  
        update confarimamodeloaplicado
        set procesado=TRUE,
        confarimamodeloaplicadoporc=7782.963
        where confarimacabezalid=68 and
        confarimamodeloaplicadoindice= 5
        and confarimamodeloaplicadoanio = 2028 and confarimamodeloaplicadomes = 3

     for 68
2024-03-12 20:56:26,630 - INFO - updated update_forecast 68
2024-03-12 20:56:26,630 - INFO -  update query  
        update confarimamodeloaplicado
        set procesado=TRUE,
        confarimamodeloaplicadoporc=7782.963
        where confarimacabezalid=68 and
        confarimamodeloaplicadoindice= 5
        and confarimamodeloaplicadoanio = 2028 and confarimamodeloaplicadomes = 3

    
2024-03-12 20:56:26,630 - INFO - updating with  
        update confarimamodeloaplicado
        set procesado=TRUE,
        confarimamodeloaplicadoporc=7782.963
        where confarimacabezalid=68 and
        confarimamodeloaplicadoindice= 5
        and confarimamodeloaplicadoanio = 2028 and confarimamodeloaplicadomes = 4

     for 68
2024-03-12 20:56:26,632 - INFO - updated update_forecast 68
2024-03-12 20:56:26,632 - INFO -  update query  
        update confarimamodeloaplicado
        set procesado=TRUE,
        confarimamodeloaplicadoporc=7782.963
        where confarimacabezalid=68 and
        confarimamodeloaplicadoindice= 5
        and confarimamodeloaplicadoanio = 2028 and confarimamodeloaplicadomes = 4

    
2024-03-12 20:56:26,632 - INFO - updating with  
        update confarimamodeloaplicado
        set procesado=TRUE,
        confarimamodeloaplicadoporc=7782.963
        where confarimacabezalid=68 and
        confarimamodeloaplicadoindice= 5
        and confarimamodeloaplicadoanio = 2028 and confarimamodeloaplicadomes = 5

     for 68
2024-03-12 20:56:26,634 - INFO - updated update_forecast 68
2024-03-12 20:56:26,634 - INFO -  update query  
        update confarimamodeloaplicado
        set procesado=TRUE,
        confarimamodeloaplicadoporc=7782.963
        where confarimacabezalid=68 and
        confarimamodeloaplicadoindice= 5
        and confarimamodeloaplicadoanio = 2028 and confarimamodeloaplicadomes = 5

    
2024-03-12 20:56:26,634 - INFO - updating with  
        update confarimamodeloaplicado
        set procesado=TRUE,
        confarimamodeloaplicadoporc=7782.963
        where confarimacabezalid=68 and
        confarimamodeloaplicadoindice= 5
        and confarimamodeloaplicadoanio = 2028 and confarimamodeloaplicadomes = 6

     for 68
2024-03-12 20:56:26,636 - INFO - updated update_forecast 68
2024-03-12 20:56:26,636 - INFO -  update query  
        update confarimamodeloaplicado
        set procesado=TRUE,
        confarimamodeloaplicadoporc=7782.963
        where confarimacabezalid=68 and
        confarimamodeloaplicadoindice= 5
        and confarimamodeloaplicadoanio = 2028 and confarimamodeloaplicadomes = 6

    
2024-03-12 20:56:26,636 - INFO - updating with  
        update confarimamodeloaplicado
        set procesado=TRUE,
        confarimamodeloaplicadoporc=7782.963
        where confarimacabezalid=68 and
        confarimamodeloaplicadoindice= 5
        and confarimamodeloaplicadoanio = 2028 and confarimamodeloaplicadomes = 7

     for 68
2024-03-12 20:56:26,638 - INFO - updated update_forecast 68
2024-03-12 20:56:26,638 - INFO -  update query  
        update confarimamodeloaplicado
        set procesado=TRUE,
        confarimamodeloaplicadoporc=7782.963
        where confarimacabezalid=68 and
        confarimamodeloaplicadoindice= 5
        and confarimamodeloaplicadoanio = 2028 and confarimamodeloaplicadomes = 7

    
2024-03-12 20:56:26,639 - INFO - updating with  
        update confarimamodeloaplicado
        set procesado=TRUE,
        confarimamodeloaplicadoporc=7782.963
        where confarimacabezalid=68 and
        confarimamodeloaplicadoindice= 5
        and confarimamodeloaplicadoanio = 2028 and confarimamodeloaplicadomes = 8

     for 68
2024-03-12 20:56:26,641 - INFO - updated update_forecast 68
2024-03-12 20:56:26,641 - INFO -  update query  
        update confarimamodeloaplicado
        set procesado=TRUE,
        confarimamodeloaplicadoporc=7782.963
        where confarimacabezalid=68 and
        confarimamodeloaplicadoindice= 5
        and confarimamodeloaplicadoanio = 2028 and confarimamodeloaplicadomes = 8

    
2024-03-12 20:56:26,641 - INFO - updating with  
        update confarimamodeloaplicado
        set procesado=TRUE,
        confarimamodeloaplicadoporc=7782.963
        where confarimacabezalid=68 and
        confarimamodeloaplicadoindice= 5
        and confarimamodeloaplicadoanio = 2028 and confarimamodeloaplicadomes = 9

     for 68
2024-03-12 20:56:26,643 - INFO - updated update_forecast 68
2024-03-12 20:56:26,643 - INFO -  update query  
        update confarimamodeloaplicado
        set procesado=TRUE,
        confarimamodeloaplicadoporc=7782.963
        where confarimacabezalid=68 and
        confarimamodeloaplicadoindice= 5
        and confarimamodeloaplicadoanio = 2028 and confarimamodeloaplicadomes = 9

    
2024-03-12 20:56:26,644 - INFO - updating with  
        update confarimamodeloaplicado
        set procesado=TRUE,
        confarimamodeloaplicadoporc=7782.963
        where confarimacabezalid=68 and
        confarimamodeloaplicadoindice= 5
        and confarimamodeloaplicadoanio = 2028 and confarimamodeloaplicadomes = 10

     for 68
2024-03-12 20:56:26,645 - INFO - updated update_forecast 68
2024-03-12 20:56:26,646 - INFO -  update query  
        update confarimamodeloaplicado
        set procesado=TRUE,
        confarimamodeloaplicadoporc=7782.963
        where confarimacabezalid=68 and
        confarimamodeloaplicadoindice= 5
        and confarimamodeloaplicadoanio = 2028 and confarimamodeloaplicadomes = 10

    
2024-03-12 20:56:26,646 - INFO - updating with  
        update confarimamodeloaplicado
        set procesado=TRUE,
        confarimamodeloaplicadoporc=7782.963
        where confarimacabezalid=68 and
        confarimamodeloaplicadoindice= 5
        and confarimamodeloaplicadoanio = 2028 and confarimamodeloaplicadomes = 11

     for 68
2024-03-12 20:56:26,648 - INFO - updated update_forecast 68
2024-03-12 20:56:26,648 - INFO -  update query  
        update confarimamodeloaplicado
        set procesado=TRUE,
        confarimamodeloaplicadoporc=7782.963
        where confarimacabezalid=68 and
        confarimamodeloaplicadoindice= 5
        and confarimamodeloaplicadoanio = 2028 and confarimamodeloaplicadomes = 11

    
2024-03-12 20:56:26,648 - INFO - updating with  
        update confarimamodeloaplicado
        set procesado=TRUE,
        confarimamodeloaplicadoporc=7782.963
        where confarimacabezalid=68 and
        confarimamodeloaplicadoindice= 5
        and confarimamodeloaplicadoanio = 2028 and confarimamodeloaplicadomes = 12

     for 68
2024-03-12 20:56:26,650 - INFO - updated update_forecast 68
2024-03-12 20:56:26,650 - INFO -  update query  
        update confarimamodeloaplicado
        set procesado=TRUE,
        confarimamodeloaplicadoporc=7782.963
        where confarimacabezalid=68 and
        confarimamodeloaplicadoindice= 5
        and confarimamodeloaplicadoanio = 2028 and confarimamodeloaplicadomes = 12

    
2024-03-12 20:56:26,651 - INFO - updating with  
        update confarimamodeloaplicado
        set procesado=TRUE,
        confarimamodeloaplicadoporc=7782.963
        where confarimacabezalid=68 and
        confarimamodeloaplicadoindice= 5
        and confarimamodeloaplicadoanio = 2028 and confarimamodeloaplicadomes = 13

     for 68
2024-03-12 20:56:26,653 - INFO - updated update_forecast 68
2024-03-12 20:56:26,653 - INFO -  update query  
        update confarimamodeloaplicado
        set procesado=TRUE,
        confarimamodeloaplicadoporc=7782.963
        where confarimacabezalid=68 and
        confarimamodeloaplicadoindice= 5
        and confarimamodeloaplicadoanio = 2028 and confarimamodeloaplicadomes = 13

    
2024-03-12 20:56:26,653 - INFO - updating with  
        update confarimamodeloaplicado
        set procesado=TRUE,
        confarimamodeloaplicadoporc=7782.963
        where confarimacabezalid=68 and
        confarimamodeloaplicadoindice= 5
        and confarimamodeloaplicadoanio = 2028 and confarimamodeloaplicadomes = 14

     for 68
2024-03-12 20:56:26,655 - INFO - updated update_forecast 68
2024-03-12 20:56:26,655 - INFO -  update query  
        update confarimamodeloaplicado
        set procesado=TRUE,
        confarimamodeloaplicadoporc=7782.963
        where confarimacabezalid=68 and
        confarimamodeloaplicadoindice= 5
        and confarimamodeloaplicadoanio = 2028 and confarimamodeloaplicadomes = 14

    
2024-03-12 20:56:26,655 - INFO - updating with  
        update confarimamodeloaplicado
        set procesado=TRUE,
        confarimamodeloaplicadoporc=7782.963
        where confarimacabezalid=68 and
        confarimamodeloaplicadoindice= 5
        and confarimamodeloaplicadoanio = 2028 and confarimamodeloaplicadomes = 15

     for 68
2024-03-12 20:56:26,657 - INFO - updated update_forecast 68
2024-03-12 20:56:26,657 - INFO -  update query  
        update confarimamodeloaplicado
        set procesado=TRUE,
        confarimamodeloaplicadoporc=7782.963
        where confarimacabezalid=68 and
        confarimamodeloaplicadoindice= 5
        and confarimamodeloaplicadoanio = 2028 and confarimamodeloaplicadomes = 15

    
2024-03-12 20:56:26,657 - INFO - updating with  
        update confarimamodeloaplicado
        set procesado=TRUE,
        confarimamodeloaplicadoporc=7782.963
        where confarimacabezalid=68 and
        confarimamodeloaplicadoindice= 5
        and confarimamodeloaplicadoanio = 2028 and confarimamodeloaplicadomes = 16

     for 68
2024-03-12 20:56:26,659 - INFO - updated update_forecast 68
2024-03-12 20:56:26,659 - INFO -  update query  
        update confarimamodeloaplicado
        set procesado=TRUE,
        confarimamodeloaplicadoporc=7782.963
        where confarimacabezalid=68 and
        confarimamodeloaplicadoindice= 5
        and confarimamodeloaplicadoanio = 2028 and confarimamodeloaplicadomes = 16

    
2024-03-12 20:56:26,659 - INFO - updating with  
        update confarimamodeloaplicado
        set procesado=TRUE,
        confarimamodeloaplicadoporc=7782.963
        where confarimacabezalid=68 and
        confarimamodeloaplicadoindice= 5
        and confarimamodeloaplicadoanio = 2028 and confarimamodeloaplicadomes = 17

     for 68
2024-03-12 20:56:26,661 - INFO - updated update_forecast 68
2024-03-12 20:56:26,662 - INFO -  update query  
        update confarimamodeloaplicado
        set procesado=TRUE,
        confarimamodeloaplicadoporc=7782.963
        where confarimacabezalid=68 and
        confarimamodeloaplicadoindice= 5
        and confarimamodeloaplicadoanio = 2028 and confarimamodeloaplicadomes = 17

    
2024-03-12 20:56:26,662 - INFO - updating with  
        update confarimamodeloaplicado
        set procesado=TRUE,
        confarimamodeloaplicadoporc=7782.963
        where confarimacabezalid=68 and
        confarimamodeloaplicadoindice= 5
        and confarimamodeloaplicadoanio = 2028 and confarimamodeloaplicadomes = 18

     for 68
2024-03-12 20:56:26,664 - INFO - updated update_forecast 68
2024-03-12 20:56:26,664 - INFO -  update query  
        update confarimamodeloaplicado
        set procesado=TRUE,
        confarimamodeloaplicadoporc=7782.963
        where confarimacabezalid=68 and
        confarimamodeloaplicadoindice= 5
        and confarimamodeloaplicadoanio = 2028 and confarimamodeloaplicadomes = 18

    
2024-03-12 21:42:09,402 - INFO - getting data for 68
2024-03-12 21:42:09,431 - INFO - anio_desde historico = 2022
2024-03-12 21:42:09,431 - INFO - anio_hasta historico = 2023
2024-03-12 21:42:09,439 - INFO - finishing geting data 2022 2023 and indice 5
2024-03-12 21:42:09,447 - INFO -  years for fore cast    aniodesde  aniohasta
0       2024       2028
2024-03-12 21:42:09,459 - INFO - geting total obs
2024-03-12 21:42:09,459 - INFO - estimating seasonal order using cannova-hansen test
2024-03-12 21:42:09,459 - INFO - estimating arima no season 
2024-03-12 21:42:11,543 - INFO - seasonal model was selected with aic846.9485072604386
2024-03-12 21:42:11,553 - INFO - updating with 
    update confarimaresultado set confarimaar=0,
    confarimai= 0, confarimama= 1
    where  confarimacabezalid= 68 and
    confarimaindice= 5
     for 68
2024-03-12 21:42:11,560 - INFO - updated specs 68
2024-03-12 21:42:11,560 - INFO -  update query 
    update confarimaresultado set confarimaar=0,
    confarimai= 0, confarimama= 1
    where  confarimacabezalid= 68 and
    confarimaindice= 5
    
2024-03-12 21:42:11,561 - INFO - finish load model info for 68
2024-03-12 21:42:11,562 - INFO - updating with  
        update confarimamodeloaplicado
        set procesado=TRUE,
        confarimamodeloaplicadoporc=-742.368
        where confarimacabezalid=68 and
        confarimamodeloaplicadoindice= 5
        and confarimamodeloaplicadoanio = 2024 and confarimamodeloaplicadomes = 1

     for 68
2024-03-12 21:42:11,570 - INFO - updated update_forecast 68
2024-03-12 21:42:11,570 - INFO -  update query  
        update confarimamodeloaplicado
        set procesado=TRUE,
        confarimamodeloaplicadoporc=-742.368
        where confarimacabezalid=68 and
        confarimamodeloaplicadoindice= 5
        and confarimamodeloaplicadoanio = 2024 and confarimamodeloaplicadomes = 1

    
2024-03-12 21:42:11,570 - INFO - updating with  
        update confarimamodeloaplicado
        set procesado=TRUE,
        confarimamodeloaplicadoporc=7782.963
        where confarimacabezalid=68 and
        confarimamodeloaplicadoindice= 5
        and confarimamodeloaplicadoanio = 2024 and confarimamodeloaplicadomes = 2

     for 68
2024-03-12 21:42:11,572 - INFO - updated update_forecast 68
2024-03-12 21:42:11,572 - INFO -  update query  
        update confarimamodeloaplicado
        set procesado=TRUE,
        confarimamodeloaplicadoporc=7782.963
        where confarimacabezalid=68 and
        confarimamodeloaplicadoindice= 5
        and confarimamodeloaplicadoanio = 2024 and confarimamodeloaplicadomes = 2

    
2024-03-12 21:42:11,573 - INFO - updating with  
        update confarimamodeloaplicado
        set procesado=TRUE,
        confarimamodeloaplicadoporc=7782.963
        where confarimacabezalid=68 and
        confarimamodeloaplicadoindice= 5
        and confarimamodeloaplicadoanio = 2024 and confarimamodeloaplicadomes = 3

     for 68
2024-03-12 21:42:11,574 - INFO - updated update_forecast 68
2024-03-12 21:42:11,575 - INFO -  update query  
        update confarimamodeloaplicado
        set procesado=TRUE,
        confarimamodeloaplicadoporc=7782.963
        where confarimacabezalid=68 and
        confarimamodeloaplicadoindice= 5
        and confarimamodeloaplicadoanio = 2024 and confarimamodeloaplicadomes = 3

    
2024-03-12 21:42:11,575 - INFO - updating with  
        update confarimamodeloaplicado
        set procesado=TRUE,
        confarimamodeloaplicadoporc=7782.963
        where confarimacabezalid=68 and
        confarimamodeloaplicadoindice= 5
        and confarimamodeloaplicadoanio = 2024 and confarimamodeloaplicadomes = 4

     for 68
2024-03-12 21:42:11,576 - INFO - updated update_forecast 68
2024-03-12 21:42:11,576 - INFO -  update query  
        update confarimamodeloaplicado
        set procesado=TRUE,
        confarimamodeloaplicadoporc=7782.963
        where confarimacabezalid=68 and
        confarimamodeloaplicadoindice= 5
        and confarimamodeloaplicadoanio = 2024 and confarimamodeloaplicadomes = 4

    
2024-03-12 21:42:11,577 - INFO - updating with  
        update confarimamodeloaplicado
        set procesado=TRUE,
        confarimamodeloaplicadoporc=7782.963
        where confarimacabezalid=68 and
        confarimamodeloaplicadoindice= 5
        and confarimamodeloaplicadoanio = 2024 and confarimamodeloaplicadomes = 5

     for 68
2024-03-12 21:42:11,578 - INFO - updated update_forecast 68
2024-03-12 21:42:11,578 - INFO -  update query  
        update confarimamodeloaplicado
        set procesado=TRUE,
        confarimamodeloaplicadoporc=7782.963
        where confarimacabezalid=68 and
        confarimamodeloaplicadoindice= 5
        and confarimamodeloaplicadoanio = 2024 and confarimamodeloaplicadomes = 5

    
2024-03-12 21:42:11,579 - INFO - updating with  
        update confarimamodeloaplicado
        set procesado=TRUE,
        confarimamodeloaplicadoporc=7782.963
        where confarimacabezalid=68 and
        confarimamodeloaplicadoindice= 5
        and confarimamodeloaplicadoanio = 2024 and confarimamodeloaplicadomes = 6

     for 68
2024-03-12 21:42:11,580 - INFO - updated update_forecast 68
2024-03-12 21:42:11,581 - INFO -  update query  
        update confarimamodeloaplicado
        set procesado=TRUE,
        confarimamodeloaplicadoporc=7782.963
        where confarimacabezalid=68 and
        confarimamodeloaplicadoindice= 5
        and confarimamodeloaplicadoanio = 2024 and confarimamodeloaplicadomes = 6

    
2024-03-12 21:42:11,581 - INFO - updating with  
        update confarimamodeloaplicado
        set procesado=TRUE,
        confarimamodeloaplicadoporc=7782.963
        where confarimacabezalid=68 and
        confarimamodeloaplicadoindice= 5
        and confarimamodeloaplicadoanio = 2024 and confarimamodeloaplicadomes = 7

     for 68
2024-03-12 21:42:11,583 - INFO - updated update_forecast 68
2024-03-12 21:42:11,583 - INFO -  update query  
        update confarimamodeloaplicado
        set procesado=TRUE,
        confarimamodeloaplicadoporc=7782.963
        where confarimacabezalid=68 and
        confarimamodeloaplicadoindice= 5
        and confarimamodeloaplicadoanio = 2024 and confarimamodeloaplicadomes = 7

    
2024-03-12 21:42:11,583 - INFO - updating with  
        update confarimamodeloaplicado
        set procesado=TRUE,
        confarimamodeloaplicadoporc=7782.963
        where confarimacabezalid=68 and
        confarimamodeloaplicadoindice= 5
        and confarimamodeloaplicadoanio = 2024 and confarimamodeloaplicadomes = 8

     for 68
2024-03-12 21:42:11,585 - INFO - updated update_forecast 68
2024-03-12 21:42:11,585 - INFO -  update query  
        update confarimamodeloaplicado
        set procesado=TRUE,
        confarimamodeloaplicadoporc=7782.963
        where confarimacabezalid=68 and
        confarimamodeloaplicadoindice= 5
        and confarimamodeloaplicadoanio = 2024 and confarimamodeloaplicadomes = 8

    
2024-03-12 21:42:11,585 - INFO - updating with  
        update confarimamodeloaplicado
        set procesado=TRUE,
        confarimamodeloaplicadoporc=7782.963
        where confarimacabezalid=68 and
        confarimamodeloaplicadoindice= 5
        and confarimamodeloaplicadoanio = 2024 and confarimamodeloaplicadomes = 9

     for 68
2024-03-12 21:42:11,587 - INFO - updated update_forecast 68
2024-03-12 21:42:11,587 - INFO -  update query  
        update confarimamodeloaplicado
        set procesado=TRUE,
        confarimamodeloaplicadoporc=7782.963
        where confarimacabezalid=68 and
        confarimamodeloaplicadoindice= 5
        and confarimamodeloaplicadoanio = 2024 and confarimamodeloaplicadomes = 9

    
2024-03-12 21:42:11,587 - INFO - updating with  
        update confarimamodeloaplicado
        set procesado=TRUE,
        confarimamodeloaplicadoporc=7782.963
        where confarimacabezalid=68 and
        confarimamodeloaplicadoindice= 5
        and confarimamodeloaplicadoanio = 2024 and confarimamodeloaplicadomes = 10

     for 68
2024-03-12 21:42:11,589 - INFO - updated update_forecast 68
2024-03-12 21:42:11,589 - INFO -  update query  
        update confarimamodeloaplicado
        set procesado=TRUE,
        confarimamodeloaplicadoporc=7782.963
        where confarimacabezalid=68 and
        confarimamodeloaplicadoindice= 5
        and confarimamodeloaplicadoanio = 2024 and confarimamodeloaplicadomes = 10

    
2024-03-12 21:42:11,589 - INFO - updating with  
        update confarimamodeloaplicado
        set procesado=TRUE,
        confarimamodeloaplicadoporc=7782.963
        where confarimacabezalid=68 and
        confarimamodeloaplicadoindice= 5
        and confarimamodeloaplicadoanio = 2024 and confarimamodeloaplicadomes = 11

     for 68
2024-03-12 21:42:11,591 - INFO - updated update_forecast 68
2024-03-12 21:42:11,591 - INFO -  update query  
        update confarimamodeloaplicado
        set procesado=TRUE,
        confarimamodeloaplicadoporc=7782.963
        where confarimacabezalid=68 and
        confarimamodeloaplicadoindice= 5
        and confarimamodeloaplicadoanio = 2024 and confarimamodeloaplicadomes = 11

    
2024-03-12 21:42:11,592 - INFO - updating with  
        update confarimamodeloaplicado
        set procesado=TRUE,
        confarimamodeloaplicadoporc=7782.963
        where confarimacabezalid=68 and
        confarimamodeloaplicadoindice= 5
        and confarimamodeloaplicadoanio = 2024 and confarimamodeloaplicadomes = 12

     for 68
2024-03-12 21:42:11,593 - INFO - updated update_forecast 68
2024-03-12 21:42:11,593 - INFO -  update query  
        update confarimamodeloaplicado
        set procesado=TRUE,
        confarimamodeloaplicadoporc=7782.963
        where confarimacabezalid=68 and
        confarimamodeloaplicadoindice= 5
        and confarimamodeloaplicadoanio = 2024 and confarimamodeloaplicadomes = 12

    
2024-03-12 21:42:11,594 - INFO - updating with  
        update confarimamodeloaplicado
        set procesado=TRUE,
        confarimamodeloaplicadoporc=7782.963
        where confarimacabezalid=68 and
        confarimamodeloaplicadoindice= 5
        and confarimamodeloaplicadoanio = 2024 and confarimamodeloaplicadomes = 13

     for 68
2024-03-12 21:42:11,596 - INFO - updated update_forecast 68
2024-03-12 21:42:11,596 - INFO -  update query  
        update confarimamodeloaplicado
        set procesado=TRUE,
        confarimamodeloaplicadoporc=7782.963
        where confarimacabezalid=68 and
        confarimamodeloaplicadoindice= 5
        and confarimamodeloaplicadoanio = 2024 and confarimamodeloaplicadomes = 13

    
2024-03-12 21:42:11,596 - INFO - updating with  
        update confarimamodeloaplicado
        set procesado=TRUE,
        confarimamodeloaplicadoporc=7782.963
        where confarimacabezalid=68 and
        confarimamodeloaplicadoindice= 5
        and confarimamodeloaplicadoanio = 2024 and confarimamodeloaplicadomes = 14

     for 68
2024-03-12 21:42:11,598 - INFO - updated update_forecast 68
2024-03-12 21:42:11,598 - INFO -  update query  
        update confarimamodeloaplicado
        set procesado=TRUE,
        confarimamodeloaplicadoporc=7782.963
        where confarimacabezalid=68 and
        confarimamodeloaplicadoindice= 5
        and confarimamodeloaplicadoanio = 2024 and confarimamodeloaplicadomes = 14

    
2024-03-12 21:42:11,598 - INFO - updating with  
        update confarimamodeloaplicado
        set procesado=TRUE,
        confarimamodeloaplicadoporc=7782.963
        where confarimacabezalid=68 and
        confarimamodeloaplicadoindice= 5
        and confarimamodeloaplicadoanio = 2024 and confarimamodeloaplicadomes = 15

     for 68
2024-03-12 21:42:11,600 - INFO - updated update_forecast 68
2024-03-12 21:42:11,600 - INFO -  update query  
        update confarimamodeloaplicado
        set procesado=TRUE,
        confarimamodeloaplicadoporc=7782.963
        where confarimacabezalid=68 and
        confarimamodeloaplicadoindice= 5
        and confarimamodeloaplicadoanio = 2024 and confarimamodeloaplicadomes = 15

    
2024-03-12 21:42:11,600 - INFO - updating with  
        update confarimamodeloaplicado
        set procesado=TRUE,
        confarimamodeloaplicadoporc=7782.963
        where confarimacabezalid=68 and
        confarimamodeloaplicadoindice= 5
        and confarimamodeloaplicadoanio = 2024 and confarimamodeloaplicadomes = 16

     for 68
2024-03-12 21:42:11,602 - INFO - updated update_forecast 68
2024-03-12 21:42:11,602 - INFO -  update query  
        update confarimamodeloaplicado
        set procesado=TRUE,
        confarimamodeloaplicadoporc=7782.963
        where confarimacabezalid=68 and
        confarimamodeloaplicadoindice= 5
        and confarimamodeloaplicadoanio = 2024 and confarimamodeloaplicadomes = 16

    
2024-03-12 21:42:11,602 - INFO - updating with  
        update confarimamodeloaplicado
        set procesado=TRUE,
        confarimamodeloaplicadoporc=7782.963
        where confarimacabezalid=68 and
        confarimamodeloaplicadoindice= 5
        and confarimamodeloaplicadoanio = 2024 and confarimamodeloaplicadomes = 17

     for 68
2024-03-12 21:42:11,604 - INFO - updated update_forecast 68
2024-03-12 21:42:11,604 - INFO -  update query  
        update confarimamodeloaplicado
        set procesado=TRUE,
        confarimamodeloaplicadoporc=7782.963
        where confarimacabezalid=68 and
        confarimamodeloaplicadoindice= 5
        and confarimamodeloaplicadoanio = 2024 and confarimamodeloaplicadomes = 17

    
2024-03-12 21:42:11,604 - INFO - updating with  
        update confarimamodeloaplicado
        set procesado=TRUE,
        confarimamodeloaplicadoporc=7782.963
        where confarimacabezalid=68 and
        confarimamodeloaplicadoindice= 5
        and confarimamodeloaplicadoanio = 2024 and confarimamodeloaplicadomes = 18

     for 68
2024-03-12 21:42:11,606 - INFO - updated update_forecast 68
2024-03-12 21:42:11,606 - INFO -  update query  
        update confarimamodeloaplicado
        set procesado=TRUE,
        confarimamodeloaplicadoporc=7782.963
        where confarimacabezalid=68 and
        confarimamodeloaplicadoindice= 5
        and confarimamodeloaplicadoanio = 2024 and confarimamodeloaplicadomes = 18

    
2024-03-12 21:42:11,606 - INFO - updating with  
        update confarimamodeloaplicado
        set procesado=TRUE,
        confarimamodeloaplicadoporc=7782.963
        where confarimacabezalid=68 and
        confarimamodeloaplicadoindice= 5
        and confarimamodeloaplicadoanio = 2025 and confarimamodeloaplicadomes = 1

     for 68
2024-03-12 21:42:11,608 - INFO - updated update_forecast 68
2024-03-12 21:42:11,608 - INFO -  update query  
        update confarimamodeloaplicado
        set procesado=TRUE,
        confarimamodeloaplicadoporc=7782.963
        where confarimacabezalid=68 and
        confarimamodeloaplicadoindice= 5
        and confarimamodeloaplicadoanio = 2025 and confarimamodeloaplicadomes = 1

    
2024-03-12 21:42:11,608 - INFO - updating with  
        update confarimamodeloaplicado
        set procesado=TRUE,
        confarimamodeloaplicadoporc=7782.963
        where confarimacabezalid=68 and
        confarimamodeloaplicadoindice= 5
        and confarimamodeloaplicadoanio = 2025 and confarimamodeloaplicadomes = 2

     for 68
2024-03-12 21:42:11,610 - INFO - updated update_forecast 68
2024-03-12 21:42:11,610 - INFO -  update query  
        update confarimamodeloaplicado
        set procesado=TRUE,
        confarimamodeloaplicadoporc=7782.963
        where confarimacabezalid=68 and
        confarimamodeloaplicadoindice= 5
        and confarimamodeloaplicadoanio = 2025 and confarimamodeloaplicadomes = 2

    
2024-03-12 21:42:11,610 - INFO - updating with  
        update confarimamodeloaplicado
        set procesado=TRUE,
        confarimamodeloaplicadoporc=7782.963
        where confarimacabezalid=68 and
        confarimamodeloaplicadoindice= 5
        and confarimamodeloaplicadoanio = 2025 and confarimamodeloaplicadomes = 3

     for 68
2024-03-12 21:42:11,612 - INFO - updated update_forecast 68
2024-03-12 21:42:11,612 - INFO -  update query  
        update confarimamodeloaplicado
        set procesado=TRUE,
        confarimamodeloaplicadoporc=7782.963
        where confarimacabezalid=68 and
        confarimamodeloaplicadoindice= 5
        and confarimamodeloaplicadoanio = 2025 and confarimamodeloaplicadomes = 3

    
2024-03-12 21:42:11,613 - INFO - updating with  
        update confarimamodeloaplicado
        set procesado=TRUE,
        confarimamodeloaplicadoporc=7782.963
        where confarimacabezalid=68 and
        confarimamodeloaplicadoindice= 5
        and confarimamodeloaplicadoanio = 2025 and confarimamodeloaplicadomes = 4

     for 68
2024-03-12 21:42:11,614 - INFO - updated update_forecast 68
2024-03-12 21:42:11,614 - INFO -  update query  
        update confarimamodeloaplicado
        set procesado=TRUE,
        confarimamodeloaplicadoporc=7782.963
        where confarimacabezalid=68 and
        confarimamodeloaplicadoindice= 5
        and confarimamodeloaplicadoanio = 2025 and confarimamodeloaplicadomes = 4

    
2024-03-12 21:42:11,615 - INFO - updating with  
        update confarimamodeloaplicado
        set procesado=TRUE,
        confarimamodeloaplicadoporc=7782.963
        where confarimacabezalid=68 and
        confarimamodeloaplicadoindice= 5
        and confarimamodeloaplicadoanio = 2025 and confarimamodeloaplicadomes = 5

     for 68
2024-03-12 21:42:11,616 - INFO - updated update_forecast 68
2024-03-12 21:42:11,616 - INFO -  update query  
        update confarimamodeloaplicado
        set procesado=TRUE,
        confarimamodeloaplicadoporc=7782.963
        where confarimacabezalid=68 and
        confarimamodeloaplicadoindice= 5
        and confarimamodeloaplicadoanio = 2025 and confarimamodeloaplicadomes = 5

    
2024-03-12 21:42:11,617 - INFO - updating with  
        update confarimamodeloaplicado
        set procesado=TRUE,
        confarimamodeloaplicadoporc=7782.963
        where confarimacabezalid=68 and
        confarimamodeloaplicadoindice= 5
        and confarimamodeloaplicadoanio = 2025 and confarimamodeloaplicadomes = 6

     for 68
2024-03-12 21:42:11,618 - INFO - updated update_forecast 68
2024-03-12 21:42:11,618 - INFO -  update query  
        update confarimamodeloaplicado
        set procesado=TRUE,
        confarimamodeloaplicadoporc=7782.963
        where confarimacabezalid=68 and
        confarimamodeloaplicadoindice= 5
        and confarimamodeloaplicadoanio = 2025 and confarimamodeloaplicadomes = 6

    
2024-03-12 21:42:11,618 - INFO - updating with  
        update confarimamodeloaplicado
        set procesado=TRUE,
        confarimamodeloaplicadoporc=7782.963
        where confarimacabezalid=68 and
        confarimamodeloaplicadoindice= 5
        and confarimamodeloaplicadoanio = 2025 and confarimamodeloaplicadomes = 7

     for 68
2024-03-12 21:42:11,620 - INFO - updated update_forecast 68
2024-03-12 21:42:11,620 - INFO -  update query  
        update confarimamodeloaplicado
        set procesado=TRUE,
        confarimamodeloaplicadoporc=7782.963
        where confarimacabezalid=68 and
        confarimamodeloaplicadoindice= 5
        and confarimamodeloaplicadoanio = 2025 and confarimamodeloaplicadomes = 7

    
2024-03-12 21:42:11,620 - INFO - updating with  
        update confarimamodeloaplicado
        set procesado=TRUE,
        confarimamodeloaplicadoporc=7782.963
        where confarimacabezalid=68 and
        confarimamodeloaplicadoindice= 5
        and confarimamodeloaplicadoanio = 2025 and confarimamodeloaplicadomes = 8

     for 68
2024-03-12 21:42:11,622 - INFO - updated update_forecast 68
2024-03-12 21:42:11,622 - INFO -  update query  
        update confarimamodeloaplicado
        set procesado=TRUE,
        confarimamodeloaplicadoporc=7782.963
        where confarimacabezalid=68 and
        confarimamodeloaplicadoindice= 5
        and confarimamodeloaplicadoanio = 2025 and confarimamodeloaplicadomes = 8

    
2024-03-12 21:42:11,623 - INFO - updating with  
        update confarimamodeloaplicado
        set procesado=TRUE,
        confarimamodeloaplicadoporc=7782.963
        where confarimacabezalid=68 and
        confarimamodeloaplicadoindice= 5
        and confarimamodeloaplicadoanio = 2025 and confarimamodeloaplicadomes = 9

     for 68
2024-03-12 21:42:11,624 - INFO - updated update_forecast 68
2024-03-12 21:42:11,625 - INFO -  update query  
        update confarimamodeloaplicado
        set procesado=TRUE,
        confarimamodeloaplicadoporc=7782.963
        where confarimacabezalid=68 and
        confarimamodeloaplicadoindice= 5
        and confarimamodeloaplicadoanio = 2025 and confarimamodeloaplicadomes = 9

    
2024-03-12 21:42:11,625 - INFO - updating with  
        update confarimamodeloaplicado
        set procesado=TRUE,
        confarimamodeloaplicadoporc=7782.963
        where confarimacabezalid=68 and
        confarimamodeloaplicadoindice= 5
        and confarimamodeloaplicadoanio = 2025 and confarimamodeloaplicadomes = 10

     for 68
2024-03-12 21:42:11,627 - INFO - updated update_forecast 68
2024-03-12 21:42:11,627 - INFO -  update query  
        update confarimamodeloaplicado
        set procesado=TRUE,
        confarimamodeloaplicadoporc=7782.963
        where confarimacabezalid=68 and
        confarimamodeloaplicadoindice= 5
        and confarimamodeloaplicadoanio = 2025 and confarimamodeloaplicadomes = 10

    
2024-03-12 21:42:11,627 - INFO - updating with  
        update confarimamodeloaplicado
        set procesado=TRUE,
        confarimamodeloaplicadoporc=7782.963
        where confarimacabezalid=68 and
        confarimamodeloaplicadoindice= 5
        and confarimamodeloaplicadoanio = 2025 and confarimamodeloaplicadomes = 11

     for 68
2024-03-12 21:42:11,629 - INFO - updated update_forecast 68
2024-03-12 21:42:11,629 - INFO -  update query  
        update confarimamodeloaplicado
        set procesado=TRUE,
        confarimamodeloaplicadoporc=7782.963
        where confarimacabezalid=68 and
        confarimamodeloaplicadoindice= 5
        and confarimamodeloaplicadoanio = 2025 and confarimamodeloaplicadomes = 11

    
2024-03-12 21:42:11,629 - INFO - updating with  
        update confarimamodeloaplicado
        set procesado=TRUE,
        confarimamodeloaplicadoporc=7782.963
        where confarimacabezalid=68 and
        confarimamodeloaplicadoindice= 5
        and confarimamodeloaplicadoanio = 2025 and confarimamodeloaplicadomes = 12

     for 68
2024-03-12 21:42:11,631 - INFO - updated update_forecast 68
2024-03-12 21:42:11,631 - INFO -  update query  
        update confarimamodeloaplicado
        set procesado=TRUE,
        confarimamodeloaplicadoporc=7782.963
        where confarimacabezalid=68 and
        confarimamodeloaplicadoindice= 5
        and confarimamodeloaplicadoanio = 2025 and confarimamodeloaplicadomes = 12

    
2024-03-12 21:42:11,631 - INFO - updating with  
        update confarimamodeloaplicado
        set procesado=TRUE,
        confarimamodeloaplicadoporc=7782.963
        where confarimacabezalid=68 and
        confarimamodeloaplicadoindice= 5
        and confarimamodeloaplicadoanio = 2025 and confarimamodeloaplicadomes = 13

     for 68
2024-03-12 21:42:11,633 - INFO - updated update_forecast 68
2024-03-12 21:42:11,633 - INFO -  update query  
        update confarimamodeloaplicado
        set procesado=TRUE,
        confarimamodeloaplicadoporc=7782.963
        where confarimacabezalid=68 and
        confarimamodeloaplicadoindice= 5
        and confarimamodeloaplicadoanio = 2025 and confarimamodeloaplicadomes = 13

    
2024-03-12 21:42:11,633 - INFO - updating with  
        update confarimamodeloaplicado
        set procesado=TRUE,
        confarimamodeloaplicadoporc=7782.963
        where confarimacabezalid=68 and
        confarimamodeloaplicadoindice= 5
        and confarimamodeloaplicadoanio = 2025 and confarimamodeloaplicadomes = 14

     for 68
2024-03-12 21:42:11,635 - INFO - updated update_forecast 68
2024-03-12 21:42:11,635 - INFO -  update query  
        update confarimamodeloaplicado
        set procesado=TRUE,
        confarimamodeloaplicadoporc=7782.963
        where confarimacabezalid=68 and
        confarimamodeloaplicadoindice= 5
        and confarimamodeloaplicadoanio = 2025 and confarimamodeloaplicadomes = 14

    
2024-03-12 21:42:11,635 - INFO - updating with  
        update confarimamodeloaplicado
        set procesado=TRUE,
        confarimamodeloaplicadoporc=7782.963
        where confarimacabezalid=68 and
        confarimamodeloaplicadoindice= 5
        and confarimamodeloaplicadoanio = 2025 and confarimamodeloaplicadomes = 15

     for 68
2024-03-12 21:42:11,637 - INFO - updated update_forecast 68
2024-03-12 21:42:11,637 - INFO -  update query  
        update confarimamodeloaplicado
        set procesado=TRUE,
        confarimamodeloaplicadoporc=7782.963
        where confarimacabezalid=68 and
        confarimamodeloaplicadoindice= 5
        and confarimamodeloaplicadoanio = 2025 and confarimamodeloaplicadomes = 15

    
2024-03-12 21:42:11,637 - INFO - updating with  
        update confarimamodeloaplicado
        set procesado=TRUE,
        confarimamodeloaplicadoporc=7782.963
        where confarimacabezalid=68 and
        confarimamodeloaplicadoindice= 5
        and confarimamodeloaplicadoanio = 2025 and confarimamodeloaplicadomes = 16

     for 68
2024-03-12 21:42:11,639 - INFO - updated update_forecast 68
2024-03-12 21:42:11,639 - INFO -  update query  
        update confarimamodeloaplicado
        set procesado=TRUE,
        confarimamodeloaplicadoporc=7782.963
        where confarimacabezalid=68 and
        confarimamodeloaplicadoindice= 5
        and confarimamodeloaplicadoanio = 2025 and confarimamodeloaplicadomes = 16

    
2024-03-12 21:42:11,639 - INFO - updating with  
        update confarimamodeloaplicado
        set procesado=TRUE,
        confarimamodeloaplicadoporc=7782.963
        where confarimacabezalid=68 and
        confarimamodeloaplicadoindice= 5
        and confarimamodeloaplicadoanio = 2025 and confarimamodeloaplicadomes = 17

     for 68
2024-03-12 21:42:11,641 - INFO - updated update_forecast 68
2024-03-12 21:42:11,641 - INFO -  update query  
        update confarimamodeloaplicado
        set procesado=TRUE,
        confarimamodeloaplicadoporc=7782.963
        where confarimacabezalid=68 and
        confarimamodeloaplicadoindice= 5
        and confarimamodeloaplicadoanio = 2025 and confarimamodeloaplicadomes = 17

    
2024-03-12 21:42:11,641 - INFO - updating with  
        update confarimamodeloaplicado
        set procesado=TRUE,
        confarimamodeloaplicadoporc=7782.963
        where confarimacabezalid=68 and
        confarimamodeloaplicadoindice= 5
        and confarimamodeloaplicadoanio = 2025 and confarimamodeloaplicadomes = 18

     for 68
2024-03-12 21:42:11,643 - INFO - updated update_forecast 68
2024-03-12 21:42:11,644 - INFO -  update query  
        update confarimamodeloaplicado
        set procesado=TRUE,
        confarimamodeloaplicadoporc=7782.963
        where confarimacabezalid=68 and
        confarimamodeloaplicadoindice= 5
        and confarimamodeloaplicadoanio = 2025 and confarimamodeloaplicadomes = 18

    
2024-03-12 21:42:11,644 - INFO - updating with  
        update confarimamodeloaplicado
        set procesado=TRUE,
        confarimamodeloaplicadoporc=7782.963
        where confarimacabezalid=68 and
        confarimamodeloaplicadoindice= 5
        and confarimamodeloaplicadoanio = 2026 and confarimamodeloaplicadomes = 1

     for 68
2024-03-12 21:42:11,645 - INFO - updated update_forecast 68
2024-03-12 21:42:11,646 - INFO -  update query  
        update confarimamodeloaplicado
        set procesado=TRUE,
        confarimamodeloaplicadoporc=7782.963
        where confarimacabezalid=68 and
        confarimamodeloaplicadoindice= 5
        and confarimamodeloaplicadoanio = 2026 and confarimamodeloaplicadomes = 1

    
2024-03-12 21:42:11,646 - INFO - updating with  
        update confarimamodeloaplicado
        set procesado=TRUE,
        confarimamodeloaplicadoporc=7782.963
        where confarimacabezalid=68 and
        confarimamodeloaplicadoindice= 5
        and confarimamodeloaplicadoanio = 2026 and confarimamodeloaplicadomes = 2

     for 68
2024-03-12 21:42:11,647 - INFO - updated update_forecast 68
2024-03-12 21:42:11,647 - INFO -  update query  
        update confarimamodeloaplicado
        set procesado=TRUE,
        confarimamodeloaplicadoporc=7782.963
        where confarimacabezalid=68 and
        confarimamodeloaplicadoindice= 5
        and confarimamodeloaplicadoanio = 2026 and confarimamodeloaplicadomes = 2

    
2024-03-12 21:42:11,648 - INFO - updating with  
        update confarimamodeloaplicado
        set procesado=TRUE,
        confarimamodeloaplicadoporc=7782.963
        where confarimacabezalid=68 and
        confarimamodeloaplicadoindice= 5
        and confarimamodeloaplicadoanio = 2026 and confarimamodeloaplicadomes = 3

     for 68
2024-03-12 21:42:11,649 - INFO - updated update_forecast 68
2024-03-12 21:42:11,650 - INFO -  update query  
        update confarimamodeloaplicado
        set procesado=TRUE,
        confarimamodeloaplicadoporc=7782.963
        where confarimacabezalid=68 and
        confarimamodeloaplicadoindice= 5
        and confarimamodeloaplicadoanio = 2026 and confarimamodeloaplicadomes = 3

    
2024-03-12 21:42:11,650 - INFO - updating with  
        update confarimamodeloaplicado
        set procesado=TRUE,
        confarimamodeloaplicadoporc=7782.963
        where confarimacabezalid=68 and
        confarimamodeloaplicadoindice= 5
        and confarimamodeloaplicadoanio = 2026 and confarimamodeloaplicadomes = 4

     for 68
2024-03-12 21:42:11,651 - INFO - updated update_forecast 68
2024-03-12 21:42:11,652 - INFO -  update query  
        update confarimamodeloaplicado
        set procesado=TRUE,
        confarimamodeloaplicadoporc=7782.963
        where confarimacabezalid=68 and
        confarimamodeloaplicadoindice= 5
        and confarimamodeloaplicadoanio = 2026 and confarimamodeloaplicadomes = 4

    
2024-03-12 21:42:11,652 - INFO - updating with  
        update confarimamodeloaplicado
        set procesado=TRUE,
        confarimamodeloaplicadoporc=7782.963
        where confarimacabezalid=68 and
        confarimamodeloaplicadoindice= 5
        and confarimamodeloaplicadoanio = 2026 and confarimamodeloaplicadomes = 5

     for 68
2024-03-12 21:42:11,653 - INFO - updated update_forecast 68
2024-03-12 21:42:11,654 - INFO -  update query  
        update confarimamodeloaplicado
        set procesado=TRUE,
        confarimamodeloaplicadoporc=7782.963
        where confarimacabezalid=68 and
        confarimamodeloaplicadoindice= 5
        and confarimamodeloaplicadoanio = 2026 and confarimamodeloaplicadomes = 5

    
2024-03-12 21:42:11,654 - INFO - updating with  
        update confarimamodeloaplicado
        set procesado=TRUE,
        confarimamodeloaplicadoporc=7782.963
        where confarimacabezalid=68 and
        confarimamodeloaplicadoindice= 5
        and confarimamodeloaplicadoanio = 2026 and confarimamodeloaplicadomes = 6

     for 68
2024-03-12 21:42:11,656 - INFO - updated update_forecast 68
2024-03-12 21:42:11,656 - INFO -  update query  
        update confarimamodeloaplicado
        set procesado=TRUE,
        confarimamodeloaplicadoporc=7782.963
        where confarimacabezalid=68 and
        confarimamodeloaplicadoindice= 5
        and confarimamodeloaplicadoanio = 2026 and confarimamodeloaplicadomes = 6

    
2024-03-12 21:42:11,656 - INFO - updating with  
        update confarimamodeloaplicado
        set procesado=TRUE,
        confarimamodeloaplicadoporc=7782.963
        where confarimacabezalid=68 and
        confarimamodeloaplicadoindice= 5
        and confarimamodeloaplicadoanio = 2026 and confarimamodeloaplicadomes = 7

     for 68
2024-03-12 21:42:11,658 - INFO - updated update_forecast 68
2024-03-12 21:42:11,658 - INFO -  update query  
        update confarimamodeloaplicado
        set procesado=TRUE,
        confarimamodeloaplicadoporc=7782.963
        where confarimacabezalid=68 and
        confarimamodeloaplicadoindice= 5
        and confarimamodeloaplicadoanio = 2026 and confarimamodeloaplicadomes = 7

    
2024-03-12 21:42:11,658 - INFO - updating with  
        update confarimamodeloaplicado
        set procesado=TRUE,
        confarimamodeloaplicadoporc=7782.963
        where confarimacabezalid=68 and
        confarimamodeloaplicadoindice= 5
        and confarimamodeloaplicadoanio = 2026 and confarimamodeloaplicadomes = 8

     for 68
2024-03-12 21:42:11,660 - INFO - updated update_forecast 68
2024-03-12 21:42:11,660 - INFO -  update query  
        update confarimamodeloaplicado
        set procesado=TRUE,
        confarimamodeloaplicadoporc=7782.963
        where confarimacabezalid=68 and
        confarimamodeloaplicadoindice= 5
        and confarimamodeloaplicadoanio = 2026 and confarimamodeloaplicadomes = 8

    
2024-03-12 21:42:11,660 - INFO - updating with  
        update confarimamodeloaplicado
        set procesado=TRUE,
        confarimamodeloaplicadoporc=7782.963
        where confarimacabezalid=68 and
        confarimamodeloaplicadoindice= 5
        and confarimamodeloaplicadoanio = 2026 and confarimamodeloaplicadomes = 9

     for 68
2024-03-12 21:42:11,662 - INFO - updated update_forecast 68
2024-03-12 21:42:11,662 - INFO -  update query  
        update confarimamodeloaplicado
        set procesado=TRUE,
        confarimamodeloaplicadoporc=7782.963
        where confarimacabezalid=68 and
        confarimamodeloaplicadoindice= 5
        and confarimamodeloaplicadoanio = 2026 and confarimamodeloaplicadomes = 9

    
2024-03-12 21:42:11,663 - INFO - updating with  
        update confarimamodeloaplicado
        set procesado=TRUE,
        confarimamodeloaplicadoporc=7782.963
        where confarimacabezalid=68 and
        confarimamodeloaplicadoindice= 5
        and confarimamodeloaplicadoanio = 2026 and confarimamodeloaplicadomes = 10

     for 68
2024-03-12 21:42:11,667 - INFO - updated update_forecast 68
2024-03-12 21:42:11,667 - INFO -  update query  
        update confarimamodeloaplicado
        set procesado=TRUE,
        confarimamodeloaplicadoporc=7782.963
        where confarimacabezalid=68 and
        confarimamodeloaplicadoindice= 5
        and confarimamodeloaplicadoanio = 2026 and confarimamodeloaplicadomes = 10

    
2024-03-12 21:42:11,668 - INFO - updating with  
        update confarimamodeloaplicado
        set procesado=TRUE,
        confarimamodeloaplicadoporc=7782.963
        where confarimacabezalid=68 and
        confarimamodeloaplicadoindice= 5
        and confarimamodeloaplicadoanio = 2026 and confarimamodeloaplicadomes = 11

     for 68
2024-03-12 21:42:11,670 - INFO - updated update_forecast 68
2024-03-12 21:42:11,670 - INFO -  update query  
        update confarimamodeloaplicado
        set procesado=TRUE,
        confarimamodeloaplicadoporc=7782.963
        where confarimacabezalid=68 and
        confarimamodeloaplicadoindice= 5
        and confarimamodeloaplicadoanio = 2026 and confarimamodeloaplicadomes = 11

    
2024-03-12 21:42:11,670 - INFO - updating with  
        update confarimamodeloaplicado
        set procesado=TRUE,
        confarimamodeloaplicadoporc=7782.963
        where confarimacabezalid=68 and
        confarimamodeloaplicadoindice= 5
        and confarimamodeloaplicadoanio = 2026 and confarimamodeloaplicadomes = 12

     for 68
2024-03-12 21:42:11,672 - INFO - updated update_forecast 68
2024-03-12 21:42:11,672 - INFO -  update query  
        update confarimamodeloaplicado
        set procesado=TRUE,
        confarimamodeloaplicadoporc=7782.963
        where confarimacabezalid=68 and
        confarimamodeloaplicadoindice= 5
        and confarimamodeloaplicadoanio = 2026 and confarimamodeloaplicadomes = 12

    
2024-03-12 21:42:11,672 - INFO - updating with  
        update confarimamodeloaplicado
        set procesado=TRUE,
        confarimamodeloaplicadoporc=7782.963
        where confarimacabezalid=68 and
        confarimamodeloaplicadoindice= 5
        and confarimamodeloaplicadoanio = 2026 and confarimamodeloaplicadomes = 13

     for 68
2024-03-12 21:42:11,674 - INFO - updated update_forecast 68
2024-03-12 21:42:11,674 - INFO -  update query  
        update confarimamodeloaplicado
        set procesado=TRUE,
        confarimamodeloaplicadoporc=7782.963
        where confarimacabezalid=68 and
        confarimamodeloaplicadoindice= 5
        and confarimamodeloaplicadoanio = 2026 and confarimamodeloaplicadomes = 13

    
2024-03-12 21:42:11,674 - INFO - updating with  
        update confarimamodeloaplicado
        set procesado=TRUE,
        confarimamodeloaplicadoporc=7782.963
        where confarimacabezalid=68 and
        confarimamodeloaplicadoindice= 5
        and confarimamodeloaplicadoanio = 2026 and confarimamodeloaplicadomes = 14

     for 68
2024-03-12 21:42:11,676 - INFO - updated update_forecast 68
2024-03-12 21:42:11,676 - INFO -  update query  
        update confarimamodeloaplicado
        set procesado=TRUE,
        confarimamodeloaplicadoporc=7782.963
        where confarimacabezalid=68 and
        confarimamodeloaplicadoindice= 5
        and confarimamodeloaplicadoanio = 2026 and confarimamodeloaplicadomes = 14

    
2024-03-12 21:42:11,677 - INFO - updating with  
        update confarimamodeloaplicado
        set procesado=TRUE,
        confarimamodeloaplicadoporc=7782.963
        where confarimacabezalid=68 and
        confarimamodeloaplicadoindice= 5
        and confarimamodeloaplicadoanio = 2026 and confarimamodeloaplicadomes = 15

     for 68
2024-03-12 21:42:11,678 - INFO - updated update_forecast 68
2024-03-12 21:42:11,678 - INFO -  update query  
        update confarimamodeloaplicado
        set procesado=TRUE,
        confarimamodeloaplicadoporc=7782.963
        where confarimacabezalid=68 and
        confarimamodeloaplicadoindice= 5
        and confarimamodeloaplicadoanio = 2026 and confarimamodeloaplicadomes = 15

    
2024-03-12 21:42:11,678 - INFO - updating with  
        update confarimamodeloaplicado
        set procesado=TRUE,
        confarimamodeloaplicadoporc=7782.963
        where confarimacabezalid=68 and
        confarimamodeloaplicadoindice= 5
        and confarimamodeloaplicadoanio = 2026 and confarimamodeloaplicadomes = 16

     for 68
2024-03-12 21:42:11,680 - INFO - updated update_forecast 68
2024-03-12 21:42:11,680 - INFO -  update query  
        update confarimamodeloaplicado
        set procesado=TRUE,
        confarimamodeloaplicadoporc=7782.963
        where confarimacabezalid=68 and
        confarimamodeloaplicadoindice= 5
        and confarimamodeloaplicadoanio = 2026 and confarimamodeloaplicadomes = 16

    
2024-03-12 21:42:11,680 - INFO - updating with  
        update confarimamodeloaplicado
        set procesado=TRUE,
        confarimamodeloaplicadoporc=7782.963
        where confarimacabezalid=68 and
        confarimamodeloaplicadoindice= 5
        and confarimamodeloaplicadoanio = 2026 and confarimamodeloaplicadomes = 17

     for 68
2024-03-12 21:42:11,682 - INFO - updated update_forecast 68
2024-03-12 21:42:11,682 - INFO -  update query  
        update confarimamodeloaplicado
        set procesado=TRUE,
        confarimamodeloaplicadoporc=7782.963
        where confarimacabezalid=68 and
        confarimamodeloaplicadoindice= 5
        and confarimamodeloaplicadoanio = 2026 and confarimamodeloaplicadomes = 17

    
2024-03-12 21:42:11,682 - INFO - updating with  
        update confarimamodeloaplicado
        set procesado=TRUE,
        confarimamodeloaplicadoporc=7782.963
        where confarimacabezalid=68 and
        confarimamodeloaplicadoindice= 5
        and confarimamodeloaplicadoanio = 2026 and confarimamodeloaplicadomes = 18

     for 68
2024-03-12 21:42:11,684 - INFO - updated update_forecast 68
2024-03-12 21:42:11,684 - INFO -  update query  
        update confarimamodeloaplicado
        set procesado=TRUE,
        confarimamodeloaplicadoporc=7782.963
        where confarimacabezalid=68 and
        confarimamodeloaplicadoindice= 5
        and confarimamodeloaplicadoanio = 2026 and confarimamodeloaplicadomes = 18

    
2024-03-12 21:42:11,684 - INFO - updating with  
        update confarimamodeloaplicado
        set procesado=TRUE,
        confarimamodeloaplicadoporc=7782.963
        where confarimacabezalid=68 and
        confarimamodeloaplicadoindice= 5
        and confarimamodeloaplicadoanio = 2027 and confarimamodeloaplicadomes = 1

     for 68
2024-03-12 21:42:11,686 - INFO - updated update_forecast 68
2024-03-12 21:42:11,686 - INFO -  update query  
        update confarimamodeloaplicado
        set procesado=TRUE,
        confarimamodeloaplicadoporc=7782.963
        where confarimacabezalid=68 and
        confarimamodeloaplicadoindice= 5
        and confarimamodeloaplicadoanio = 2027 and confarimamodeloaplicadomes = 1

    
2024-03-12 21:42:11,686 - INFO - updating with  
        update confarimamodeloaplicado
        set procesado=TRUE,
        confarimamodeloaplicadoporc=7782.963
        where confarimacabezalid=68 and
        confarimamodeloaplicadoindice= 5
        and confarimamodeloaplicadoanio = 2027 and confarimamodeloaplicadomes = 2

     for 68
2024-03-12 21:42:11,688 - INFO - updated update_forecast 68
2024-03-12 21:42:11,688 - INFO -  update query  
        update confarimamodeloaplicado
        set procesado=TRUE,
        confarimamodeloaplicadoporc=7782.963
        where confarimacabezalid=68 and
        confarimamodeloaplicadoindice= 5
        and confarimamodeloaplicadoanio = 2027 and confarimamodeloaplicadomes = 2

    
2024-03-12 21:42:11,688 - INFO - updating with  
        update confarimamodeloaplicado
        set procesado=TRUE,
        confarimamodeloaplicadoporc=7782.963
        where confarimacabezalid=68 and
        confarimamodeloaplicadoindice= 5
        and confarimamodeloaplicadoanio = 2027 and confarimamodeloaplicadomes = 3

     for 68
2024-03-12 21:42:11,690 - INFO - updated update_forecast 68
2024-03-12 21:42:11,690 - INFO -  update query  
        update confarimamodeloaplicado
        set procesado=TRUE,
        confarimamodeloaplicadoporc=7782.963
        where confarimacabezalid=68 and
        confarimamodeloaplicadoindice= 5
        and confarimamodeloaplicadoanio = 2027 and confarimamodeloaplicadomes = 3

    
2024-03-12 21:42:11,691 - INFO - updating with  
        update confarimamodeloaplicado
        set procesado=TRUE,
        confarimamodeloaplicadoporc=7782.963
        where confarimacabezalid=68 and
        confarimamodeloaplicadoindice= 5
        and confarimamodeloaplicadoanio = 2027 and confarimamodeloaplicadomes = 4

     for 68
2024-03-12 21:42:11,693 - INFO - updated update_forecast 68
2024-03-12 21:42:11,693 - INFO -  update query  
        update confarimamodeloaplicado
        set procesado=TRUE,
        confarimamodeloaplicadoporc=7782.963
        where confarimacabezalid=68 and
        confarimamodeloaplicadoindice= 5
        and confarimamodeloaplicadoanio = 2027 and confarimamodeloaplicadomes = 4

    
2024-03-12 21:42:11,693 - INFO - updating with  
        update confarimamodeloaplicado
        set procesado=TRUE,
        confarimamodeloaplicadoporc=7782.963
        where confarimacabezalid=68 and
        confarimamodeloaplicadoindice= 5
        and confarimamodeloaplicadoanio = 2027 and confarimamodeloaplicadomes = 5

     for 68
2024-03-12 21:42:11,694 - INFO - updated update_forecast 68
2024-03-12 21:42:11,694 - INFO -  update query  
        update confarimamodeloaplicado
        set procesado=TRUE,
        confarimamodeloaplicadoporc=7782.963
        where confarimacabezalid=68 and
        confarimamodeloaplicadoindice= 5
        and confarimamodeloaplicadoanio = 2027 and confarimamodeloaplicadomes = 5

    
2024-03-12 21:42:11,695 - INFO - updating with  
        update confarimamodeloaplicado
        set procesado=TRUE,
        confarimamodeloaplicadoporc=7782.963
        where confarimacabezalid=68 and
        confarimamodeloaplicadoindice= 5
        and confarimamodeloaplicadoanio = 2027 and confarimamodeloaplicadomes = 6

     for 68
2024-03-12 21:42:11,696 - INFO - updated update_forecast 68
2024-03-12 21:42:11,696 - INFO -  update query  
        update confarimamodeloaplicado
        set procesado=TRUE,
        confarimamodeloaplicadoporc=7782.963
        where confarimacabezalid=68 and
        confarimamodeloaplicadoindice= 5
        and confarimamodeloaplicadoanio = 2027 and confarimamodeloaplicadomes = 6

    
2024-03-12 21:42:11,696 - INFO - updating with  
        update confarimamodeloaplicado
        set procesado=TRUE,
        confarimamodeloaplicadoporc=7782.963
        where confarimacabezalid=68 and
        confarimamodeloaplicadoindice= 5
        and confarimamodeloaplicadoanio = 2027 and confarimamodeloaplicadomes = 7

     for 68
2024-03-12 21:42:11,698 - INFO - updated update_forecast 68
2024-03-12 21:42:11,698 - INFO -  update query  
        update confarimamodeloaplicado
        set procesado=TRUE,
        confarimamodeloaplicadoporc=7782.963
        where confarimacabezalid=68 and
        confarimamodeloaplicadoindice= 5
        and confarimamodeloaplicadoanio = 2027 and confarimamodeloaplicadomes = 7

    
2024-03-12 21:42:11,698 - INFO - updating with  
        update confarimamodeloaplicado
        set procesado=TRUE,
        confarimamodeloaplicadoporc=7782.963
        where confarimacabezalid=68 and
        confarimamodeloaplicadoindice= 5
        and confarimamodeloaplicadoanio = 2027 and confarimamodeloaplicadomes = 8

     for 68
2024-03-12 21:42:11,700 - INFO - updated update_forecast 68
2024-03-12 21:42:11,700 - INFO -  update query  
        update confarimamodeloaplicado
        set procesado=TRUE,
        confarimamodeloaplicadoporc=7782.963
        where confarimacabezalid=68 and
        confarimamodeloaplicadoindice= 5
        and confarimamodeloaplicadoanio = 2027 and confarimamodeloaplicadomes = 8

    
2024-03-12 21:42:11,700 - INFO - updating with  
        update confarimamodeloaplicado
        set procesado=TRUE,
        confarimamodeloaplicadoporc=7782.963
        where confarimacabezalid=68 and
        confarimamodeloaplicadoindice= 5
        and confarimamodeloaplicadoanio = 2027 and confarimamodeloaplicadomes = 9

     for 68
2024-03-12 21:42:11,702 - INFO - updated update_forecast 68
2024-03-12 21:42:11,703 - INFO -  update query  
        update confarimamodeloaplicado
        set procesado=TRUE,
        confarimamodeloaplicadoporc=7782.963
        where confarimacabezalid=68 and
        confarimamodeloaplicadoindice= 5
        and confarimamodeloaplicadoanio = 2027 and confarimamodeloaplicadomes = 9

    
2024-03-12 21:42:11,703 - INFO - updating with  
        update confarimamodeloaplicado
        set procesado=TRUE,
        confarimamodeloaplicadoporc=7782.963
        where confarimacabezalid=68 and
        confarimamodeloaplicadoindice= 5
        and confarimamodeloaplicadoanio = 2027 and confarimamodeloaplicadomes = 10

     for 68
2024-03-12 21:42:11,704 - INFO - updated update_forecast 68
2024-03-12 21:42:11,704 - INFO -  update query  
        update confarimamodeloaplicado
        set procesado=TRUE,
        confarimamodeloaplicadoporc=7782.963
        where confarimacabezalid=68 and
        confarimamodeloaplicadoindice= 5
        and confarimamodeloaplicadoanio = 2027 and confarimamodeloaplicadomes = 10

    
2024-03-12 21:42:11,705 - INFO - updating with  
        update confarimamodeloaplicado
        set procesado=TRUE,
        confarimamodeloaplicadoporc=7782.963
        where confarimacabezalid=68 and
        confarimamodeloaplicadoindice= 5
        and confarimamodeloaplicadoanio = 2027 and confarimamodeloaplicadomes = 11

     for 68
2024-03-12 21:42:11,706 - INFO - updated update_forecast 68
2024-03-12 21:42:11,707 - INFO -  update query  
        update confarimamodeloaplicado
        set procesado=TRUE,
        confarimamodeloaplicadoporc=7782.963
        where confarimacabezalid=68 and
        confarimamodeloaplicadoindice= 5
        and confarimamodeloaplicadoanio = 2027 and confarimamodeloaplicadomes = 11

    
2024-03-12 21:42:11,707 - INFO - updating with  
        update confarimamodeloaplicado
        set procesado=TRUE,
        confarimamodeloaplicadoporc=7782.963
        where confarimacabezalid=68 and
        confarimamodeloaplicadoindice= 5
        and confarimamodeloaplicadoanio = 2027 and confarimamodeloaplicadomes = 12

     for 68
2024-03-12 21:42:11,709 - INFO - updated update_forecast 68
2024-03-12 21:42:11,709 - INFO -  update query  
        update confarimamodeloaplicado
        set procesado=TRUE,
        confarimamodeloaplicadoporc=7782.963
        where confarimacabezalid=68 and
        confarimamodeloaplicadoindice= 5
        and confarimamodeloaplicadoanio = 2027 and confarimamodeloaplicadomes = 12

    
2024-03-12 21:42:11,709 - INFO - updating with  
        update confarimamodeloaplicado
        set procesado=TRUE,
        confarimamodeloaplicadoporc=7782.963
        where confarimacabezalid=68 and
        confarimamodeloaplicadoindice= 5
        and confarimamodeloaplicadoanio = 2027 and confarimamodeloaplicadomes = 13

     for 68
2024-03-12 21:42:11,711 - INFO - updated update_forecast 68
2024-03-12 21:42:11,711 - INFO -  update query  
        update confarimamodeloaplicado
        set procesado=TRUE,
        confarimamodeloaplicadoporc=7782.963
        where confarimacabezalid=68 and
        confarimamodeloaplicadoindice= 5
        and confarimamodeloaplicadoanio = 2027 and confarimamodeloaplicadomes = 13

    
2024-03-12 21:42:11,711 - INFO - updating with  
        update confarimamodeloaplicado
        set procesado=TRUE,
        confarimamodeloaplicadoporc=7782.963
        where confarimacabezalid=68 and
        confarimamodeloaplicadoindice= 5
        and confarimamodeloaplicadoanio = 2027 and confarimamodeloaplicadomes = 14

     for 68
2024-03-12 21:42:11,713 - INFO - updated update_forecast 68
2024-03-12 21:42:11,713 - INFO -  update query  
        update confarimamodeloaplicado
        set procesado=TRUE,
        confarimamodeloaplicadoporc=7782.963
        where confarimacabezalid=68 and
        confarimamodeloaplicadoindice= 5
        and confarimamodeloaplicadoanio = 2027 and confarimamodeloaplicadomes = 14

    
2024-03-12 21:42:11,713 - INFO - updating with  
        update confarimamodeloaplicado
        set procesado=TRUE,
        confarimamodeloaplicadoporc=7782.963
        where confarimacabezalid=68 and
        confarimamodeloaplicadoindice= 5
        and confarimamodeloaplicadoanio = 2027 and confarimamodeloaplicadomes = 15

     for 68
2024-03-12 21:42:11,715 - INFO - updated update_forecast 68
2024-03-12 21:42:11,715 - INFO -  update query  
        update confarimamodeloaplicado
        set procesado=TRUE,
        confarimamodeloaplicadoporc=7782.963
        where confarimacabezalid=68 and
        confarimamodeloaplicadoindice= 5
        and confarimamodeloaplicadoanio = 2027 and confarimamodeloaplicadomes = 15

    
2024-03-12 21:42:11,716 - INFO - updating with  
        update confarimamodeloaplicado
        set procesado=TRUE,
        confarimamodeloaplicadoporc=7782.963
        where confarimacabezalid=68 and
        confarimamodeloaplicadoindice= 5
        and confarimamodeloaplicadoanio = 2027 and confarimamodeloaplicadomes = 16

     for 68
2024-03-12 21:42:11,717 - INFO - updated update_forecast 68
2024-03-12 21:42:11,717 - INFO -  update query  
        update confarimamodeloaplicado
        set procesado=TRUE,
        confarimamodeloaplicadoporc=7782.963
        where confarimacabezalid=68 and
        confarimamodeloaplicadoindice= 5
        and confarimamodeloaplicadoanio = 2027 and confarimamodeloaplicadomes = 16

    
2024-03-12 21:42:11,718 - INFO - updating with  
        update confarimamodeloaplicado
        set procesado=TRUE,
        confarimamodeloaplicadoporc=7782.963
        where confarimacabezalid=68 and
        confarimamodeloaplicadoindice= 5
        and confarimamodeloaplicadoanio = 2027 and confarimamodeloaplicadomes = 17

     for 68
2024-03-12 21:42:11,719 - INFO - updated update_forecast 68
2024-03-12 21:42:11,720 - INFO -  update query  
        update confarimamodeloaplicado
        set procesado=TRUE,
        confarimamodeloaplicadoporc=7782.963
        where confarimacabezalid=68 and
        confarimamodeloaplicadoindice= 5
        and confarimamodeloaplicadoanio = 2027 and confarimamodeloaplicadomes = 17

    
2024-03-12 21:42:11,720 - INFO - updating with  
        update confarimamodeloaplicado
        set procesado=TRUE,
        confarimamodeloaplicadoporc=7782.963
        where confarimacabezalid=68 and
        confarimamodeloaplicadoindice= 5
        and confarimamodeloaplicadoanio = 2027 and confarimamodeloaplicadomes = 18

     for 68
2024-03-12 21:42:11,722 - INFO - updated update_forecast 68
2024-03-12 21:42:11,722 - INFO -  update query  
        update confarimamodeloaplicado
        set procesado=TRUE,
        confarimamodeloaplicadoporc=7782.963
        where confarimacabezalid=68 and
        confarimamodeloaplicadoindice= 5
        and confarimamodeloaplicadoanio = 2027 and confarimamodeloaplicadomes = 18

    
2024-03-12 21:42:11,722 - INFO - updating with  
        update confarimamodeloaplicado
        set procesado=TRUE,
        confarimamodeloaplicadoporc=7782.963
        where confarimacabezalid=68 and
        confarimamodeloaplicadoindice= 5
        and confarimamodeloaplicadoanio = 2028 and confarimamodeloaplicadomes = 1

     for 68
2024-03-12 21:42:11,724 - INFO - updated update_forecast 68
2024-03-12 21:42:11,724 - INFO -  update query  
        update confarimamodeloaplicado
        set procesado=TRUE,
        confarimamodeloaplicadoporc=7782.963
        where confarimacabezalid=68 and
        confarimamodeloaplicadoindice= 5
        and confarimamodeloaplicadoanio = 2028 and confarimamodeloaplicadomes = 1

    
2024-03-12 21:42:11,724 - INFO - updating with  
        update confarimamodeloaplicado
        set procesado=TRUE,
        confarimamodeloaplicadoporc=7782.963
        where confarimacabezalid=68 and
        confarimamodeloaplicadoindice= 5
        and confarimamodeloaplicadoanio = 2028 and confarimamodeloaplicadomes = 2

     for 68
2024-03-12 21:42:11,726 - INFO - updated update_forecast 68
2024-03-12 21:42:11,726 - INFO -  update query  
        update confarimamodeloaplicado
        set procesado=TRUE,
        confarimamodeloaplicadoporc=7782.963
        where confarimacabezalid=68 and
        confarimamodeloaplicadoindice= 5
        and confarimamodeloaplicadoanio = 2028 and confarimamodeloaplicadomes = 2

    
2024-03-12 21:42:11,726 - INFO - updating with  
        update confarimamodeloaplicado
        set procesado=TRUE,
        confarimamodeloaplicadoporc=7782.963
        where confarimacabezalid=68 and
        confarimamodeloaplicadoindice= 5
        and confarimamodeloaplicadoanio = 2028 and confarimamodeloaplicadomes = 3

     for 68
2024-03-12 21:42:11,728 - INFO - updated update_forecast 68
2024-03-12 21:42:11,728 - INFO -  update query  
        update confarimamodeloaplicado
        set procesado=TRUE,
        confarimamodeloaplicadoporc=7782.963
        where confarimacabezalid=68 and
        confarimamodeloaplicadoindice= 5
        and confarimamodeloaplicadoanio = 2028 and confarimamodeloaplicadomes = 3

    
2024-03-12 21:42:11,728 - INFO - updating with  
        update confarimamodeloaplicado
        set procesado=TRUE,
        confarimamodeloaplicadoporc=7782.963
        where confarimacabezalid=68 and
        confarimamodeloaplicadoindice= 5
        and confarimamodeloaplicadoanio = 2028 and confarimamodeloaplicadomes = 4

     for 68
2024-03-12 21:42:11,730 - INFO - updated update_forecast 68
2024-03-12 21:42:11,730 - INFO -  update query  
        update confarimamodeloaplicado
        set procesado=TRUE,
        confarimamodeloaplicadoporc=7782.963
        where confarimacabezalid=68 and
        confarimamodeloaplicadoindice= 5
        and confarimamodeloaplicadoanio = 2028 and confarimamodeloaplicadomes = 4

    
2024-03-12 21:42:11,730 - INFO - updating with  
        update confarimamodeloaplicado
        set procesado=TRUE,
        confarimamodeloaplicadoporc=7782.963
        where confarimacabezalid=68 and
        confarimamodeloaplicadoindice= 5
        and confarimamodeloaplicadoanio = 2028 and confarimamodeloaplicadomes = 5

     for 68
2024-03-12 21:42:11,732 - INFO - updated update_forecast 68
2024-03-12 21:42:11,732 - INFO -  update query  
        update confarimamodeloaplicado
        set procesado=TRUE,
        confarimamodeloaplicadoporc=7782.963
        where confarimacabezalid=68 and
        confarimamodeloaplicadoindice= 5
        and confarimamodeloaplicadoanio = 2028 and confarimamodeloaplicadomes = 5

    
2024-03-12 21:42:11,732 - INFO - updating with  
        update confarimamodeloaplicado
        set procesado=TRUE,
        confarimamodeloaplicadoporc=7782.963
        where confarimacabezalid=68 and
        confarimamodeloaplicadoindice= 5
        and confarimamodeloaplicadoanio = 2028 and confarimamodeloaplicadomes = 6

     for 68
2024-03-12 21:42:11,734 - INFO - updated update_forecast 68
2024-03-12 21:42:11,735 - INFO -  update query  
        update confarimamodeloaplicado
        set procesado=TRUE,
        confarimamodeloaplicadoporc=7782.963
        where confarimacabezalid=68 and
        confarimamodeloaplicadoindice= 5
        and confarimamodeloaplicadoanio = 2028 and confarimamodeloaplicadomes = 6

    
2024-03-12 21:42:11,735 - INFO - updating with  
        update confarimamodeloaplicado
        set procesado=TRUE,
        confarimamodeloaplicadoporc=7782.963
        where confarimacabezalid=68 and
        confarimamodeloaplicadoindice= 5
        and confarimamodeloaplicadoanio = 2028 and confarimamodeloaplicadomes = 7

     for 68
2024-03-12 21:42:11,737 - INFO - updated update_forecast 68
2024-03-12 21:42:11,737 - INFO -  update query  
        update confarimamodeloaplicado
        set procesado=TRUE,
        confarimamodeloaplicadoporc=7782.963
        where confarimacabezalid=68 and
        confarimamodeloaplicadoindice= 5
        and confarimamodeloaplicadoanio = 2028 and confarimamodeloaplicadomes = 7

    
2024-03-12 21:42:11,737 - INFO - updating with  
        update confarimamodeloaplicado
        set procesado=TRUE,
        confarimamodeloaplicadoporc=7782.963
        where confarimacabezalid=68 and
        confarimamodeloaplicadoindice= 5
        and confarimamodeloaplicadoanio = 2028 and confarimamodeloaplicadomes = 8

     for 68
2024-03-12 21:42:11,739 - INFO - updated update_forecast 68
2024-03-12 21:42:11,739 - INFO -  update query  
        update confarimamodeloaplicado
        set procesado=TRUE,
        confarimamodeloaplicadoporc=7782.963
        where confarimacabezalid=68 and
        confarimamodeloaplicadoindice= 5
        and confarimamodeloaplicadoanio = 2028 and confarimamodeloaplicadomes = 8

    
2024-03-12 21:42:11,739 - INFO - updating with  
        update confarimamodeloaplicado
        set procesado=TRUE,
        confarimamodeloaplicadoporc=7782.963
        where confarimacabezalid=68 and
        confarimamodeloaplicadoindice= 5
        and confarimamodeloaplicadoanio = 2028 and confarimamodeloaplicadomes = 9

     for 68
2024-03-12 21:42:11,741 - INFO - updated update_forecast 68
2024-03-12 21:42:11,741 - INFO -  update query  
        update confarimamodeloaplicado
        set procesado=TRUE,
        confarimamodeloaplicadoporc=7782.963
        where confarimacabezalid=68 and
        confarimamodeloaplicadoindice= 5
        and confarimamodeloaplicadoanio = 2028 and confarimamodeloaplicadomes = 9

    
2024-03-12 21:42:11,741 - INFO - updating with  
        update confarimamodeloaplicado
        set procesado=TRUE,
        confarimamodeloaplicadoporc=7782.963
        where confarimacabezalid=68 and
        confarimamodeloaplicadoindice= 5
        and confarimamodeloaplicadoanio = 2028 and confarimamodeloaplicadomes = 10

     for 68
2024-03-12 21:42:11,743 - INFO - updated update_forecast 68
2024-03-12 21:42:11,743 - INFO -  update query  
        update confarimamodeloaplicado
        set procesado=TRUE,
        confarimamodeloaplicadoporc=7782.963
        where confarimacabezalid=68 and
        confarimamodeloaplicadoindice= 5
        and confarimamodeloaplicadoanio = 2028 and confarimamodeloaplicadomes = 10

    
2024-03-12 21:42:11,743 - INFO - updating with  
        update confarimamodeloaplicado
        set procesado=TRUE,
        confarimamodeloaplicadoporc=7782.963
        where confarimacabezalid=68 and
        confarimamodeloaplicadoindice= 5
        and confarimamodeloaplicadoanio = 2028 and confarimamodeloaplicadomes = 11

     for 68
2024-03-12 21:42:11,745 - INFO - updated update_forecast 68
2024-03-12 21:42:11,746 - INFO -  update query  
        update confarimamodeloaplicado
        set procesado=TRUE,
        confarimamodeloaplicadoporc=7782.963
        where confarimacabezalid=68 and
        confarimamodeloaplicadoindice= 5
        and confarimamodeloaplicadoanio = 2028 and confarimamodeloaplicadomes = 11

    
2024-03-12 21:42:11,746 - INFO - updating with  
        update confarimamodeloaplicado
        set procesado=TRUE,
        confarimamodeloaplicadoporc=7782.963
        where confarimacabezalid=68 and
        confarimamodeloaplicadoindice= 5
        and confarimamodeloaplicadoanio = 2028 and confarimamodeloaplicadomes = 12

     for 68
2024-03-12 21:42:11,748 - INFO - updated update_forecast 68
2024-03-12 21:42:11,748 - INFO -  update query  
        update confarimamodeloaplicado
        set procesado=TRUE,
        confarimamodeloaplicadoporc=7782.963
        where confarimacabezalid=68 and
        confarimamodeloaplicadoindice= 5
        and confarimamodeloaplicadoanio = 2028 and confarimamodeloaplicadomes = 12

    
2024-03-12 21:42:11,748 - INFO - updating with  
        update confarimamodeloaplicado
        set procesado=TRUE,
        confarimamodeloaplicadoporc=7782.963
        where confarimacabezalid=68 and
        confarimamodeloaplicadoindice= 5
        and confarimamodeloaplicadoanio = 2028 and confarimamodeloaplicadomes = 13

     for 68
2024-03-12 21:42:11,750 - INFO - updated update_forecast 68
2024-03-12 21:42:11,750 - INFO -  update query  
        update confarimamodeloaplicado
        set procesado=TRUE,
        confarimamodeloaplicadoporc=7782.963
        where confarimacabezalid=68 and
        confarimamodeloaplicadoindice= 5
        and confarimamodeloaplicadoanio = 2028 and confarimamodeloaplicadomes = 13

    
2024-03-12 21:42:11,750 - INFO - updating with  
        update confarimamodeloaplicado
        set procesado=TRUE,
        confarimamodeloaplicadoporc=7782.963
        where confarimacabezalid=68 and
        confarimamodeloaplicadoindice= 5
        and confarimamodeloaplicadoanio = 2028 and confarimamodeloaplicadomes = 14

     for 68
2024-03-12 21:42:11,752 - INFO - updated update_forecast 68
2024-03-12 21:42:11,753 - INFO -  update query  
        update confarimamodeloaplicado
        set procesado=TRUE,
        confarimamodeloaplicadoporc=7782.963
        where confarimacabezalid=68 and
        confarimamodeloaplicadoindice= 5
        and confarimamodeloaplicadoanio = 2028 and confarimamodeloaplicadomes = 14

    
2024-03-12 21:42:11,753 - INFO - updating with  
        update confarimamodeloaplicado
        set procesado=TRUE,
        confarimamodeloaplicadoporc=7782.963
        where confarimacabezalid=68 and
        confarimamodeloaplicadoindice= 5
        and confarimamodeloaplicadoanio = 2028 and confarimamodeloaplicadomes = 15

     for 68
2024-03-12 21:42:11,755 - INFO - updated update_forecast 68
2024-03-12 21:42:11,755 - INFO -  update query  
        update confarimamodeloaplicado
        set procesado=TRUE,
        confarimamodeloaplicadoporc=7782.963
        where confarimacabezalid=68 and
        confarimamodeloaplicadoindice= 5
        and confarimamodeloaplicadoanio = 2028 and confarimamodeloaplicadomes = 15

    
2024-03-12 21:42:11,755 - INFO - updating with  
        update confarimamodeloaplicado
        set procesado=TRUE,
        confarimamodeloaplicadoporc=7782.963
        where confarimacabezalid=68 and
        confarimamodeloaplicadoindice= 5
        and confarimamodeloaplicadoanio = 2028 and confarimamodeloaplicadomes = 16

     for 68
2024-03-12 21:42:11,757 - INFO - updated update_forecast 68
2024-03-12 21:42:11,758 - INFO -  update query  
        update confarimamodeloaplicado
        set procesado=TRUE,
        confarimamodeloaplicadoporc=7782.963
        where confarimacabezalid=68 and
        confarimamodeloaplicadoindice= 5
        and confarimamodeloaplicadoanio = 2028 and confarimamodeloaplicadomes = 16

    
2024-03-12 21:42:11,758 - INFO - updating with  
        update confarimamodeloaplicado
        set procesado=TRUE,
        confarimamodeloaplicadoporc=7782.963
        where confarimacabezalid=68 and
        confarimamodeloaplicadoindice= 5
        and confarimamodeloaplicadoanio = 2028 and confarimamodeloaplicadomes = 17

     for 68
2024-03-12 21:42:11,760 - INFO - updated update_forecast 68
2024-03-12 21:42:11,760 - INFO -  update query  
        update confarimamodeloaplicado
        set procesado=TRUE,
        confarimamodeloaplicadoporc=7782.963
        where confarimacabezalid=68 and
        confarimamodeloaplicadoindice= 5
        and confarimamodeloaplicadoanio = 2028 and confarimamodeloaplicadomes = 17

    
2024-03-12 21:42:11,760 - INFO - updating with  
        update confarimamodeloaplicado
        set procesado=TRUE,
        confarimamodeloaplicadoporc=7782.963
        where confarimacabezalid=68 and
        confarimamodeloaplicadoindice= 5
        and confarimamodeloaplicadoanio = 2028 and confarimamodeloaplicadomes = 18

     for 68
2024-03-12 21:42:11,762 - INFO - updated update_forecast 68
2024-03-12 21:42:11,762 - INFO -  update query  
        update confarimamodeloaplicado
        set procesado=TRUE,
        confarimamodeloaplicadoporc=7782.963
        where confarimacabezalid=68 and
        confarimamodeloaplicadoindice= 5
        and confarimamodeloaplicadoanio = 2028 and confarimamodeloaplicadomes = 18

    
2024-04-12 13:40:59,215 - INFO - getting data for 68
2024-04-12 13:40:59,382 - INFO - anio_desde historico = 2022
2024-04-12 13:40:59,383 - INFO - anio_hasta historico = 2023
2024-04-12 13:40:59,418 - INFO - finishing geting data 2022 2023 and indice 5
2024-04-12 13:40:59,435 - INFO -  years for fore cast    aniodesde  aniohasta
0       2024       2028
2024-04-12 13:40:59,449 - INFO - geting total obs
2024-04-12 13:40:59,449 - INFO - estimating seasonal order using cannova-hansen test
2024-04-12 13:40:59,449 - INFO - estimating arima no season 
2024-04-12 13:41:02,454 - INFO - seasonal model was selected with aic846.9485072604386
2024-04-12 13:41:02,476 - INFO - updating with 
    update confarimaresultado set confarimaar=0,
    confarimai= 0, confarimama= 1
    where  confarimacabezalid= 68 and
    confarimaindice= 5
     for 68
2024-04-12 13:41:02,537 - INFO - updated specs 68
2024-04-12 13:41:02,537 - INFO -  update query 
    update confarimaresultado set confarimaar=0,
    confarimai= 0, confarimama= 1
    where  confarimacabezalid= 68 and
    confarimaindice= 5
    
2024-04-12 13:41:02,537 - INFO - finish load model info for 68
2024-04-12 13:42:18,716 - INFO - getting data for 68
2024-04-12 13:42:18,776 - INFO - anio_desde historico = 2022
2024-04-12 13:42:18,776 - INFO - anio_hasta historico = 2023
2024-04-12 13:42:18,793 - INFO - finishing geting data 2022 2023 and indice 5
2024-04-12 13:42:18,810 - INFO -  years for fore cast    aniodesde  aniohasta
0       2024       2028
2024-04-12 13:42:18,824 - INFO - geting total obs
2024-04-12 13:42:18,824 - INFO - estimating seasonal order using cannova-hansen test
2024-04-12 13:42:18,824 - INFO - estimating arima no season 
2024-04-12 13:42:21,842 - INFO - seasonal model was selected with aic846.9485072604386
2024-04-12 13:42:21,861 - INFO - updating with 
    update confarimaresultado set confarimaar=0,
    confarimai= 0, confarimama= 1
    where  confarimacabezalid= 68 and
    confarimaindice= 5
     for 68
2024-04-12 13:42:21,884 - INFO - updated specs 68
2024-04-12 13:42:21,885 - INFO -  update query 
    update confarimaresultado set confarimaar=0,
    confarimai= 0, confarimama= 1
    where  confarimacabezalid= 68 and
    confarimaindice= 5
    
2024-04-12 13:42:21,885 - INFO - finish load model info for 68
2024-04-12 13:42:21,887 - INFO - updating with  
        update confarimamodeloaplicado
        set procesado=TRUE,
        confarimamodeloaplicadoporc=-742.368
        where confarimacabezalid=68 and
        confarimamodeloaplicadoindice= 5
        and confarimamodeloaplicadoanio = 2024 and confarimamodeloaplicadomes = 1

     for 68
2024-04-12 13:42:21,931 - INFO - updated update_forecast 68
2024-04-12 13:42:21,931 - INFO -  update query  
        update confarimamodeloaplicado
        set procesado=TRUE,
        confarimamodeloaplicadoporc=-742.368
        where confarimacabezalid=68 and
        confarimamodeloaplicadoindice= 5
        and confarimamodeloaplicadoanio = 2024 and confarimamodeloaplicadomes = 1

    
2024-04-12 13:42:21,931 - INFO - updating with  
        update confarimamodeloaplicado
        set procesado=TRUE,
        confarimamodeloaplicadoporc=7782.963
        where confarimacabezalid=68 and
        confarimamodeloaplicadoindice= 5
        and confarimamodeloaplicadoanio = 2024 and confarimamodeloaplicadomes = 2

     for 68
2024-04-12 13:42:21,936 - INFO - updated update_forecast 68
2024-04-12 13:42:21,936 - INFO -  update query  
        update confarimamodeloaplicado
        set procesado=TRUE,
        confarimamodeloaplicadoporc=7782.963
        where confarimacabezalid=68 and
        confarimamodeloaplicadoindice= 5
        and confarimamodeloaplicadoanio = 2024 and confarimamodeloaplicadomes = 2

    
2024-04-12 13:42:21,937 - INFO - updating with  
        update confarimamodeloaplicado
        set procesado=TRUE,
        confarimamodeloaplicadoporc=7782.963
        where confarimacabezalid=68 and
        confarimamodeloaplicadoindice= 5
        and confarimamodeloaplicadoanio = 2024 and confarimamodeloaplicadomes = 3

     for 68
2024-04-12 13:42:21,939 - INFO - updated update_forecast 68
2024-04-12 13:42:21,940 - INFO -  update query  
        update confarimamodeloaplicado
        set procesado=TRUE,
        confarimamodeloaplicadoporc=7782.963
        where confarimacabezalid=68 and
        confarimamodeloaplicadoindice= 5
        and confarimamodeloaplicadoanio = 2024 and confarimamodeloaplicadomes = 3

    
2024-04-12 13:42:21,940 - INFO - updating with  
        update confarimamodeloaplicado
        set procesado=TRUE,
        confarimamodeloaplicadoporc=7782.963
        where confarimacabezalid=68 and
        confarimamodeloaplicadoindice= 5
        and confarimamodeloaplicadoanio = 2024 and confarimamodeloaplicadomes = 4

     for 68
2024-04-12 13:42:21,944 - INFO - updated update_forecast 68
2024-04-12 13:42:21,944 - INFO -  update query  
        update confarimamodeloaplicado
        set procesado=TRUE,
        confarimamodeloaplicadoporc=7782.963
        where confarimacabezalid=68 and
        confarimamodeloaplicadoindice= 5
        and confarimamodeloaplicadoanio = 2024 and confarimamodeloaplicadomes = 4

    
2024-04-12 13:42:21,944 - INFO - updating with  
        update confarimamodeloaplicado
        set procesado=TRUE,
        confarimamodeloaplicadoporc=7782.963
        where confarimacabezalid=68 and
        confarimamodeloaplicadoindice= 5
        and confarimamodeloaplicadoanio = 2024 and confarimamodeloaplicadomes = 5

     for 68
2024-04-12 13:42:21,947 - INFO - updated update_forecast 68
2024-04-12 13:42:21,948 - INFO -  update query  
        update confarimamodeloaplicado
        set procesado=TRUE,
        confarimamodeloaplicadoporc=7782.963
        where confarimacabezalid=68 and
        confarimamodeloaplicadoindice= 5
        and confarimamodeloaplicadoanio = 2024 and confarimamodeloaplicadomes = 5

    
2024-04-12 13:42:21,948 - INFO - updating with  
        update confarimamodeloaplicado
        set procesado=TRUE,
        confarimamodeloaplicadoporc=7782.963
        where confarimacabezalid=68 and
        confarimamodeloaplicadoindice= 5
        and confarimamodeloaplicadoanio = 2024 and confarimamodeloaplicadomes = 6

     for 68
2024-04-12 13:42:21,952 - INFO - updated update_forecast 68
2024-04-12 13:42:21,953 - INFO -  update query  
        update confarimamodeloaplicado
        set procesado=TRUE,
        confarimamodeloaplicadoporc=7782.963
        where confarimacabezalid=68 and
        confarimamodeloaplicadoindice= 5
        and confarimamodeloaplicadoanio = 2024 and confarimamodeloaplicadomes = 6

    
2024-04-12 13:42:21,953 - INFO - updating with  
        update confarimamodeloaplicado
        set procesado=TRUE,
        confarimamodeloaplicadoporc=7782.963
        where confarimacabezalid=68 and
        confarimamodeloaplicadoindice= 5
        and confarimamodeloaplicadoanio = 2024 and confarimamodeloaplicadomes = 7

     for 68
2024-04-12 13:42:21,956 - INFO - updated update_forecast 68
2024-04-12 13:42:21,957 - INFO -  update query  
        update confarimamodeloaplicado
        set procesado=TRUE,
        confarimamodeloaplicadoporc=7782.963
        where confarimacabezalid=68 and
        confarimamodeloaplicadoindice= 5
        and confarimamodeloaplicadoanio = 2024 and confarimamodeloaplicadomes = 7

    
2024-04-12 13:42:21,957 - INFO - updating with  
        update confarimamodeloaplicado
        set procesado=TRUE,
        confarimamodeloaplicadoporc=7782.963
        where confarimacabezalid=68 and
        confarimamodeloaplicadoindice= 5
        and confarimamodeloaplicadoanio = 2024 and confarimamodeloaplicadomes = 8

     for 68
2024-04-12 13:42:21,960 - INFO - updated update_forecast 68
2024-04-12 13:42:21,961 - INFO -  update query  
        update confarimamodeloaplicado
        set procesado=TRUE,
        confarimamodeloaplicadoporc=7782.963
        where confarimacabezalid=68 and
        confarimamodeloaplicadoindice= 5
        and confarimamodeloaplicadoanio = 2024 and confarimamodeloaplicadomes = 8

    
2024-04-12 13:42:21,961 - INFO - updating with  
        update confarimamodeloaplicado
        set procesado=TRUE,
        confarimamodeloaplicadoporc=7782.963
        where confarimacabezalid=68 and
        confarimamodeloaplicadoindice= 5
        and confarimamodeloaplicadoanio = 2024 and confarimamodeloaplicadomes = 9

     for 68
2024-04-12 13:42:21,965 - INFO - updated update_forecast 68
2024-04-12 13:42:21,965 - INFO -  update query  
        update confarimamodeloaplicado
        set procesado=TRUE,
        confarimamodeloaplicadoporc=7782.963
        where confarimacabezalid=68 and
        confarimamodeloaplicadoindice= 5
        and confarimamodeloaplicadoanio = 2024 and confarimamodeloaplicadomes = 9

    
2024-04-12 13:42:21,966 - INFO - updating with  
        update confarimamodeloaplicado
        set procesado=TRUE,
        confarimamodeloaplicadoporc=7782.963
        where confarimacabezalid=68 and
        confarimamodeloaplicadoindice= 5
        and confarimamodeloaplicadoanio = 2024 and confarimamodeloaplicadomes = 10

     for 68
2024-04-12 13:42:21,970 - INFO - updated update_forecast 68
2024-04-12 13:42:21,970 - INFO -  update query  
        update confarimamodeloaplicado
        set procesado=TRUE,
        confarimamodeloaplicadoporc=7782.963
        where confarimacabezalid=68 and
        confarimamodeloaplicadoindice= 5
        and confarimamodeloaplicadoanio = 2024 and confarimamodeloaplicadomes = 10

    
2024-04-12 13:42:21,970 - INFO - updating with  
        update confarimamodeloaplicado
        set procesado=TRUE,
        confarimamodeloaplicadoporc=7782.963
        where confarimacabezalid=68 and
        confarimamodeloaplicadoindice= 5
        and confarimamodeloaplicadoanio = 2024 and confarimamodeloaplicadomes = 11

     for 68
2024-04-12 13:42:21,974 - INFO - updated update_forecast 68
2024-04-12 13:42:21,974 - INFO -  update query  
        update confarimamodeloaplicado
        set procesado=TRUE,
        confarimamodeloaplicadoporc=7782.963
        where confarimacabezalid=68 and
        confarimamodeloaplicadoindice= 5
        and confarimamodeloaplicadoanio = 2024 and confarimamodeloaplicadomes = 11

    
2024-04-12 13:42:21,974 - INFO - updating with  
        update confarimamodeloaplicado
        set procesado=TRUE,
        confarimamodeloaplicadoporc=7782.963
        where confarimacabezalid=68 and
        confarimamodeloaplicadoindice= 5
        and confarimamodeloaplicadoanio = 2024 and confarimamodeloaplicadomes = 12

     for 68
2024-04-12 13:42:21,978 - INFO - updated update_forecast 68
2024-04-12 13:42:21,978 - INFO -  update query  
        update confarimamodeloaplicado
        set procesado=TRUE,
        confarimamodeloaplicadoporc=7782.963
        where confarimacabezalid=68 and
        confarimamodeloaplicadoindice= 5
        and confarimamodeloaplicadoanio = 2024 and confarimamodeloaplicadomes = 12

    
2024-04-12 13:42:21,978 - INFO - updating with  
        update confarimamodeloaplicado
        set procesado=TRUE,
        confarimamodeloaplicadoporc=7782.963
        where confarimacabezalid=68 and
        confarimamodeloaplicadoindice= 5
        and confarimamodeloaplicadoanio = 2024 and confarimamodeloaplicadomes = 13

     for 68
2024-04-12 13:42:21,982 - INFO - updated update_forecast 68
2024-04-12 13:42:21,983 - INFO -  update query  
        update confarimamodeloaplicado
        set procesado=TRUE,
        confarimamodeloaplicadoporc=7782.963
        where confarimacabezalid=68 and
        confarimamodeloaplicadoindice= 5
        and confarimamodeloaplicadoanio = 2024 and confarimamodeloaplicadomes = 13

    
2024-04-12 13:42:21,983 - INFO - updating with  
        update confarimamodeloaplicado
        set procesado=TRUE,
        confarimamodeloaplicadoporc=7782.963
        where confarimacabezalid=68 and
        confarimamodeloaplicadoindice= 5
        and confarimamodeloaplicadoanio = 2024 and confarimamodeloaplicadomes = 14

     for 68
2024-04-12 13:42:21,986 - INFO - updated update_forecast 68
2024-04-12 13:42:21,987 - INFO -  update query  
        update confarimamodeloaplicado
        set procesado=TRUE,
        confarimamodeloaplicadoporc=7782.963
        where confarimacabezalid=68 and
        confarimamodeloaplicadoindice= 5
        and confarimamodeloaplicadoanio = 2024 and confarimamodeloaplicadomes = 14

    
2024-04-12 13:42:21,987 - INFO - updating with  
        update confarimamodeloaplicado
        set procesado=TRUE,
        confarimamodeloaplicadoporc=7782.963
        where confarimacabezalid=68 and
        confarimamodeloaplicadoindice= 5
        and confarimamodeloaplicadoanio = 2024 and confarimamodeloaplicadomes = 15

     for 68
2024-04-12 13:42:21,990 - INFO - updated update_forecast 68
2024-04-12 13:42:21,990 - INFO -  update query  
        update confarimamodeloaplicado
        set procesado=TRUE,
        confarimamodeloaplicadoporc=7782.963
        where confarimacabezalid=68 and
        confarimamodeloaplicadoindice= 5
        and confarimamodeloaplicadoanio = 2024 and confarimamodeloaplicadomes = 15

    
2024-04-12 13:42:21,991 - INFO - updating with  
        update confarimamodeloaplicado
        set procesado=TRUE,
        confarimamodeloaplicadoporc=7782.963
        where confarimacabezalid=68 and
        confarimamodeloaplicadoindice= 5
        and confarimamodeloaplicadoanio = 2024 and confarimamodeloaplicadomes = 16

     for 68
2024-04-12 13:42:21,994 - INFO - updated update_forecast 68
2024-04-12 13:42:21,994 - INFO -  update query  
        update confarimamodeloaplicado
        set procesado=TRUE,
        confarimamodeloaplicadoporc=7782.963
        where confarimacabezalid=68 and
        confarimamodeloaplicadoindice= 5
        and confarimamodeloaplicadoanio = 2024 and confarimamodeloaplicadomes = 16

    
2024-04-12 13:42:21,994 - INFO - updating with  
        update confarimamodeloaplicado
        set procesado=TRUE,
        confarimamodeloaplicadoporc=7782.963
        where confarimacabezalid=68 and
        confarimamodeloaplicadoindice= 5
        and confarimamodeloaplicadoanio = 2024 and confarimamodeloaplicadomes = 17

     for 68
2024-04-12 13:42:21,998 - INFO - updated update_forecast 68
2024-04-12 13:42:21,998 - INFO -  update query  
        update confarimamodeloaplicado
        set procesado=TRUE,
        confarimamodeloaplicadoporc=7782.963
        where confarimacabezalid=68 and
        confarimamodeloaplicadoindice= 5
        and confarimamodeloaplicadoanio = 2024 and confarimamodeloaplicadomes = 17

    
2024-04-12 13:42:21,998 - INFO - updating with  
        update confarimamodeloaplicado
        set procesado=TRUE,
        confarimamodeloaplicadoporc=7782.963
        where confarimacabezalid=68 and
        confarimamodeloaplicadoindice= 5
        and confarimamodeloaplicadoanio = 2024 and confarimamodeloaplicadomes = 18

     for 68
2024-04-12 13:42:22,002 - INFO - updated update_forecast 68
2024-04-12 13:42:22,002 - INFO -  update query  
        update confarimamodeloaplicado
        set procesado=TRUE,
        confarimamodeloaplicadoporc=7782.963
        where confarimacabezalid=68 and
        confarimamodeloaplicadoindice= 5
        and confarimamodeloaplicadoanio = 2024 and confarimamodeloaplicadomes = 18

    
2024-04-12 13:42:22,002 - INFO - updating with  
        update confarimamodeloaplicado
        set procesado=TRUE,
        confarimamodeloaplicadoporc=7782.963
        where confarimacabezalid=68 and
        confarimamodeloaplicadoindice= 5
        and confarimamodeloaplicadoanio = 2025 and confarimamodeloaplicadomes = 1

     for 68
2024-04-12 13:42:22,005 - INFO - updated update_forecast 68
2024-04-12 13:42:22,006 - INFO -  update query  
        update confarimamodeloaplicado
        set procesado=TRUE,
        confarimamodeloaplicadoporc=7782.963
        where confarimacabezalid=68 and
        confarimamodeloaplicadoindice= 5
        and confarimamodeloaplicadoanio = 2025 and confarimamodeloaplicadomes = 1

    
2024-04-12 13:42:22,006 - INFO - updating with  
        update confarimamodeloaplicado
        set procesado=TRUE,
        confarimamodeloaplicadoporc=7782.963
        where confarimacabezalid=68 and
        confarimamodeloaplicadoindice= 5
        and confarimamodeloaplicadoanio = 2025 and confarimamodeloaplicadomes = 2

     for 68
2024-04-12 13:42:22,009 - INFO - updated update_forecast 68
2024-04-12 13:42:22,009 - INFO -  update query  
        update confarimamodeloaplicado
        set procesado=TRUE,
        confarimamodeloaplicadoporc=7782.963
        where confarimacabezalid=68 and
        confarimamodeloaplicadoindice= 5
        and confarimamodeloaplicadoanio = 2025 and confarimamodeloaplicadomes = 2

    
2024-04-12 13:42:22,010 - INFO - updating with  
        update confarimamodeloaplicado
        set procesado=TRUE,
        confarimamodeloaplicadoporc=7782.963
        where confarimacabezalid=68 and
        confarimamodeloaplicadoindice= 5
        and confarimamodeloaplicadoanio = 2025 and confarimamodeloaplicadomes = 3

     for 68
2024-04-12 13:42:22,013 - INFO - updated update_forecast 68
2024-04-12 13:42:22,013 - INFO -  update query  
        update confarimamodeloaplicado
        set procesado=TRUE,
        confarimamodeloaplicadoporc=7782.963
        where confarimacabezalid=68 and
        confarimamodeloaplicadoindice= 5
        and confarimamodeloaplicadoanio = 2025 and confarimamodeloaplicadomes = 3

    
2024-04-12 13:42:22,014 - INFO - updating with  
        update confarimamodeloaplicado
        set procesado=TRUE,
        confarimamodeloaplicadoporc=7782.963
        where confarimacabezalid=68 and
        confarimamodeloaplicadoindice= 5
        and confarimamodeloaplicadoanio = 2025 and confarimamodeloaplicadomes = 4

     for 68
2024-04-12 13:42:22,018 - INFO - updated update_forecast 68
2024-04-12 13:42:22,018 - INFO -  update query  
        update confarimamodeloaplicado
        set procesado=TRUE,
        confarimamodeloaplicadoporc=7782.963
        where confarimacabezalid=68 and
        confarimamodeloaplicadoindice= 5
        and confarimamodeloaplicadoanio = 2025 and confarimamodeloaplicadomes = 4

    
2024-04-12 13:42:22,019 - INFO - updating with  
        update confarimamodeloaplicado
        set procesado=TRUE,
        confarimamodeloaplicadoporc=7782.963
        where confarimacabezalid=68 and
        confarimamodeloaplicadoindice= 5
        and confarimamodeloaplicadoanio = 2025 and confarimamodeloaplicadomes = 5

     for 68
2024-04-12 13:42:22,022 - INFO - updated update_forecast 68
2024-04-12 13:42:22,022 - INFO -  update query  
        update confarimamodeloaplicado
        set procesado=TRUE,
        confarimamodeloaplicadoporc=7782.963
        where confarimacabezalid=68 and
        confarimamodeloaplicadoindice= 5
        and confarimamodeloaplicadoanio = 2025 and confarimamodeloaplicadomes = 5

    
2024-04-12 13:42:22,023 - INFO - updating with  
        update confarimamodeloaplicado
        set procesado=TRUE,
        confarimamodeloaplicadoporc=7782.963
        where confarimacabezalid=68 and
        confarimamodeloaplicadoindice= 5
        and confarimamodeloaplicadoanio = 2025 and confarimamodeloaplicadomes = 6

     for 68
2024-04-12 13:42:22,026 - INFO - updated update_forecast 68
2024-04-12 13:42:22,026 - INFO -  update query  
        update confarimamodeloaplicado
        set procesado=TRUE,
        confarimamodeloaplicadoporc=7782.963
        where confarimacabezalid=68 and
        confarimamodeloaplicadoindice= 5
        and confarimamodeloaplicadoanio = 2025 and confarimamodeloaplicadomes = 6

    
2024-04-12 13:42:22,026 - INFO - updating with  
        update confarimamodeloaplicado
        set procesado=TRUE,
        confarimamodeloaplicadoporc=7782.963
        where confarimacabezalid=68 and
        confarimamodeloaplicadoindice= 5
        and confarimamodeloaplicadoanio = 2025 and confarimamodeloaplicadomes = 7

     for 68
2024-04-12 13:42:22,030 - INFO - updated update_forecast 68
2024-04-12 13:42:22,030 - INFO -  update query  
        update confarimamodeloaplicado
        set procesado=TRUE,
        confarimamodeloaplicadoporc=7782.963
        where confarimacabezalid=68 and
        confarimamodeloaplicadoindice= 5
        and confarimamodeloaplicadoanio = 2025 and confarimamodeloaplicadomes = 7

    
2024-04-12 13:42:22,030 - INFO - updating with  
        update confarimamodeloaplicado
        set procesado=TRUE,
        confarimamodeloaplicadoporc=7782.963
        where confarimacabezalid=68 and
        confarimamodeloaplicadoindice= 5
        and confarimamodeloaplicadoanio = 2025 and confarimamodeloaplicadomes = 8

     for 68
2024-04-12 13:42:22,034 - INFO - updated update_forecast 68
2024-04-12 13:42:22,034 - INFO -  update query  
        update confarimamodeloaplicado
        set procesado=TRUE,
        confarimamodeloaplicadoporc=7782.963
        where confarimacabezalid=68 and
        confarimamodeloaplicadoindice= 5
        and confarimamodeloaplicadoanio = 2025 and confarimamodeloaplicadomes = 8

    
2024-04-12 13:42:22,035 - INFO - updating with  
        update confarimamodeloaplicado
        set procesado=TRUE,
        confarimamodeloaplicadoporc=7782.963
        where confarimacabezalid=68 and
        confarimamodeloaplicadoindice= 5
        and confarimamodeloaplicadoanio = 2025 and confarimamodeloaplicadomes = 9

     for 68
2024-04-12 13:42:22,037 - INFO - updated update_forecast 68
2024-04-12 13:42:22,038 - INFO -  update query  
        update confarimamodeloaplicado
        set procesado=TRUE,
        confarimamodeloaplicadoporc=7782.963
        where confarimacabezalid=68 and
        confarimamodeloaplicadoindice= 5
        and confarimamodeloaplicadoanio = 2025 and confarimamodeloaplicadomes = 9

    
2024-04-12 13:42:22,038 - INFO - updating with  
        update confarimamodeloaplicado
        set procesado=TRUE,
        confarimamodeloaplicadoporc=7782.963
        where confarimacabezalid=68 and
        confarimamodeloaplicadoindice= 5
        and confarimamodeloaplicadoanio = 2025 and confarimamodeloaplicadomes = 10

     for 68
2024-04-12 13:42:22,041 - INFO - updated update_forecast 68
2024-04-12 13:42:22,041 - INFO -  update query  
        update confarimamodeloaplicado
        set procesado=TRUE,
        confarimamodeloaplicadoporc=7782.963
        where confarimacabezalid=68 and
        confarimamodeloaplicadoindice= 5
        and confarimamodeloaplicadoanio = 2025 and confarimamodeloaplicadomes = 10

    
2024-04-12 13:42:22,041 - INFO - updating with  
        update confarimamodeloaplicado
        set procesado=TRUE,
        confarimamodeloaplicadoporc=7782.963
        where confarimacabezalid=68 and
        confarimamodeloaplicadoindice= 5
        and confarimamodeloaplicadoanio = 2025 and confarimamodeloaplicadomes = 11

     for 68
2024-04-12 13:42:22,044 - INFO - updated update_forecast 68
2024-04-12 13:42:22,046 - INFO -  update query  
        update confarimamodeloaplicado
        set procesado=TRUE,
        confarimamodeloaplicadoporc=7782.963
        where confarimacabezalid=68 and
        confarimamodeloaplicadoindice= 5
        and confarimamodeloaplicadoanio = 2025 and confarimamodeloaplicadomes = 11

    
2024-04-12 13:42:22,046 - INFO - updating with  
        update confarimamodeloaplicado
        set procesado=TRUE,
        confarimamodeloaplicadoporc=7782.963
        where confarimacabezalid=68 and
        confarimamodeloaplicadoindice= 5
        and confarimamodeloaplicadoanio = 2025 and confarimamodeloaplicadomes = 12

     for 68
2024-04-12 13:42:22,050 - INFO - updated update_forecast 68
2024-04-12 13:42:22,050 - INFO -  update query  
        update confarimamodeloaplicado
        set procesado=TRUE,
        confarimamodeloaplicadoporc=7782.963
        where confarimacabezalid=68 and
        confarimamodeloaplicadoindice= 5
        and confarimamodeloaplicadoanio = 2025 and confarimamodeloaplicadomes = 12

    
2024-04-12 13:42:22,050 - INFO - updating with  
        update confarimamodeloaplicado
        set procesado=TRUE,
        confarimamodeloaplicadoporc=7782.963
        where confarimacabezalid=68 and
        confarimamodeloaplicadoindice= 5
        and confarimamodeloaplicadoanio = 2025 and confarimamodeloaplicadomes = 13

     for 68
2024-04-12 13:42:22,053 - INFO - updated update_forecast 68
2024-04-12 13:42:22,054 - INFO -  update query  
        update confarimamodeloaplicado
        set procesado=TRUE,
        confarimamodeloaplicadoporc=7782.963
        where confarimacabezalid=68 and
        confarimamodeloaplicadoindice= 5
        and confarimamodeloaplicadoanio = 2025 and confarimamodeloaplicadomes = 13

    
2024-04-12 13:42:22,054 - INFO - updating with  
        update confarimamodeloaplicado
        set procesado=TRUE,
        confarimamodeloaplicadoporc=7782.963
        where confarimacabezalid=68 and
        confarimamodeloaplicadoindice= 5
        and confarimamodeloaplicadoanio = 2025 and confarimamodeloaplicadomes = 14

     for 68
2024-04-12 13:42:22,058 - INFO - updated update_forecast 68
2024-04-12 13:42:22,058 - INFO -  update query  
        update confarimamodeloaplicado
        set procesado=TRUE,
        confarimamodeloaplicadoporc=7782.963
        where confarimacabezalid=68 and
        confarimamodeloaplicadoindice= 5
        and confarimamodeloaplicadoanio = 2025 and confarimamodeloaplicadomes = 14

    
2024-04-12 13:42:22,059 - INFO - updating with  
        update confarimamodeloaplicado
        set procesado=TRUE,
        confarimamodeloaplicadoporc=7782.963
        where confarimacabezalid=68 and
        confarimamodeloaplicadoindice= 5
        and confarimamodeloaplicadoanio = 2025 and confarimamodeloaplicadomes = 15

     for 68
2024-04-12 13:42:22,062 - INFO - updated update_forecast 68
2024-04-12 13:42:22,062 - INFO -  update query  
        update confarimamodeloaplicado
        set procesado=TRUE,
        confarimamodeloaplicadoporc=7782.963
        where confarimacabezalid=68 and
        confarimamodeloaplicadoindice= 5
        and confarimamodeloaplicadoanio = 2025 and confarimamodeloaplicadomes = 15

    
2024-04-12 13:42:22,062 - INFO - updating with  
        update confarimamodeloaplicado
        set procesado=TRUE,
        confarimamodeloaplicadoporc=7782.963
        where confarimacabezalid=68 and
        confarimamodeloaplicadoindice= 5
        and confarimamodeloaplicadoanio = 2025 and confarimamodeloaplicadomes = 16

     for 68
2024-04-12 13:42:22,066 - INFO - updated update_forecast 68
2024-04-12 13:42:22,067 - INFO -  update query  
        update confarimamodeloaplicado
        set procesado=TRUE,
        confarimamodeloaplicadoporc=7782.963
        where confarimacabezalid=68 and
        confarimamodeloaplicadoindice= 5
        and confarimamodeloaplicadoanio = 2025 and confarimamodeloaplicadomes = 16

    
2024-04-12 13:42:22,067 - INFO - updating with  
        update confarimamodeloaplicado
        set procesado=TRUE,
        confarimamodeloaplicadoporc=7782.963
        where confarimacabezalid=68 and
        confarimamodeloaplicadoindice= 5
        and confarimamodeloaplicadoanio = 2025 and confarimamodeloaplicadomes = 17

     for 68
2024-04-12 13:42:22,070 - INFO - updated update_forecast 68
2024-04-12 13:42:22,070 - INFO -  update query  
        update confarimamodeloaplicado
        set procesado=TRUE,
        confarimamodeloaplicadoporc=7782.963
        where confarimacabezalid=68 and
        confarimamodeloaplicadoindice= 5
        and confarimamodeloaplicadoanio = 2025 and confarimamodeloaplicadomes = 17

    
2024-04-12 13:42:22,071 - INFO - updating with  
        update confarimamodeloaplicado
        set procesado=TRUE,
        confarimamodeloaplicadoporc=7782.963
        where confarimacabezalid=68 and
        confarimamodeloaplicadoindice= 5
        and confarimamodeloaplicadoanio = 2025 and confarimamodeloaplicadomes = 18

     for 68
2024-04-12 13:42:22,074 - INFO - updated update_forecast 68
2024-04-12 13:42:22,075 - INFO -  update query  
        update confarimamodeloaplicado
        set procesado=TRUE,
        confarimamodeloaplicadoporc=7782.963
        where confarimacabezalid=68 and
        confarimamodeloaplicadoindice= 5
        and confarimamodeloaplicadoanio = 2025 and confarimamodeloaplicadomes = 18

    
2024-04-12 13:42:22,075 - INFO - updating with  
        update confarimamodeloaplicado
        set procesado=TRUE,
        confarimamodeloaplicadoporc=7782.963
        where confarimacabezalid=68 and
        confarimamodeloaplicadoindice= 5
        and confarimamodeloaplicadoanio = 2026 and confarimamodeloaplicadomes = 1

     for 68
2024-04-12 13:42:22,079 - INFO - updated update_forecast 68
2024-04-12 13:42:22,098 - INFO -  update query  
        update confarimamodeloaplicado
        set procesado=TRUE,
        confarimamodeloaplicadoporc=7782.963
        where confarimacabezalid=68 and
        confarimamodeloaplicadoindice= 5
        and confarimamodeloaplicadoanio = 2026 and confarimamodeloaplicadomes = 1

    
2024-04-12 13:42:22,100 - INFO - updating with  
        update confarimamodeloaplicado
        set procesado=TRUE,
        confarimamodeloaplicadoporc=7782.963
        where confarimacabezalid=68 and
        confarimamodeloaplicadoindice= 5
        and confarimamodeloaplicadoanio = 2026 and confarimamodeloaplicadomes = 2

     for 68
2024-04-12 13:42:22,106 - INFO - updated update_forecast 68
2024-04-12 13:42:22,106 - INFO -  update query  
        update confarimamodeloaplicado
        set procesado=TRUE,
        confarimamodeloaplicadoporc=7782.963
        where confarimacabezalid=68 and
        confarimamodeloaplicadoindice= 5
        and confarimamodeloaplicadoanio = 2026 and confarimamodeloaplicadomes = 2

    
2024-04-12 13:42:22,106 - INFO - updating with  
        update confarimamodeloaplicado
        set procesado=TRUE,
        confarimamodeloaplicadoporc=7782.963
        where confarimacabezalid=68 and
        confarimamodeloaplicadoindice= 5
        and confarimamodeloaplicadoanio = 2026 and confarimamodeloaplicadomes = 3

     for 68
2024-04-12 13:42:22,109 - INFO - updated update_forecast 68
2024-04-12 13:42:22,110 - INFO -  update query  
        update confarimamodeloaplicado
        set procesado=TRUE,
        confarimamodeloaplicadoporc=7782.963
        where confarimacabezalid=68 and
        confarimamodeloaplicadoindice= 5
        and confarimamodeloaplicadoanio = 2026 and confarimamodeloaplicadomes = 3

    
2024-04-12 13:42:22,110 - INFO - updating with  
        update confarimamodeloaplicado
        set procesado=TRUE,
        confarimamodeloaplicadoporc=7782.963
        where confarimacabezalid=68 and
        confarimamodeloaplicadoindice= 5
        and confarimamodeloaplicadoanio = 2026 and confarimamodeloaplicadomes = 4

     for 68
2024-04-12 13:42:22,114 - INFO - updated update_forecast 68
2024-04-12 13:42:22,114 - INFO -  update query  
        update confarimamodeloaplicado
        set procesado=TRUE,
        confarimamodeloaplicadoporc=7782.963
        where confarimacabezalid=68 and
        confarimamodeloaplicadoindice= 5
        and confarimamodeloaplicadoanio = 2026 and confarimamodeloaplicadomes = 4

    
2024-04-12 13:42:22,114 - INFO - updating with  
        update confarimamodeloaplicado
        set procesado=TRUE,
        confarimamodeloaplicadoporc=7782.963
        where confarimacabezalid=68 and
        confarimamodeloaplicadoindice= 5
        and confarimamodeloaplicadoanio = 2026 and confarimamodeloaplicadomes = 5

     for 68
2024-04-12 13:42:22,118 - INFO - updated update_forecast 68
2024-04-12 13:42:22,118 - INFO -  update query  
        update confarimamodeloaplicado
        set procesado=TRUE,
        confarimamodeloaplicadoporc=7782.963
        where confarimacabezalid=68 and
        confarimamodeloaplicadoindice= 5
        and confarimamodeloaplicadoanio = 2026 and confarimamodeloaplicadomes = 5

    
2024-04-12 13:42:22,118 - INFO - updating with  
        update confarimamodeloaplicado
        set procesado=TRUE,
        confarimamodeloaplicadoporc=7782.963
        where confarimacabezalid=68 and
        confarimamodeloaplicadoindice= 5
        and confarimamodeloaplicadoanio = 2026 and confarimamodeloaplicadomes = 6

     for 68
2024-04-12 13:42:22,121 - INFO - updated update_forecast 68
2024-04-12 13:42:22,122 - INFO -  update query  
        update confarimamodeloaplicado
        set procesado=TRUE,
        confarimamodeloaplicadoporc=7782.963
        where confarimacabezalid=68 and
        confarimamodeloaplicadoindice= 5
        and confarimamodeloaplicadoanio = 2026 and confarimamodeloaplicadomes = 6

    
2024-04-12 13:42:22,122 - INFO - updating with  
        update confarimamodeloaplicado
        set procesado=TRUE,
        confarimamodeloaplicadoporc=7782.963
        where confarimacabezalid=68 and
        confarimamodeloaplicadoindice= 5
        and confarimamodeloaplicadoanio = 2026 and confarimamodeloaplicadomes = 7

     for 68
2024-04-12 13:42:22,125 - INFO - updated update_forecast 68
2024-04-12 13:42:22,125 - INFO -  update query  
        update confarimamodeloaplicado
        set procesado=TRUE,
        confarimamodeloaplicadoporc=7782.963
        where confarimacabezalid=68 and
        confarimamodeloaplicadoindice= 5
        and confarimamodeloaplicadoanio = 2026 and confarimamodeloaplicadomes = 7

    
2024-04-12 13:42:22,125 - INFO - updating with  
        update confarimamodeloaplicado
        set procesado=TRUE,
        confarimamodeloaplicadoporc=7782.963
        where confarimacabezalid=68 and
        confarimamodeloaplicadoindice= 5
        and confarimamodeloaplicadoanio = 2026 and confarimamodeloaplicadomes = 8

     for 68
2024-04-12 13:42:22,128 - INFO - updated update_forecast 68
2024-04-12 13:42:22,129 - INFO -  update query  
        update confarimamodeloaplicado
        set procesado=TRUE,
        confarimamodeloaplicadoporc=7782.963
        where confarimacabezalid=68 and
        confarimamodeloaplicadoindice= 5
        and confarimamodeloaplicadoanio = 2026 and confarimamodeloaplicadomes = 8

    
2024-04-12 13:42:22,129 - INFO - updating with  
        update confarimamodeloaplicado
        set procesado=TRUE,
        confarimamodeloaplicadoporc=7782.963
        where confarimacabezalid=68 and
        confarimamodeloaplicadoindice= 5
        and confarimamodeloaplicadoanio = 2026 and confarimamodeloaplicadomes = 9

     for 68
2024-04-12 13:42:22,132 - INFO - updated update_forecast 68
2024-04-12 13:42:22,132 - INFO -  update query  
        update confarimamodeloaplicado
        set procesado=TRUE,
        confarimamodeloaplicadoporc=7782.963
        where confarimacabezalid=68 and
        confarimamodeloaplicadoindice= 5
        and confarimamodeloaplicadoanio = 2026 and confarimamodeloaplicadomes = 9

    
2024-04-12 13:42:22,133 - INFO - updating with  
        update confarimamodeloaplicado
        set procesado=TRUE,
        confarimamodeloaplicadoporc=7782.963
        where confarimacabezalid=68 and
        confarimamodeloaplicadoindice= 5
        and confarimamodeloaplicadoanio = 2026 and confarimamodeloaplicadomes = 10

     for 68
2024-04-12 13:42:22,136 - INFO - updated update_forecast 68
2024-04-12 13:42:22,136 - INFO -  update query  
        update confarimamodeloaplicado
        set procesado=TRUE,
        confarimamodeloaplicadoporc=7782.963
        where confarimacabezalid=68 and
        confarimamodeloaplicadoindice= 5
        and confarimamodeloaplicadoanio = 2026 and confarimamodeloaplicadomes = 10

    
2024-04-12 13:42:22,136 - INFO - updating with  
        update confarimamodeloaplicado
        set procesado=TRUE,
        confarimamodeloaplicadoporc=7782.963
        where confarimacabezalid=68 and
        confarimamodeloaplicadoindice= 5
        and confarimamodeloaplicadoanio = 2026 and confarimamodeloaplicadomes = 11

     for 68
2024-04-12 13:42:22,140 - INFO - updated update_forecast 68
2024-04-12 13:42:22,140 - INFO -  update query  
        update confarimamodeloaplicado
        set procesado=TRUE,
        confarimamodeloaplicadoporc=7782.963
        where confarimacabezalid=68 and
        confarimamodeloaplicadoindice= 5
        and confarimamodeloaplicadoanio = 2026 and confarimamodeloaplicadomes = 11

    
2024-04-12 13:42:22,141 - INFO - updating with  
        update confarimamodeloaplicado
        set procesado=TRUE,
        confarimamodeloaplicadoporc=7782.963
        where confarimacabezalid=68 and
        confarimamodeloaplicadoindice= 5
        and confarimamodeloaplicadoanio = 2026 and confarimamodeloaplicadomes = 12

     for 68
2024-04-12 13:42:22,144 - INFO - updated update_forecast 68
2024-04-12 13:42:22,145 - INFO -  update query  
        update confarimamodeloaplicado
        set procesado=TRUE,
        confarimamodeloaplicadoporc=7782.963
        where confarimacabezalid=68 and
        confarimamodeloaplicadoindice= 5
        and confarimamodeloaplicadoanio = 2026 and confarimamodeloaplicadomes = 12

    
2024-04-12 13:42:22,145 - INFO - updating with  
        update confarimamodeloaplicado
        set procesado=TRUE,
        confarimamodeloaplicadoporc=7782.963
        where confarimacabezalid=68 and
        confarimamodeloaplicadoindice= 5
        and confarimamodeloaplicadoanio = 2026 and confarimamodeloaplicadomes = 13

     for 68
2024-04-12 13:42:22,148 - INFO - updated update_forecast 68
2024-04-12 13:42:22,148 - INFO -  update query  
        update confarimamodeloaplicado
        set procesado=TRUE,
        confarimamodeloaplicadoporc=7782.963
        where confarimacabezalid=68 and
        confarimamodeloaplicadoindice= 5
        and confarimamodeloaplicadoanio = 2026 and confarimamodeloaplicadomes = 13

    
2024-04-12 13:42:22,149 - INFO - updating with  
        update confarimamodeloaplicado
        set procesado=TRUE,
        confarimamodeloaplicadoporc=7782.963
        where confarimacabezalid=68 and
        confarimamodeloaplicadoindice= 5
        and confarimamodeloaplicadoanio = 2026 and confarimamodeloaplicadomes = 14

     for 68
2024-04-12 13:42:22,152 - INFO - updated update_forecast 68
2024-04-12 13:42:22,153 - INFO -  update query  
        update confarimamodeloaplicado
        set procesado=TRUE,
        confarimamodeloaplicadoporc=7782.963
        where confarimacabezalid=68 and
        confarimamodeloaplicadoindice= 5
        and confarimamodeloaplicadoanio = 2026 and confarimamodeloaplicadomes = 14

    
2024-04-12 13:42:22,153 - INFO - updating with  
        update confarimamodeloaplicado
        set procesado=TRUE,
        confarimamodeloaplicadoporc=7782.963
        where confarimacabezalid=68 and
        confarimamodeloaplicadoindice= 5
        and confarimamodeloaplicadoanio = 2026 and confarimamodeloaplicadomes = 15

     for 68
2024-04-12 13:42:22,156 - INFO - updated update_forecast 68
2024-04-12 13:42:22,156 - INFO -  update query  
        update confarimamodeloaplicado
        set procesado=TRUE,
        confarimamodeloaplicadoporc=7782.963
        where confarimacabezalid=68 and
        confarimamodeloaplicadoindice= 5
        and confarimamodeloaplicadoanio = 2026 and confarimamodeloaplicadomes = 15

    
2024-04-12 13:42:22,157 - INFO - updating with  
        update confarimamodeloaplicado
        set procesado=TRUE,
        confarimamodeloaplicadoporc=7782.963
        where confarimacabezalid=68 and
        confarimamodeloaplicadoindice= 5
        and confarimamodeloaplicadoanio = 2026 and confarimamodeloaplicadomes = 16

     for 68
2024-04-12 13:42:22,160 - INFO - updated update_forecast 68
2024-04-12 13:42:22,160 - INFO -  update query  
        update confarimamodeloaplicado
        set procesado=TRUE,
        confarimamodeloaplicadoporc=7782.963
        where confarimacabezalid=68 and
        confarimamodeloaplicadoindice= 5
        and confarimamodeloaplicadoanio = 2026 and confarimamodeloaplicadomes = 16

    
2024-04-12 13:42:22,160 - INFO - updating with  
        update confarimamodeloaplicado
        set procesado=TRUE,
        confarimamodeloaplicadoporc=7782.963
        where confarimacabezalid=68 and
        confarimamodeloaplicadoindice= 5
        and confarimamodeloaplicadoanio = 2026 and confarimamodeloaplicadomes = 17

     for 68
2024-04-12 13:42:22,163 - INFO - updated update_forecast 68
2024-04-12 13:42:22,163 - INFO -  update query  
        update confarimamodeloaplicado
        set procesado=TRUE,
        confarimamodeloaplicadoporc=7782.963
        where confarimacabezalid=68 and
        confarimamodeloaplicadoindice= 5
        and confarimamodeloaplicadoanio = 2026 and confarimamodeloaplicadomes = 17

    
2024-04-12 13:42:22,164 - INFO - updating with  
        update confarimamodeloaplicado
        set procesado=TRUE,
        confarimamodeloaplicadoporc=7782.963
        where confarimacabezalid=68 and
        confarimamodeloaplicadoindice= 5
        and confarimamodeloaplicadoanio = 2026 and confarimamodeloaplicadomes = 18

     for 68
2024-04-12 13:42:22,167 - INFO - updated update_forecast 68
2024-04-12 13:42:22,168 - INFO -  update query  
        update confarimamodeloaplicado
        set procesado=TRUE,
        confarimamodeloaplicadoporc=7782.963
        where confarimacabezalid=68 and
        confarimamodeloaplicadoindice= 5
        and confarimamodeloaplicadoanio = 2026 and confarimamodeloaplicadomes = 18

    
2024-04-12 13:42:22,168 - INFO - updating with  
        update confarimamodeloaplicado
        set procesado=TRUE,
        confarimamodeloaplicadoporc=7782.963
        where confarimacabezalid=68 and
        confarimamodeloaplicadoindice= 5
        and confarimamodeloaplicadoanio = 2027 and confarimamodeloaplicadomes = 1

     for 68
2024-04-12 13:42:22,171 - INFO - updated update_forecast 68
2024-04-12 13:42:22,171 - INFO -  update query  
        update confarimamodeloaplicado
        set procesado=TRUE,
        confarimamodeloaplicadoporc=7782.963
        where confarimacabezalid=68 and
        confarimamodeloaplicadoindice= 5
        and confarimamodeloaplicadoanio = 2027 and confarimamodeloaplicadomes = 1

    
2024-04-12 13:42:22,172 - INFO - updating with  
        update confarimamodeloaplicado
        set procesado=TRUE,
        confarimamodeloaplicadoporc=7782.963
        where confarimacabezalid=68 and
        confarimamodeloaplicadoindice= 5
        and confarimamodeloaplicadoanio = 2027 and confarimamodeloaplicadomes = 2

     for 68
2024-04-12 13:42:22,174 - INFO - updated update_forecast 68
2024-04-12 13:42:22,175 - INFO -  update query  
        update confarimamodeloaplicado
        set procesado=TRUE,
        confarimamodeloaplicadoporc=7782.963
        where confarimacabezalid=68 and
        confarimamodeloaplicadoindice= 5
        and confarimamodeloaplicadoanio = 2027 and confarimamodeloaplicadomes = 2

    
2024-04-12 13:42:22,175 - INFO - updating with  
        update confarimamodeloaplicado
        set procesado=TRUE,
        confarimamodeloaplicadoporc=7782.963
        where confarimacabezalid=68 and
        confarimamodeloaplicadoindice= 5
        and confarimamodeloaplicadoanio = 2027 and confarimamodeloaplicadomes = 3

     for 68
2024-04-12 13:42:22,178 - INFO - updated update_forecast 68
2024-04-12 13:42:22,178 - INFO -  update query  
        update confarimamodeloaplicado
        set procesado=TRUE,
        confarimamodeloaplicadoporc=7782.963
        where confarimacabezalid=68 and
        confarimamodeloaplicadoindice= 5
        and confarimamodeloaplicadoanio = 2027 and confarimamodeloaplicadomes = 3

    
2024-04-12 13:42:22,179 - INFO - updating with  
        update confarimamodeloaplicado
        set procesado=TRUE,
        confarimamodeloaplicadoporc=7782.963
        where confarimacabezalid=68 and
        confarimamodeloaplicadoindice= 5
        and confarimamodeloaplicadoanio = 2027 and confarimamodeloaplicadomes = 4

     for 68
2024-04-12 13:42:22,181 - INFO - updated update_forecast 68
2024-04-12 13:42:22,182 - INFO -  update query  
        update confarimamodeloaplicado
        set procesado=TRUE,
        confarimamodeloaplicadoporc=7782.963
        where confarimacabezalid=68 and
        confarimamodeloaplicadoindice= 5
        and confarimamodeloaplicadoanio = 2027 and confarimamodeloaplicadomes = 4

    
2024-04-12 13:42:22,182 - INFO - updating with  
        update confarimamodeloaplicado
        set procesado=TRUE,
        confarimamodeloaplicadoporc=7782.963
        where confarimacabezalid=68 and
        confarimamodeloaplicadoindice= 5
        and confarimamodeloaplicadoanio = 2027 and confarimamodeloaplicadomes = 5

     for 68
2024-04-12 13:42:22,185 - INFO - updated update_forecast 68
2024-04-12 13:42:22,185 - INFO -  update query  
        update confarimamodeloaplicado
        set procesado=TRUE,
        confarimamodeloaplicadoporc=7782.963
        where confarimacabezalid=68 and
        confarimamodeloaplicadoindice= 5
        and confarimamodeloaplicadoanio = 2027 and confarimamodeloaplicadomes = 5

    
2024-04-12 13:42:22,185 - INFO - updating with  
        update confarimamodeloaplicado
        set procesado=TRUE,
        confarimamodeloaplicadoporc=7782.963
        where confarimacabezalid=68 and
        confarimamodeloaplicadoindice= 5
        and confarimamodeloaplicadoanio = 2027 and confarimamodeloaplicadomes = 6

     for 68
2024-04-12 13:42:22,188 - INFO - updated update_forecast 68
2024-04-12 13:42:22,188 - INFO -  update query  
        update confarimamodeloaplicado
        set procesado=TRUE,
        confarimamodeloaplicadoporc=7782.963
        where confarimacabezalid=68 and
        confarimamodeloaplicadoindice= 5
        and confarimamodeloaplicadoanio = 2027 and confarimamodeloaplicadomes = 6

    
2024-04-12 13:42:22,188 - INFO - updating with  
        update confarimamodeloaplicado
        set procesado=TRUE,
        confarimamodeloaplicadoporc=7782.963
        where confarimacabezalid=68 and
        confarimamodeloaplicadoindice= 5
        and confarimamodeloaplicadoanio = 2027 and confarimamodeloaplicadomes = 7

     for 68
2024-04-12 13:42:22,191 - INFO - updated update_forecast 68
2024-04-12 13:42:22,191 - INFO -  update query  
        update confarimamodeloaplicado
        set procesado=TRUE,
        confarimamodeloaplicadoporc=7782.963
        where confarimacabezalid=68 and
        confarimamodeloaplicadoindice= 5
        and confarimamodeloaplicadoanio = 2027 and confarimamodeloaplicadomes = 7

    
2024-04-12 13:42:22,192 - INFO - updating with  
        update confarimamodeloaplicado
        set procesado=TRUE,
        confarimamodeloaplicadoporc=7782.963
        where confarimacabezalid=68 and
        confarimamodeloaplicadoindice= 5
        and confarimamodeloaplicadoanio = 2027 and confarimamodeloaplicadomes = 8

     for 68
2024-04-12 13:42:22,195 - INFO - updated update_forecast 68
2024-04-12 13:42:22,195 - INFO -  update query  
        update confarimamodeloaplicado
        set procesado=TRUE,
        confarimamodeloaplicadoporc=7782.963
        where confarimacabezalid=68 and
        confarimamodeloaplicadoindice= 5
        and confarimamodeloaplicadoanio = 2027 and confarimamodeloaplicadomes = 8

    
2024-04-12 13:42:22,195 - INFO - updating with  
        update confarimamodeloaplicado
        set procesado=TRUE,
        confarimamodeloaplicadoporc=7782.963
        where confarimacabezalid=68 and
        confarimamodeloaplicadoindice= 5
        and confarimamodeloaplicadoanio = 2027 and confarimamodeloaplicadomes = 9

     for 68
2024-04-12 13:42:22,200 - INFO - updated update_forecast 68
2024-04-12 13:42:22,200 - INFO -  update query  
        update confarimamodeloaplicado
        set procesado=TRUE,
        confarimamodeloaplicadoporc=7782.963
        where confarimacabezalid=68 and
        confarimamodeloaplicadoindice= 5
        and confarimamodeloaplicadoanio = 2027 and confarimamodeloaplicadomes = 9

    
2024-04-12 13:42:22,200 - INFO - updating with  
        update confarimamodeloaplicado
        set procesado=TRUE,
        confarimamodeloaplicadoporc=7782.963
        where confarimacabezalid=68 and
        confarimamodeloaplicadoindice= 5
        and confarimamodeloaplicadoanio = 2027 and confarimamodeloaplicadomes = 10

     for 68
2024-04-12 13:42:22,203 - INFO - updated update_forecast 68
2024-04-12 13:42:22,203 - INFO -  update query  
        update confarimamodeloaplicado
        set procesado=TRUE,
        confarimamodeloaplicadoporc=7782.963
        where confarimacabezalid=68 and
        confarimamodeloaplicadoindice= 5
        and confarimamodeloaplicadoanio = 2027 and confarimamodeloaplicadomes = 10

    
2024-04-12 13:42:22,203 - INFO - updating with  
        update confarimamodeloaplicado
        set procesado=TRUE,
        confarimamodeloaplicadoporc=7782.963
        where confarimacabezalid=68 and
        confarimamodeloaplicadoindice= 5
        and confarimamodeloaplicadoanio = 2027 and confarimamodeloaplicadomes = 11

     for 68
2024-04-12 13:42:22,206 - INFO - updated update_forecast 68
2024-04-12 13:42:22,206 - INFO -  update query  
        update confarimamodeloaplicado
        set procesado=TRUE,
        confarimamodeloaplicadoporc=7782.963
        where confarimacabezalid=68 and
        confarimamodeloaplicadoindice= 5
        and confarimamodeloaplicadoanio = 2027 and confarimamodeloaplicadomes = 11

    
2024-04-12 13:42:22,206 - INFO - updating with  
        update confarimamodeloaplicado
        set procesado=TRUE,
        confarimamodeloaplicadoporc=7782.963
        where confarimacabezalid=68 and
        confarimamodeloaplicadoindice= 5
        and confarimamodeloaplicadoanio = 2027 and confarimamodeloaplicadomes = 12

     for 68
2024-04-12 13:42:22,209 - INFO - updated update_forecast 68
2024-04-12 13:42:22,209 - INFO -  update query  
        update confarimamodeloaplicado
        set procesado=TRUE,
        confarimamodeloaplicadoporc=7782.963
        where confarimacabezalid=68 and
        confarimamodeloaplicadoindice= 5
        and confarimamodeloaplicadoanio = 2027 and confarimamodeloaplicadomes = 12

    
2024-04-12 13:42:22,210 - INFO - updating with  
        update confarimamodeloaplicado
        set procesado=TRUE,
        confarimamodeloaplicadoporc=7782.963
        where confarimacabezalid=68 and
        confarimamodeloaplicadoindice= 5
        and confarimamodeloaplicadoanio = 2027 and confarimamodeloaplicadomes = 13

     for 68
2024-04-12 13:42:22,212 - INFO - updated update_forecast 68
2024-04-12 13:42:22,212 - INFO -  update query  
        update confarimamodeloaplicado
        set procesado=TRUE,
        confarimamodeloaplicadoporc=7782.963
        where confarimacabezalid=68 and
        confarimamodeloaplicadoindice= 5
        and confarimamodeloaplicadoanio = 2027 and confarimamodeloaplicadomes = 13

    
2024-04-12 13:42:22,213 - INFO - updating with  
        update confarimamodeloaplicado
        set procesado=TRUE,
        confarimamodeloaplicadoporc=7782.963
        where confarimacabezalid=68 and
        confarimamodeloaplicadoindice= 5
        and confarimamodeloaplicadoanio = 2027 and confarimamodeloaplicadomes = 14

     for 68
2024-04-12 13:42:22,216 - INFO - updated update_forecast 68
2024-04-12 13:42:22,216 - INFO -  update query  
        update confarimamodeloaplicado
        set procesado=TRUE,
        confarimamodeloaplicadoporc=7782.963
        where confarimacabezalid=68 and
        confarimamodeloaplicadoindice= 5
        and confarimamodeloaplicadoanio = 2027 and confarimamodeloaplicadomes = 14

    
2024-04-12 13:42:22,216 - INFO - updating with  
        update confarimamodeloaplicado
        set procesado=TRUE,
        confarimamodeloaplicadoporc=7782.963
        where confarimacabezalid=68 and
        confarimamodeloaplicadoindice= 5
        and confarimamodeloaplicadoanio = 2027 and confarimamodeloaplicadomes = 15

     for 68
2024-04-12 13:42:22,219 - INFO - updated update_forecast 68
2024-04-12 13:42:22,219 - INFO -  update query  
        update confarimamodeloaplicado
        set procesado=TRUE,
        confarimamodeloaplicadoporc=7782.963
        where confarimacabezalid=68 and
        confarimamodeloaplicadoindice= 5
        and confarimamodeloaplicadoanio = 2027 and confarimamodeloaplicadomes = 15

    
2024-04-12 13:42:22,220 - INFO - updating with  
        update confarimamodeloaplicado
        set procesado=TRUE,
        confarimamodeloaplicadoporc=7782.963
        where confarimacabezalid=68 and
        confarimamodeloaplicadoindice= 5
        and confarimamodeloaplicadoanio = 2027 and confarimamodeloaplicadomes = 16

     for 68
2024-04-12 13:42:22,222 - INFO - updated update_forecast 68
2024-04-12 13:42:22,222 - INFO -  update query  
        update confarimamodeloaplicado
        set procesado=TRUE,
        confarimamodeloaplicadoporc=7782.963
        where confarimacabezalid=68 and
        confarimamodeloaplicadoindice= 5
        and confarimamodeloaplicadoanio = 2027 and confarimamodeloaplicadomes = 16

    
2024-04-12 13:42:22,222 - INFO - updating with  
        update confarimamodeloaplicado
        set procesado=TRUE,
        confarimamodeloaplicadoporc=7782.963
        where confarimacabezalid=68 and
        confarimamodeloaplicadoindice= 5
        and confarimamodeloaplicadoanio = 2027 and confarimamodeloaplicadomes = 17

     for 68
2024-04-12 13:42:22,225 - INFO - updated update_forecast 68
2024-04-12 13:42:22,225 - INFO -  update query  
        update confarimamodeloaplicado
        set procesado=TRUE,
        confarimamodeloaplicadoporc=7782.963
        where confarimacabezalid=68 and
        confarimamodeloaplicadoindice= 5
        and confarimamodeloaplicadoanio = 2027 and confarimamodeloaplicadomes = 17

    
2024-04-12 13:42:22,226 - INFO - updating with  
        update confarimamodeloaplicado
        set procesado=TRUE,
        confarimamodeloaplicadoporc=7782.963
        where confarimacabezalid=68 and
        confarimamodeloaplicadoindice= 5
        and confarimamodeloaplicadoanio = 2027 and confarimamodeloaplicadomes = 18

     for 68
2024-04-12 13:42:22,228 - INFO - updated update_forecast 68
2024-04-12 13:42:22,228 - INFO -  update query  
        update confarimamodeloaplicado
        set procesado=TRUE,
        confarimamodeloaplicadoporc=7782.963
        where confarimacabezalid=68 and
        confarimamodeloaplicadoindice= 5
        and confarimamodeloaplicadoanio = 2027 and confarimamodeloaplicadomes = 18

    
2024-04-12 13:42:22,228 - INFO - updating with  
        update confarimamodeloaplicado
        set procesado=TRUE,
        confarimamodeloaplicadoporc=7782.963
        where confarimacabezalid=68 and
        confarimamodeloaplicadoindice= 5
        and confarimamodeloaplicadoanio = 2028 and confarimamodeloaplicadomes = 1

     for 68
2024-04-12 13:42:22,231 - INFO - updated update_forecast 68
2024-04-12 13:42:22,231 - INFO -  update query  
        update confarimamodeloaplicado
        set procesado=TRUE,
        confarimamodeloaplicadoporc=7782.963
        where confarimacabezalid=68 and
        confarimamodeloaplicadoindice= 5
        and confarimamodeloaplicadoanio = 2028 and confarimamodeloaplicadomes = 1

    
2024-04-12 13:42:22,232 - INFO - updating with  
        update confarimamodeloaplicado
        set procesado=TRUE,
        confarimamodeloaplicadoporc=7782.963
        where confarimacabezalid=68 and
        confarimamodeloaplicadoindice= 5
        and confarimamodeloaplicadoanio = 2028 and confarimamodeloaplicadomes = 2

     for 68
2024-04-12 13:42:22,234 - INFO - updated update_forecast 68
2024-04-12 13:42:22,234 - INFO -  update query  
        update confarimamodeloaplicado
        set procesado=TRUE,
        confarimamodeloaplicadoporc=7782.963
        where confarimacabezalid=68 and
        confarimamodeloaplicadoindice= 5
        and confarimamodeloaplicadoanio = 2028 and confarimamodeloaplicadomes = 2

    
2024-04-12 13:42:22,235 - INFO - updating with  
        update confarimamodeloaplicado
        set procesado=TRUE,
        confarimamodeloaplicadoporc=7782.963
        where confarimacabezalid=68 and
        confarimamodeloaplicadoindice= 5
        and confarimamodeloaplicadoanio = 2028 and confarimamodeloaplicadomes = 3

     for 68
2024-04-12 13:42:22,237 - INFO - updated update_forecast 68
2024-04-12 13:42:22,237 - INFO -  update query  
        update confarimamodeloaplicado
        set procesado=TRUE,
        confarimamodeloaplicadoporc=7782.963
        where confarimacabezalid=68 and
        confarimamodeloaplicadoindice= 5
        and confarimamodeloaplicadoanio = 2028 and confarimamodeloaplicadomes = 3

    
2024-04-12 13:42:22,238 - INFO - updating with  
        update confarimamodeloaplicado
        set procesado=TRUE,
        confarimamodeloaplicadoporc=7782.963
        where confarimacabezalid=68 and
        confarimamodeloaplicadoindice= 5
        and confarimamodeloaplicadoanio = 2028 and confarimamodeloaplicadomes = 4

     for 68
2024-04-12 13:42:22,240 - INFO - updated update_forecast 68
2024-04-12 13:42:22,240 - INFO -  update query  
        update confarimamodeloaplicado
        set procesado=TRUE,
        confarimamodeloaplicadoporc=7782.963
        where confarimacabezalid=68 and
        confarimamodeloaplicadoindice= 5
        and confarimamodeloaplicadoanio = 2028 and confarimamodeloaplicadomes = 4

    
2024-04-12 13:42:22,240 - INFO - updating with  
        update confarimamodeloaplicado
        set procesado=TRUE,
        confarimamodeloaplicadoporc=7782.963
        where confarimacabezalid=68 and
        confarimamodeloaplicadoindice= 5
        and confarimamodeloaplicadoanio = 2028 and confarimamodeloaplicadomes = 5

     for 68
2024-04-12 13:42:22,243 - INFO - updated update_forecast 68
2024-04-12 13:42:22,243 - INFO -  update query  
        update confarimamodeloaplicado
        set procesado=TRUE,
        confarimamodeloaplicadoporc=7782.963
        where confarimacabezalid=68 and
        confarimamodeloaplicadoindice= 5
        and confarimamodeloaplicadoanio = 2028 and confarimamodeloaplicadomes = 5

    
2024-04-12 13:42:22,243 - INFO - updating with  
        update confarimamodeloaplicado
        set procesado=TRUE,
        confarimamodeloaplicadoporc=7782.963
        where confarimacabezalid=68 and
        confarimamodeloaplicadoindice= 5
        and confarimamodeloaplicadoanio = 2028 and confarimamodeloaplicadomes = 6

     for 68
2024-04-12 13:42:22,246 - INFO - updated update_forecast 68
2024-04-12 13:42:22,246 - INFO -  update query  
        update confarimamodeloaplicado
        set procesado=TRUE,
        confarimamodeloaplicadoporc=7782.963
        where confarimacabezalid=68 and
        confarimamodeloaplicadoindice= 5
        and confarimamodeloaplicadoanio = 2028 and confarimamodeloaplicadomes = 6

    
2024-04-12 13:42:22,246 - INFO - updating with  
        update confarimamodeloaplicado
        set procesado=TRUE,
        confarimamodeloaplicadoporc=7782.963
        where confarimacabezalid=68 and
        confarimamodeloaplicadoindice= 5
        and confarimamodeloaplicadoanio = 2028 and confarimamodeloaplicadomes = 7

     for 68
2024-04-12 13:42:22,248 - INFO - updated update_forecast 68
2024-04-12 13:42:22,249 - INFO -  update query  
        update confarimamodeloaplicado
        set procesado=TRUE,
        confarimamodeloaplicadoporc=7782.963
        where confarimacabezalid=68 and
        confarimamodeloaplicadoindice= 5
        and confarimamodeloaplicadoanio = 2028 and confarimamodeloaplicadomes = 7

    
2024-04-12 13:42:22,249 - INFO - updating with  
        update confarimamodeloaplicado
        set procesado=TRUE,
        confarimamodeloaplicadoporc=7782.963
        where confarimacabezalid=68 and
        confarimamodeloaplicadoindice= 5
        and confarimamodeloaplicadoanio = 2028 and confarimamodeloaplicadomes = 8

     for 68
2024-04-12 13:42:22,251 - INFO - updated update_forecast 68
2024-04-12 13:42:22,252 - INFO -  update query  
        update confarimamodeloaplicado
        set procesado=TRUE,
        confarimamodeloaplicadoporc=7782.963
        where confarimacabezalid=68 and
        confarimamodeloaplicadoindice= 5
        and confarimamodeloaplicadoanio = 2028 and confarimamodeloaplicadomes = 8

    
2024-04-12 13:42:22,252 - INFO - updating with  
        update confarimamodeloaplicado
        set procesado=TRUE,
        confarimamodeloaplicadoporc=7782.963
        where confarimacabezalid=68 and
        confarimamodeloaplicadoindice= 5
        and confarimamodeloaplicadoanio = 2028 and confarimamodeloaplicadomes = 9

     for 68
2024-04-12 13:42:22,254 - INFO - updated update_forecast 68
2024-04-12 13:42:22,255 - INFO -  update query  
        update confarimamodeloaplicado
        set procesado=TRUE,
        confarimamodeloaplicadoporc=7782.963
        where confarimacabezalid=68 and
        confarimamodeloaplicadoindice= 5
        and confarimamodeloaplicadoanio = 2028 and confarimamodeloaplicadomes = 9

    
2024-04-12 13:42:22,255 - INFO - updating with  
        update confarimamodeloaplicado
        set procesado=TRUE,
        confarimamodeloaplicadoporc=7782.963
        where confarimacabezalid=68 and
        confarimamodeloaplicadoindice= 5
        and confarimamodeloaplicadoanio = 2028 and confarimamodeloaplicadomes = 10

     for 68
2024-04-12 13:42:22,258 - INFO - updated update_forecast 68
2024-04-12 13:42:22,258 - INFO -  update query  
        update confarimamodeloaplicado
        set procesado=TRUE,
        confarimamodeloaplicadoporc=7782.963
        where confarimacabezalid=68 and
        confarimamodeloaplicadoindice= 5
        and confarimamodeloaplicadoanio = 2028 and confarimamodeloaplicadomes = 10

    
2024-04-12 13:42:22,259 - INFO - updating with  
        update confarimamodeloaplicado
        set procesado=TRUE,
        confarimamodeloaplicadoporc=7782.963
        where confarimacabezalid=68 and
        confarimamodeloaplicadoindice= 5
        and confarimamodeloaplicadoanio = 2028 and confarimamodeloaplicadomes = 11

     for 68
2024-04-12 13:42:22,262 - INFO - updated update_forecast 68
2024-04-12 13:42:22,262 - INFO -  update query  
        update confarimamodeloaplicado
        set procesado=TRUE,
        confarimamodeloaplicadoporc=7782.963
        where confarimacabezalid=68 and
        confarimamodeloaplicadoindice= 5
        and confarimamodeloaplicadoanio = 2028 and confarimamodeloaplicadomes = 11

    
2024-04-12 13:42:22,263 - INFO - updating with  
        update confarimamodeloaplicado
        set procesado=TRUE,
        confarimamodeloaplicadoporc=7782.963
        where confarimacabezalid=68 and
        confarimamodeloaplicadoindice= 5
        and confarimamodeloaplicadoanio = 2028 and confarimamodeloaplicadomes = 12

     for 68
2024-04-12 13:42:22,267 - INFO - updated update_forecast 68
2024-04-12 13:42:22,267 - INFO -  update query  
        update confarimamodeloaplicado
        set procesado=TRUE,
        confarimamodeloaplicadoporc=7782.963
        where confarimacabezalid=68 and
        confarimamodeloaplicadoindice= 5
        and confarimamodeloaplicadoanio = 2028 and confarimamodeloaplicadomes = 12

    
2024-04-12 13:42:22,267 - INFO - updating with  
        update confarimamodeloaplicado
        set procesado=TRUE,
        confarimamodeloaplicadoporc=7782.963
        where confarimacabezalid=68 and
        confarimamodeloaplicadoindice= 5
        and confarimamodeloaplicadoanio = 2028 and confarimamodeloaplicadomes = 13

     for 68
2024-04-12 13:42:22,271 - INFO - updated update_forecast 68
2024-04-12 13:42:22,271 - INFO -  update query  
        update confarimamodeloaplicado
        set procesado=TRUE,
        confarimamodeloaplicadoporc=7782.963
        where confarimacabezalid=68 and
        confarimamodeloaplicadoindice= 5
        and confarimamodeloaplicadoanio = 2028 and confarimamodeloaplicadomes = 13

    
2024-04-12 13:42:22,271 - INFO - updating with  
        update confarimamodeloaplicado
        set procesado=TRUE,
        confarimamodeloaplicadoporc=7782.963
        where confarimacabezalid=68 and
        confarimamodeloaplicadoindice= 5
        and confarimamodeloaplicadoanio = 2028 and confarimamodeloaplicadomes = 14

     for 68
2024-04-12 13:42:22,275 - INFO - updated update_forecast 68
2024-04-12 13:42:22,275 - INFO -  update query  
        update confarimamodeloaplicado
        set procesado=TRUE,
        confarimamodeloaplicadoporc=7782.963
        where confarimacabezalid=68 and
        confarimamodeloaplicadoindice= 5
        and confarimamodeloaplicadoanio = 2028 and confarimamodeloaplicadomes = 14

    
2024-04-12 13:42:22,276 - INFO - updating with  
        update confarimamodeloaplicado
        set procesado=TRUE,
        confarimamodeloaplicadoporc=7782.963
        where confarimacabezalid=68 and
        confarimamodeloaplicadoindice= 5
        and confarimamodeloaplicadoanio = 2028 and confarimamodeloaplicadomes = 15

     for 68
2024-04-12 13:42:22,280 - INFO - updated update_forecast 68
2024-04-12 13:42:22,280 - INFO -  update query  
        update confarimamodeloaplicado
        set procesado=TRUE,
        confarimamodeloaplicadoporc=7782.963
        where confarimacabezalid=68 and
        confarimamodeloaplicadoindice= 5
        and confarimamodeloaplicadoanio = 2028 and confarimamodeloaplicadomes = 15

    
2024-04-12 13:42:22,281 - INFO - updating with  
        update confarimamodeloaplicado
        set procesado=TRUE,
        confarimamodeloaplicadoporc=7782.963
        where confarimacabezalid=68 and
        confarimamodeloaplicadoindice= 5
        and confarimamodeloaplicadoanio = 2028 and confarimamodeloaplicadomes = 16

     for 68
2024-04-12 13:42:22,284 - INFO - updated update_forecast 68
2024-04-12 13:42:22,285 - INFO -  update query  
        update confarimamodeloaplicado
        set procesado=TRUE,
        confarimamodeloaplicadoporc=7782.963
        where confarimacabezalid=68 and
        confarimamodeloaplicadoindice= 5
        and confarimamodeloaplicadoanio = 2028 and confarimamodeloaplicadomes = 16

    
2024-04-12 13:42:22,285 - INFO - updating with  
        update confarimamodeloaplicado
        set procesado=TRUE,
        confarimamodeloaplicadoporc=7782.963
        where confarimacabezalid=68 and
        confarimamodeloaplicadoindice= 5
        and confarimamodeloaplicadoanio = 2028 and confarimamodeloaplicadomes = 17

     for 68
2024-04-12 13:42:22,288 - INFO - updated update_forecast 68
2024-04-12 13:42:22,288 - INFO -  update query  
        update confarimamodeloaplicado
        set procesado=TRUE,
        confarimamodeloaplicadoporc=7782.963
        where confarimacabezalid=68 and
        confarimamodeloaplicadoindice= 5
        and confarimamodeloaplicadoanio = 2028 and confarimamodeloaplicadomes = 17

    
2024-04-12 13:42:22,289 - INFO - updating with  
        update confarimamodeloaplicado
        set procesado=TRUE,
        confarimamodeloaplicadoporc=7782.963
        where confarimacabezalid=68 and
        confarimamodeloaplicadoindice= 5
        and confarimamodeloaplicadoanio = 2028 and confarimamodeloaplicadomes = 18

     for 68
2024-04-12 13:42:22,292 - INFO - updated update_forecast 68
2024-04-12 13:42:22,292 - INFO -  update query  
        update confarimamodeloaplicado
        set procesado=TRUE,
        confarimamodeloaplicadoporc=7782.963
        where confarimacabezalid=68 and
        confarimamodeloaplicadoindice= 5
        and confarimamodeloaplicadoanio = 2028 and confarimamodeloaplicadomes = 18

    
